profile_id,profile_visibility,phone_public,email_public,birthday_public,location_public,workplace_public,education_public,relationship_public,posts_public,location_tagging,travel_posts,unknown_connections,tag_review_enabled,third_party_apps_reviewed,mfa_enabled,login_alerts_enabled,password_reuse_reported,suspicious_link_awareness,old_posts_reviewed,privacy_settings_reviewed,risk_score,risk_level,cat_profile,cat_personal,cat_location,cat_content,cat_connections,cat_tagging,cat_account,cat_apps,cat_social_eng,cat_footprint,A1,A2,A3,A4,B1,B2,B3,B4,B5,B6,B7,C1,C2,C3,C4,C5,C6,D1,D2,D3,D4,E1,E2,E3,E4,F1,F2,F3,F4,G1,G2,G3,G4,G5,G6,G7,H1,H2,H3,H4,I1,I2,I3,I4,I5,I6,J1,J2,J3,J4,J5
SYN-0001,NOT_SURE,YES,YES,NOT_SURE,YES,NO,NOT_SURE,NOT_SURE,FRIENDS,SOMETIMES,YES,YES,NO,SOMETIMES,NO,NOT_SURE,YES,NOT_SURE,SOMETIMES,NOT_SURE,77,CRITICAL,80,66,72,71,96,94,86,55,76,69,NOT_SURE,YES,PUBLIC,SOMETIMES,YES,YES,NOT_SURE,NOT_SURE,NO,NOT_SURE,NOT_SURE,NOT_SURE,SOMETIMES,SOMETIMES,YES,YES,SOMETIMES,FRIENDS,NOT_SURE,YES,YES,YES,YES,NOT_SURE,YES,YES,NO,NOT_SURE,YES,NO,YES,SOMETIMES,NOT_SURE,NOT_SURE,NOT_SURE,NO,SOMETIMES,NOT_SURE,SOMETIMES,SOMETIMES,NOT_SURE,NOT_SURE,YES,NOT_SURE,SOMETIMES,NO,SOMETIMES,YES,NOT_SURE,NOT_SURE,NOT_SURE
SYN-0002,NOT_SURE,NOT_SURE,NOT_SURE,YES,YES,NOT_SURE,YES,NOT_SURE,PUBLIC,SOMETIMES,NOT_SURE,YES,NO,SOMETIMES,SOMETIMES,SOMETIMES,NOT_SURE,YES,NO,NO,77,CRITICAL,87,69,86,95,77,100,57,68,65,89,NOT_SURE,YES,PUBLIC,YES,NOT_SURE,NOT_SURE,YES,NOT_SURE,NOT_SURE,YES,NOT_SURE,YES,SOMETIMES,YES,YES,NOT_SURE,YES,PUBLIC,YES,YES,NOT_SURE,YES,NOT_SURE,NOT_SURE,SOMETIMES,YES,NO,YES,YES,SOMETIMES,NOT_SURE,SOMETIMES,SOMETIMES,NOT_SURE,NOT_SURE,NOT_SURE,SOMETIMES,NO,NOT_SURE,SOMETIMES,YES,YES,NOT_SURE,NOT_SURE,SOMETIMES,YES,NO,SOMETIMES,NOT_SURE,NO,NO
SYN-0003,FRIENDS,NOT_SURE,YES,NOT_SURE,NOT_SURE,NOT_SURE,NO,YES,NOT_SURE,SOMETIMES,SOMETIMES,YES,NO,NO,NOT_SURE,NO,YES,SOMETIMES,NO,SOMETIMES,71,CRITICAL,71,73,56,64,81,87,77,80,68,71,FRIENDS,YES,PUBLIC,SOMETIMES,NOT_SURE,YES,NOT_SURE,YES,NOT_SURE,NO,YES,NOT_SURE,SOMETIMES,NOT_SURE,NOT_SURE,SOMETIMES,SOMETIMES,NOT_SURE,SOMETIMES,SOMETIMES,YES,YES,NOT_SURE,SOMETIMES,YES,YES,NO,SOMETIMES,NOT_SURE,NOT_SURE,YES,SOMETIMES,NO,SOMETIMES,NOT_SURE,NOT_SURE,NO,SOMETIMES,NOT_SURE,YES,NOT_SURE,SOMETIMES,YES,NOT_SURE,NOT_SURE,SOMETIMES,NO,NOT_SURE,NOT_SURE,SOMETIMES,NOT_SURE
SYN-0004,NOT_SURE,NO,NOT_SURE,NOT_SURE,YES,NOT_SURE,NOT_SURE,NOT_SURE,FRIENDS,NOT_SURE,NOT_SURE,NOT_SURE,SOMETIMES,NOT_SURE,NOT_SURE,SOMETIMES,YES,NOT_SURE,YES,SOMETIMES,60,HIGH,76,47,75,46,57,54,78,34,59,36,NOT_SURE,YES,NOT_SURE,SOMETIMES,NO,NOT_SURE,NOT_SURE,NOT_SURE,NOT_SURE,NOT_SURE,NOT_SURE,NOT_SURE,NOT_SURE,YES,YES,NOT_SURE,SOMETIMES,FRIENDS,NOT_SURE,SOMETIMES,NO,NOT_SURE,NOT_SURE,SOMETIMES,SOMETIMES,NOT_SURE,SOMETIMES,SOMETIMES,NOT_SURE,NOT_SURE,YES,SOMETIMES,SOMETIMES,NO,NO,NOT_SURE,NOT_SURE,YES,YES,NOT_SURE,SOMETIMES,NOT_SURE,NOT_SURE,SOMETIMES,NOT_SURE,NOT_SURE,YES,SOMETIMES,SOMETIMES,SOMETIMES,SOMETIMES
SYN-0005,FRIENDS,NOT_SURE,NOT_SURE,NOT_SURE,NOT_SURE,NOT_SURE,NOT_SURE,YES,FRIENDS,SOMETIMES,NO,SOMETIMES,NOT_SURE,NOT_SURE,YES,SOMETIMES,NOT_SURE,NO,SOMETIMES,NO,50,HIGH,29,71,45,56,69,44,44,70,11,71,FRIENDS,NO,PRIVATE,SOMETIMES,NOT_SURE,NOT_SURE,NOT_SURE,YES,NOT_SURE,NOT_SURE,YES,SOMETIMES,SOMETIMES,SOMETIMES,NOT_SURE,NO,SOMETIMES,FRIENDS,NOT_SURE,NOT_SURE,NOT_SURE,SOMETIMES,YES,NOT_SURE,NOT_SURE,NO,NOT_SURE,SOMETIMES,SOMETIMES,YES,NOT_SURE,NO,SOMETIMES,SOMETIMES,NOT_SURE,NOT_SURE,NOT_SURE,NO,SOMETIMES,SOMETIMES,SOMETIMES,NO,NO,NO,SOMETIMES,YES,SOMETIMES,NOT_SURE,NOT_SURE,NO,NOT_SURE
SYN-0006,PRIVATE,NO,NO,NO,NOT_SURE,NO,NO,NO,FRIENDS,NO,SOMETIMES,NO,SOMETIMES,YES,YES,YES,NO,SOMETIMES,YES,YES,12,LOW,0,0,25,31,0,46,4,0,18,7,PRIVATE,NO,PRIVATE,NO,NO,NO,NO,NO,NO,NO,NO,NO,NO,NO,NOT_SURE,SOMETIMES,SOMETIMES,FRIENDS,SOMETIMES,NO,NO,NO,NO,YES,NO,NOT_SURE,SOMETIMES,SOMETIMES,NO,YES,NO,YES,YES,YES,YES,SOMETIMES,YES,YES,YES,NO,SOMETIMES,SOMETIMES,NO,NO,NO,YES,YES,NO,YES,YES,SOMETIMES
SYN-0007,PUBLIC,YES,NOT_SURE,NOT_SURE,YES,NOT_SURE,YES,NOT_SURE,PUBLIC,SOMETIMES,SOMETIMES,YES,SOMETIMES,NOT_SURE,NOT_SURE,NO,NOT_SURE,YES,SOMETIMES,SOMETIMES,75,CRITICAL,79,80,65,83,89,56,77,75,69,63,PUBLIC,NOT_SURE,NOT_SURE,NOT_SURE,YES,NOT_SURE,NOT_SURE,YES,NOT_SURE,YES,NOT_SURE,NOT_SURE,SOMETIMES,NOT_SURE,YES,SOMETIMES,SOMETIMES,PUBLIC,YES,SOMETIMES,NOT_SURE,YES,YES,NOT_SURE,SOMETIMES,NOT_SURE,SOMETIMES,NOT_SURE,NOT_SURE,NOT_SURE,NOT_SURE,NOT_SURE,NO,NOT_SURE,NO,NO,NOT_SURE,NOT_SURE,NO,SOMETIMES,SOMETIMES,YES,SOMETIMES,SOMETIMES,NOT_SURE,NO,SOMETIMES,YES,NOT_SURE,SOMETIMES,NOT_SURE
SYN-0008,FRIENDS,YES,YES,NOT_SURE,NOT_SURE,NO,NOT_SURE,NOT_SURE,NOT_SURE,NOT_SURE,YES,YES,NOT_SURE,NOT_SURE,SOMETIMES,NOT_SURE,YES,NOT_SURE,SOMETIMES,NOT_SURE,71,CRITICAL,54,66,85,64,86,81,69,76,67,61,FRIENDS,SOMETIMES,NOT_SURE,NOT_SURE,YES,YES,NOT_SURE,NOT_SURE,NO,NOT_SURE,NOT_SURE,YES,NOT_SURE,YES,NOT_SURE,YES,YES,NOT_SURE,NOT_SURE,NOT_SURE,NOT_SURE,YES,YES,SOMETIMES,SOMETIMES,YES,NOT_SURE,NOT_SURE,YES,SOMETIMES,YES,SOMETIMES,NOT_SURE,NOT_SURE,NOT_SURE,NOT_SURE,NOT_SURE,NO,NOT_SURE,NOT_SURE,YES,NOT_SURE,NOT_SURE,NOT_SURE,NOT_SURE,NOT_SURE,SOMETIMES,SOMETIMES,NOT_SURE,NOT_SURE,NOT_SURE
SYN-0009,PUBLIC,NOT_SURE,NOT_SURE,YES,YES,NO,NO,NOT_SURE,FRIENDS,YES,YES,YES,SOMETIMES,SOMETIMES,NOT_SURE,NO,SOMETIMES,NOT_SURE,SOMETIMES,SOMETIMES,69,HIGH,83,53,85,51,84,61,78,61,67,46,PUBLIC,NOT_SURE,PUBLIC,NOT_SURE,NOT_SURE,NOT_SURE,YES,NOT_SURE,NO,NO,NOT_SURE,SOMETIMES,YES,YES,YES,YES,NOT_SURE,FRIENDS,SOMETIMES,SOMETIMES,NOT_SURE,YES,NOT_SURE,NOT_SURE,YES,NOT_SURE,SOMETIMES,YES,NOT_SURE,NOT_SURE,SOMETIMES,NO,NO,NO,NOT_SURE,NO,SOMETIMES,NOT_SURE,SOMETIMES,YES,YES,NOT_SURE,SOMETIMES,YES,NOT_SURE,SOMETIMES,SOMETIMES,NO,NOT_SURE,SOMETIMES,SOMETIMES
SYN-0010,NOT_SURE,NO,NOT_SURE,NOT_SURE,YES,YES,NO,NOT_SURE,NOT_SURE,YES,SOMETIMES,NOT_SURE,NOT_SURE,SOMETIMES,NO,SOMETIMES,SOMETIMES,YES,SOMETIMES,YES,72,CRITICAL,70,49,79,73,83,69,76,61,100,44,NOT_SURE,NOT_SURE,PUBLIC,NOT_SURE,NO,NOT_SURE,NOT_SURE,NOT_SURE,YES,NO,NOT_SURE,NOT_SURE,YES,YES,YES,SOMETIMES,SOMETIMES,NOT_SURE,YES,NOT_SURE,SOMETIMES,NOT_SURE,YES,NO,YES,NOT_SURE,NOT_SURE,YES,SOMETIMES,NO,SOMETIMES,NO,SOMETIMES,NO,SOMETIMES,NOT_SURE,SOMETIMES,SOMETIMES,NOT_SURE,YES,YES,YES,YES,YES,YES,NO,SOMETIMES,NOT_SURE,SOMETIMES,YES,NO
SYN-0011,NOT_SURE,NOT_SURE,NOT_SURE,NOT_SURE,NOT_SURE,NOT_SURE,NOT_SURE,NOT_SURE,FRIENDS,YES,NOT_SURE,NO,SOMETIMES,SOMETIMES,NOT_SURE,NOT_SURE,YES,YES,NOT_SURE,SOMETIMES,53,HIGH,64,47,62,39,10,36,71,39,80,69,NOT_SURE,NOT_SURE,NOT_SURE,SOMETIMES,NOT_SURE,NOT_SURE,NOT_SURE,NO,NOT_SURE,NOT_SURE,NOT_SURE,SOMETIMES,YES,SOMETIMES,NOT_SURE,NOT_SURE,SOMETIMES,FRIENDS,NO,SOMETIMES,NOT_SURE,NO,NO,NOT_SURE,NO,NO,SOMETIMES,SOMETIMES,SOMETIMES,NOT_SURE,YES,NOT_SURE,NOT_SURE,SOMETIMES,SOMETIMES,SOMETIMES,SOMETIMES,YES,SOMETIMES,NOT_SURE,NOT_SURE,YES,SOMETIMES,YES,YES,NO,NOT_SURE,YES,NOT_SURE,SOMETIMES,NOT_SURE
SYN-0012,PRIVATE,NOT_SURE,NOT_SURE,NO,NO,NOT_SURE,NOT_SURE,NO,PRIVATE,NO,NO,NOT_SURE,YES,SOMETIMES,NOT_SURE,YES,SOMETIMES,NOT_SURE,SOMETIMES,YES,31,MODERATE,0,56,25,0,26,34,48,64,31,29,PRIVATE,NO,PRIVATE,NO,NOT_SURE,NOT_SURE,NO,YES,NOT_SURE,NOT_SURE,NO,SOMETIMES,NO,NOT_SURE,NO,NO,SOMETIMES,PRIVATE,NO,NO,NO,NOT_SURE,NO,YES,NO,NOT_SURE,YES,NOT_SURE,NOT_SURE,NOT_SURE,SOMETIMES,NOT_SURE,YES,YES,NO,SOMETIMES,SOMETIMES,SOMETIMES,NO,NOT_SURE,NO,NOT_SURE,NO,SOMETIMES,SOMETIMES,SOMETIMES,SOMETIMES,SOMETIMES,YES,YES,SOMETIMES
SYN-0013,PRIVATE,NO,NO,NO,NO,NO,NO,NOT_SURE,NOT_SURE,NO,NO,SOMETIMES,YES,NOT_SURE,YES,YES,NO,NO,YES,YES,15,LOW,9,4,4,26,54,0,6,39,21,0,PRIVATE,NO,PRIVATE,NOT_SURE,NO,NO,NO,NO,NO,NO,NOT_SURE,NO,NO,NO,NO,NO,SOMETIMES,NOT_SURE,NO,NO,NO,SOMETIMES,NOT_SURE,SOMETIMES,NOT_SURE,NO,YES,NO,NO,YES,NO,YES,YES,SOMETIMES,YES,YES,NOT_SURE,YES,SOMETIMES,NO,NO,NO,SOMETIMES,NO,NO,SOMETIMES,YES,NO,YES,YES,YES
SYN-0014,NOT_SURE,NOT_SURE,NOT_SURE,NOT_SURE,NOT_SURE,NO,YES,NOT_SURE,PUBLIC,YES,NOT_SURE,SOMETIMES,NOT_SURE,SOMETIMES,SOMETIMES,SOMETIMES,SOMETIMES,SOMETIMES,SOMETIMES,SOMETIMES,61,HIGH,63,54,63,80,64,67,48,60,64,46,NOT_SURE,NOT_SURE,FRIENDS,NOT_SURE,NOT_SURE,NOT_SURE,NOT_SURE,NOT_SURE,NO,YES,NOT_SURE,SOMETIMES,YES,NOT_SURE,NOT_SURE,NOT_SURE,SOMETIMES,PUBLIC,NOT_SURE,NOT_SURE,YES,SOMETIMES,YES,SOMETIMES,SOMETIMES,SOMETIMES,NOT_SURE,YES,NOT_SURE,SOMETIMES,SOMETIMES,NOT_SURE,SOMETIMES,SOMETIMES,SOMETIMES,YES,SOMETIMES,NOT_SURE,NOT_SURE,SOMETIMES,SOMETIMES,SOMETIMES,YES,SOMETIMES,SOMETIMES,SOMETIMES,SOMETIMES,NO,NOT_SURE,SOMETIMES,SOMETIMES
SYN-0015,FRIENDS,NOT_SURE,NOT_SURE,NO,NO,NO,NOT_SURE,NOT_SURE,FRIENDS,NO,NOT_SURE,YES,NO,NOT_SURE,NOT_SURE,NOT_SURE,SOMETIMES,SOMETIMES,NOT_SURE,NOT_SURE,53,HIGH,54,43,22,56,74,81,64,59,54,54,FRIENDS,SOMETIMES,NOT_SURE,NOT_SURE,NOT_SURE,NOT_SURE,NO,NOT_SURE,NO,NOT_SURE,NOT_SURE,NO,NO,SOMETIMES,NO,NOT_SURE,NOT_SURE,FRIENDS,NOT_SURE,NOT_SURE,NOT_SURE,YES,NOT_SURE,SOMETIMES,SOMETIMES,NOT_SURE,NO,YES,SOMETIMES,NOT_SURE,SOMETIMES,NOT_SURE,NOT_SURE,NOT_SURE,SOMETIMES,NOT_SURE,NOT_SURE,SOMETIMES,SOMETIMES,NOT_SURE,NOT_SURE,SOMETIMES,SOMETIMES,SOMETIMES,SOMETIMES,NOT_SURE,NOT_SURE,SOMETIMES,SOMETIMES,NOT_SURE,YES
SYN-0016,NOT_SURE,NOT_SURE,NOT_SURE,NOT_SURE,NOT_SURE,YES,NOT_SURE,YES,NOT_SURE,SOMETIMES,SOMETIMES,YES,NOT_SURE,NO,NO,NOT_SURE,SOMETIMES,NOT_SURE,SOMETIMES,NOT_SURE,68,HIGH,66,69,41,71,84,63,76,88,76,66,NOT_SURE,NOT_SURE,NOT_SURE,NOT_SURE,NOT_SURE,NOT_SURE,NOT_SURE,NOT_SURE,YES,NOT_SURE,YES,NO,SOMETIMES,SOMETIMES,NOT_SURE,SOMETIMES,SOMETIMES,NOT_SURE,YES,SOMETIMES,NOT_SURE,YES,NOT_SURE,NOT_SURE,YES,NOT_SURE,NOT_SURE,NOT_SURE,SOMETIMES,NO,SOMETIMES,NOT_SURE,NOT_SURE,NO,NOT_SURE,SOMETIMES,NO,NO,SOMETIMES,YES,YES,NOT_SURE,YES,NOT_SURE,NOT_SURE,SOMETIMES,SOMETIMES,SOMETIMES,NO,NOT_SURE,NOT_SURE
SYN-0017,PRIVATE,NO,NO,NO,NO,NO,NO,NO,FRIENDS,NO,NO,NO,YES,YES,YES,YES,NOT_SURE,NO,YES,YES,9,LOW,0,0,5,25,9,14,23,0,7,7,PRIVATE,NO,PRIVATE,NO,NO,NO,NO,NO,NO,NO,NO,NO,NO,NO,NO,NO,NOT_SURE,FRIENDS,NO,NO,SOMETIMES,NO,NO,YES,NOT_SURE,SOMETIMES,YES,NO,NO,YES,NOT_SURE,SOMETIMES,YES,SOMETIMES,YES,YES,YES,YES,YES,NO,NO,NO,NO,SOMETIMES,NO,YES,YES,SOMETIMES,YES,YES,YES
SYN-0018,NOT_SURE,NOT_SURE,NOT_SURE,NOT_SURE,NOT_SURE,NOT_SURE,NOT_SURE,NOT_SURE,NOT_SURE,SOMETIMES,YES,NO,NOT_SURE,SOMETIMES,SOMETIMES,NOT_SURE,YES,NO,NO,NOT_SURE,62,HIGH,74,60,64,66,34,80,70,68,44,69,NOT_SURE,YES,FRIENDS,NOT_SURE,NOT_SURE,NOT_SURE,NOT_SURE,NOT_SURE,NOT_SURE,NOT_SURE,NOT_SURE,SOMETIMES,SOMETIMES,SOMETIMES,NOT_SURE,YES,YES,NOT_SURE,SOMETIMES,NOT_SURE,YES,NO,NOT_SURE,NOT_SURE,SOMETIMES,YES,NOT_SURE,SOMETIMES,YES,SOMETIMES,YES,SOMETIMES,NOT_SURE,NOT_SURE,NO,SOMETIMES,SOMETIMES,NOT_SURE,NO,SOMETIMES,NOT_SURE,NO,SOMETIMES,SOMETIMES,NO,NO,NO,NO,NOT_SURE,NOT_SURE,NOT_SURE
SYN-0019,PUBLIC,NOT_SURE,NO,NOT_SURE,NOT_SURE,NOT_SURE,NOT_SURE,NOT_SURE,FRIENDS,NO,SOMETIMES,SOMETIMES,NO,SOMETIMES,YES,YES,SOMETIMES,NOT_SURE,SOMETIMES,YES,43,HIGH,71,51,37,40,47,69,33,38,20,29,PUBLIC,SOMETIMES,FRIENDS,SOMETIMES,NOT_SURE,NO,NOT_SURE,NOT_SURE,NOT_SURE,NOT_SURE,NOT_SURE,SOMETIMES,NO,NO,NOT_SURE,SOMETIMES,SOMETIMES,FRIENDS,NO,NOT_SURE,SOMETIMES,SOMETIMES,NOT_SURE,YES,NOT_SURE,NOT_SURE,NO,NOT_SURE,NO,YES,SOMETIMES,SOMETIMES,YES,NOT_SURE,NOT_SURE,NOT_SURE,SOMETIMES,SOMETIMES,YES,SOMETIMES,SOMETIMES,NOT_SURE,NO,NO,NO,YES,SOMETIMES,NO,SOMETIMES,YES,SOMETIMES
SYN-0020,FRIENDS,NO,NO,NOT_SURE,NO,NO,NO,NOT_SURE,PRIVATE,SOMETIMES,NOT_SURE,NO,YES,YES,SOMETIMES,SOMETIMES,NOT_SURE,NOT_SURE,SOMETIMES,YES,31,MODERATE,49,13,31,38,24,9,45,13,44,29,FRIENDS,NOT_SURE,NOT_SURE,NO,NO,NO,NOT_SURE,NO,NO,NO,NOT_SURE,NOT_SURE,SOMETIMES,NO,NO,NOT_SURE,NO,PRIVATE,SOMETIMES,YES,NO,NO,NOT_SURE,SOMETIMES,NO,NO,YES,NOT_SURE,NO,SOMETIMES,NOT_SURE,YES,SOMETIMES,SOMETIMES,YES,SOMETIMES,YES,SOMETIMES,YES,NO,NOT_SURE,NOT_SURE,SOMETIMES,NOT_SURE,NO,YES,SOMETIMES,SOMETIMES,SOMETIMES,YES,YES
SYN-0021,PRIVATE,NOT_SURE,NO,NOT_SURE,NO,NO,NO,NOT_SURE,FRIENDS,NO,NO,NOT_SURE,SOMETIMES,SOMETIMES,NO,NOT_SURE,SOMETIMES,NO,SOMETIMES,SOMETIMES,36,MODERATE,24,26,12,46,57,37,60,49,18,46,PRIVATE,NOT_SURE,PRIVATE,SOMETIMES,NOT_SURE,NO,NOT_SURE,NO,NO,NO,NOT_SURE,SOMETIMES,NO,NO,NO,NO,NO,FRIENDS,SOMETIMES,NOT_SURE,NO,NOT_SURE,NOT_SURE,SOMETIMES,SOMETIMES,NO,SOMETIMES,SOMETIMES,NOT_SURE,NO,SOMETIMES,NOT_SURE,NOT_SURE,YES,YES,SOMETIMES,SOMETIMES,SOMETIMES,NOT_SURE,NO,NO,NO,NO,SOMETIMES,SOMETIMES,SOMETIMES,SOMETIMES,NO,NOT_SURE,SOMETIMES,SOMETIMES
SYN-0022,PRIVATE,NO,NOT_SURE,NO,NO,NOT_SURE,NOT_SURE,NO,PRIVATE,NO,NO,NO,YES,YES,YES,NO,NOT_SURE,NOT_SURE,NOT_SURE,YES,19,LOW,7,21,14,19,0,0,39,0,38,30,PRIVATE,NO,PRIVATE,SOMETIMES,NO,NOT_SURE,NO,NO,NOT_SURE,NOT_SURE,NO,NOT_SURE,NO,NO,NO,NO,NO,PRIVATE,SOMETIMES,NO,SOMETIMES,NO,NO,YES,NO,NO,YES,NO,NO,YES,NOT_SURE,SOMETIMES,NO,YES,SOMETIMES,SOMETIMES,YES,YES,YES,NO,SOMETIMES,NOT_SURE,SOMETIMES,NO,SOMETIMES,YES,NOT_SURE,NO,YES,YES,NOT_SURE
SYN-0023,FRIENDS,NOT_SURE,NOT_SURE,NOT_SURE,NO,NO,NOT_SURE,NOT_SURE,PRIVATE,NO,NO,NO,SOMETIMES,SOMETIMES,SOMETIMES,NOT_SURE,NO,NO,SOMETIMES,YES,29,MODERATE,36,51,4,13,17,54,40,51,16,23,FRIENDS,SOMETIMES,PRIVATE,NO,NOT_SURE,NOT_SURE,NOT_SURE,NOT_SURE,NO,NOT_SURE,NOT_SURE,NO,NO,NO,NO,NO,SOMETIMES,PRIVATE,SOMETIMES,NO,NO,NO,NOT_SURE,YES,NO,NOT_SURE,SOMETIMES,SOMETIMES,NOT_SURE,SOMETIMES,NO,SOMETIMES,NOT_SURE,SOMETIMES,YES,NOT_SURE,SOMETIMES,SOMETIMES,SOMETIMES,NOT_SURE,SOMETIMES,NO,NO,NOT_SURE,NO,YES,SOMETIMES,NOT_SURE,YES,YES,YES
SYN-0024,PUBLIC,NOT_SURE,YES,YES,NO,NOT_SURE,NOT_SURE,YES,PUBLIC,YES,NOT_SURE,SOMETIMES,NOT_SURE,SOMETIMES,NO,NOT_SURE,YES,NOT_SURE,NO,NO,77,CRITICAL,100,83,52,100,53,64,88,56,69,100,PUBLIC,YES,PUBLIC,YES,NOT_SURE,YES,YES,YES,NOT_SURE,NOT_SURE,YES,NOT_SURE,YES,NOT_SURE,NO,NOT_SURE,SOMETIMES,PUBLIC,YES,YES,YES,SOMETIMES,NOT_SURE,SOMETIMES,SOMETIMES,NOT_SURE,NOT_SURE,NOT_SURE,NOT_SURE,NO,YES,NOT_SURE,NOT_SURE,NOT_SURE,NO,NOT_SURE,SOMETIMES,NOT_SURE,SOMETIMES,NOT_SURE,SOMETIMES,NOT_SURE,YES,SOMETIMES,SOMETIMES,NOT_SURE,NO,YES,NO,NO,NO
SYN-0025,PUBLIC,NOT_SURE,NOT_SURE,YES,YES,NOT_SURE,NOT_SURE,NOT_SURE,NOT_SURE,YES,YES,YES,NOT_SURE,NOT_SURE,NOT_SURE,NO,SOMETIMES,YES,NOT_SURE,NOT_SURE,82,CRITICAL,87,74,100,84,100,81,72,51,79,70,PUBLIC,YES,FRIENDS,NOT_SURE,NOT_SURE,NOT_SURE,YES,YES,NOT_SURE,NOT_SURE,NOT_SURE,YES,YES,YES,YES,YES,YES,NOT_SURE,YES,YES,NOT_SURE,YES,YES,NO,YES,YES,NOT_SURE,NOT_SURE,YES,NOT_SURE,SOMETIMES,NO,NO,NOT_SURE,NOT_SURE,NOT_SURE,NOT_SURE,YES,NOT_SURE,NOT_SURE,YES,YES,NOT_SURE,NOT_SURE,SOMETIMES,NO,NOT_SURE,NOT_SURE,SOMETIMES,NOT_SURE,NO
SYN-0026,FRIENDS,NO,NOT_SURE,NOT_SURE,NOT_SURE,NO,NOT_SURE,NOT_SURE,FRIENDS,SOMETIMES,YES,SOMETIMES,YES,NOT_SURE,NOT_SURE,SOMETIMES,NOT_SURE,NO,YES,SOMETIMES,48,HIGH,47,39,61,56,54,14,62,64,19,40,FRIENDS,NOT_SURE,PRIVATE,NOT_SURE,NO,NOT_SURE,NOT_SURE,NOT_SURE,NO,NOT_SURE,NOT_SURE,SOMETIMES,SOMETIMES,SOMETIMES,NOT_SURE,YES,NOT_SURE,FRIENDS,NOT_SURE,NOT_SURE,NOT_SURE,SOMETIMES,NOT_SURE,SOMETIMES,NOT_SURE,NO,YES,SOMETIMES,SOMETIMES,NOT_SURE,NOT_SURE,SOMETIMES,SOMETIMES,NOT_SURE,NOT_SURE,SOMETIMES,NOT_SURE,NOT_SURE,SOMETIMES,NOT_SURE,SOMETIMES,NO,NO,NOT_SURE,SOMETIMES,YES,YES,NOT_SURE,NOT_SURE,SOMETIMES,SOMETIMES
SYN-0027,PRIVATE,NO,NOT_SURE,NO,NO,NO,NO,NOT_SURE,PRIVATE,NO,SOMETIMES,NO,SOMETIMES,YES,SOMETIMES,YES,NO,SOMETIMES,SOMETIMES,SOMETIMES,24,MODERATE,16,26,12,8,7,53,22,19,55,53,PRIVATE,NO,FRIENDS,NOT_SURE,NO,NOT_SURE,NO,NOT_SURE,NO,NO,NOT_SURE,NO,NO,NO,NO,SOMETIMES,SOMETIMES,PRIVATE,NO,NO,NOT_SURE,NO,NO,SOMETIMES,NO,NOT_SURE,SOMETIMES,YES,NO,SOMETIMES,NO,SOMETIMES,YES,YES,YES,SOMETIMES,YES,SOMETIMES,YES,SOMETIMES,SOMETIMES,SOMETIMES,SOMETIMES,NOT_SURE,NOT_SURE,NOT_SURE,SOMETIMES,SOMETIMES,SOMETIMES,SOMETIMES,NOT_SURE
SYN-0028,FRIENDS,NOT_SURE,NOT_SURE,NOT_SURE,NOT_SURE,NOT_SURE,NOT_SURE,NOT_SURE,NOT_SURE,SOMETIMES,SOMETIMES,NOT_SURE,NO,NOT_SURE,YES,YES,NO,NO,SOMETIMES,YES,40,MODERATE,40,47,57,46,59,57,5,76,17,21,FRIENDS,NO,NOT_SURE,NOT_SURE,NOT_SURE,NOT_SURE,NOT_SURE,NO,NOT_SURE,NOT_SURE,NOT_SURE,NOT_SURE,SOMETIMES,NOT_SURE,NOT_SURE,SOMETIMES,NOT_SURE,NOT_SURE,NO,SOMETIMES,NOT_SURE,NOT_SURE,NOT_SURE,SOMETIMES,NOT_SURE,NO,NO,SOMETIMES,SOMETIMES,YES,NO,YES,YES,YES,YES,NOT_SURE,NOT_SURE,NOT_SURE,NO,NOT_SURE,NOT_SURE,NO,NO,NOT_SURE,NO,YES,SOMETIMES,NO,YES,YES,SOMETIMES
SYN-0029,FRIENDS,NOT_SURE,NOT_SURE,YES,NOT_SURE,YES,NOT_SURE,YES,NOT_SURE,YES,SOMETIMES,YES,NOT_SURE,NOT_SURE,SOMETIMES,NOT_SURE,NOT_SURE,SOMETIMES,NOT_SURE,NO,75,CRITICAL,66,83,77,89,86,69,70,74,56,70,FRIENDS,YES,FRIENDS,NOT_SURE,NOT_SURE,NOT_SURE,YES,YES,YES,NOT_SURE,YES,YES,YES,NOT_SURE,NOT_SURE,SOMETIMES,YES,NOT_SURE,YES,YES,YES,YES,YES,SOMETIMES,SOMETIMES,NOT_SURE,NOT_SURE,YES,SOMETIMES,SOMETIMES,NOT_SURE,NO,NOT_SURE,NO,NO,NOT_SURE,NOT_SURE,NOT_SURE,NOT_SURE,YES,SOMETIMES,SOMETIMES,NOT_SURE,SOMETIMES,NOT_SURE,NOT_SURE,NOT_SURE,SOMETIMES,SOMETIMES,NO,SOMETIMES
SYN-0030,FRIENDS,NOT_SURE,NOT_SURE,NOT_SURE,NOT_SURE,NOT_SURE,NOT_SURE,NO,NOT_SURE,SOMETIMES,SOMETIMES,SOMETIMES,YES,YES,YES,SOMETIMES,NOT_SURE,NO,YES,NOT_SURE,40,MODERATE,43,43,53,46,54,33,34,36,18,20,FRIENDS,SOMETIMES,FRIENDS,NO,NOT_SURE,NOT_SURE,NOT_SURE,NO,NOT_SURE,NOT_SURE,NO,SOMETIMES,SOMETIMES,SOMETIMES,NOT_SURE,SOMETIMES,NOT_SURE,NOT_SURE,SOMETIMES,NO,NOT_SURE,SOMETIMES,NOT_SURE,SOMETIMES,NOT_SURE,NOT_SURE,YES,NOT_SURE,SOMETIMES,YES,NOT_SURE,SOMETIMES,SOMETIMES,SOMETIMES,YES,SOMETIMES,YES,SOMETIMES,NOT_SURE,SOMETIMES,NO,NO,NO,SOMETIMES,SOMETIMES,SOMETIMES,YES,NO,YES,NOT_SURE,YES
SYN-0031,FRIENDS,NO,NOT_SURE,NO,NO,NO,NOT_SURE,NOT_SURE,FRIENDS,NO,NO,SOMETIMES,SOMETIMES,NOT_SURE,YES,SOMETIMES,SOMETIMES,NO,NOT_SURE,YES,31,MODERATE,64,30,8,46,29,53,37,46,0,27,FRIENDS,YES,FRIENDS,SOMETIMES,NO,NOT_SURE,NO,NOT_SURE,NO,NOT_SURE,NOT_SURE,NO,NO,SOMETIMES,NO,NO,NO,FRIENDS,NOT_SURE,SOMETIMES,NO,SOMETIMES,NO,SOMETIMES,NO,NOT_SURE,SOMETIMES,SOMETIMES,SOMETIMES,YES,SOMETIMES,SOMETIMES,SOMETIMES,NOT_SURE,SOMETIMES,SOMETIMES,NOT_SURE,SOMETIMES,YES,NOT_SURE,NO,NO,NO,NO,NO,YES,NOT_SURE,SOMETIMES,YES,YES,YES
SYN-0032,PUBLIC,YES,YES,NOT_SURE,NOT_SURE,NOT_SURE,NOT_SURE,YES,NOT_SURE,NOT_SURE,NOT_SURE,SOMETIMES,NO,NO,NO,NO,YES,NOT_SURE,SOMETIMES,NOT_SURE,80,CRITICAL,93,77,57,76,79,100,97,93,74,73,PUBLIC,YES,FRIENDS,YES,YES,YES,NOT_SURE,NOT_SURE,NOT_SURE,NOT_SURE,YES,SOMETIMES,NOT_SURE,NOT_SURE,NOT_SURE,NOT_SURE,SOMETIMES,NOT_SURE,SOMETIMES,YES,YES,SOMETIMES,YES,NO,YES,YES,NO,YES,YES,NO,YES,NO,NO,NOT_SURE,NO,NO,NO,NO,NOT_SURE,YES,NO,NOT_SURE,YES,YES,NOT_SURE,NO,SOMETIMES,YES,NOT_SURE,NOT_SURE,NO
SYN-0033,NOT_SURE,NOT_SURE,NOT_SURE,NO,NOT_SURE,NO,NO,NO,PRIVATE,SOMETIMES,SOMETIMES,NO,YES,NO,SOMETIMES,SOMETIMES,NO,NO,YES,SOMETIMES,32,MODERATE,54,21,56,20,0,14,42,45,24,21,NOT_SURE,NOT_SURE,FRIENDS,NO,NOT_SURE,NOT_SURE,NO,NO,NO,NO,NO,NOT_SURE,SOMETIMES,NOT_SURE,NOT_SURE,SOMETIMES,SOMETIMES,PRIVATE,NO,SOMETIMES,NOT_SURE,NO,NO,YES,NO,SOMETIMES,YES,NO,NO,SOMETIMES,NO,SOMETIMES,SOMETIMES,SOMETIMES,NOT_SURE,NOT_SURE,NO,YES,YES,NOT_SURE,NO,NO,NOT_SURE,SOMETIMES,NO,YES,YES,NO,SOMETIMES,SOMETIMES,YES
SYN-0034,PUBLIC,NO,NOT_SURE,NO,NO,NO,NO,NO,NOT_SURE,NOT_SURE,NOT_SURE,NOT_SURE,NOT_SURE,YES,YES,YES,NO,SOMETIMES,SOMETIMES,SOMETIMES,35,MODERATE,64,9,31,57,51,60,4,31,41,53,PUBLIC,SOMETIMES,FRIENDS,NO,NO,NOT_SURE,NO,NO,NO,NO,NO,NO,NOT_SURE,SOMETIMES,NO,NOT_SURE,NOT_SURE,NOT_SURE,SOMETIMES,SOMETIMES,SOMETIMES,NOT_SURE,NOT_SURE,YES,NOT_SURE,SOMETIMES,NOT_SURE,NOT_SURE,SOMETIMES,YES,NO,YES,YES,YES,SOMETIMES,YES,YES,SOMETIMES,SOMETIMES,SOMETIMES,SOMETIMES,SOMETIMES,NO,NOT_SURE,YES,SOMETIMES,SOMETIMES,SOMETIMES,SOMETIMES,SOMETIMES,NOT_SURE
SYN-0035,PUBLIC,YES,YES,YES,YES,YES,YES,YES,PUBLIC,YES,YES,YES,NO,NO,NO,NOT_SURE,SOMETIMES,YES,NOT_SURE,NO,90,CRITICAL,100,100,94,80,100,100,81,88,69,84,PUBLIC,YES,PUBLIC,YES,YES,YES,YES,YES,YES,YES,YES,YES,YES,NOT_SURE,YES,YES,YES,PUBLIC,NOT_SURE,NOT_SURE,YES,YES,YES,NO,YES,YES,NO,YES,YES,NO,SOMETIMES,NO,NOT_SURE,NO,NO,SOMETIMES,NO,NO,NOT_SURE,NOT_SURE,SOMETIMES,YES,SOMETIMES,YES,NOT_SURE,SOMETIMES,NOT_SURE,YES,NO,NO,SOMETIMES
SYN-0036,FRIENDS,YES,NOT_SURE,NOT_SURE,NOT_SURE,NOT_SURE,NOT_SURE,NOT_SURE,NOT_SURE,NO,NO,SOMETIMES,SOMETIMES,SOMETIMES,SOMETIMES,SOMETIMES,NOT_SURE,NOT_SURE,NOT_SURE,SOMETIMES,56,HIGH,79,69,40,49,54,59,56,50,50,51,FRIENDS,YES,PUBLIC,YES,YES,NOT_SURE,NOT_SURE,NOT_SURE,NOT_SURE,NOT_SURE,NOT_SURE,NOT_SURE,NO,SOMETIMES,NOT_SURE,NO,NOT_SURE,NOT_SURE,NO,NOT_SURE,NOT_SURE,SOMETIMES,NOT_SURE,SOMETIMES,NOT_SURE,SOMETIMES,SOMETIMES,YES,NOT_SURE,SOMETIMES,NOT_SURE,NOT_SURE,SOMETIMES,NOT_SURE,SOMETIMES,SOMETIMES,SOMETIMES,SOMETIMES,SOMETIMES,SOMETIMES,NOT_SURE,NOT_SURE,NOT_SURE,SOMETIMES,NOT_SURE,YES,NOT_SURE,NO,SOMETIMES,SOMETIMES,NOT_SURE
SYN-0037,FRIENDS,NOT_SURE,NOT_SURE,NOT_SURE,YES,NOT_SURE,NOT_SURE,NO,FRIENDS,YES,NOT_SURE,SOMETIMES,NOT_SURE,SOMETIMES,SOMETIMES,SOMETIMES,SOMETIMES,NOT_SURE,SOMETIMES,SOMETIMES,55,HIGH,43,56,82,46,54,70,50,50,39,50,FRIENDS,SOMETIMES,PRIVATE,SOMETIMES,NOT_SURE,NOT_SURE,NOT_SURE,NOT_SURE,NOT_SURE,NOT_SURE,NO,NOT_SURE,YES,YES,YES,NOT_SURE,NOT_SURE,FRIENDS,SOMETIMES,NOT_SURE,NO,SOMETIMES,NOT_SURE,SOMETIMES,NOT_SURE,NOT_SURE,NOT_SURE,YES,NOT_SURE,SOMETIMES,SOMETIMES,YES,SOMETIMES,NOT_SURE,SOMETIMES,NOT_SURE,SOMETIMES,SOMETIMES,SOMETIMES,SOMETIMES,NO,NOT_SURE,SOMETIMES,SOMETIMES,NOT_SURE,YES,SOMETIMES,SOMETIMES,SOMETIMES,SOMETIMES,SOMETIMES
SYN-0038,FRIENDS,NOT_SURE,NO,NOT_SURE,NO,NOT_SURE,YES,NOT_SURE,FRIENDS,SOMETIMES,SOMETIMES,SOMETIMES,YES,NO,SOMETIMES,SOMETIMES,YES,SOMETIMES,SOMETIMES,YES,50,HIGH,29,41,52,56,56,31,61,63,61,41,FRIENDS,NO,FRIENDS,NO,NOT_SURE,NO,NOT_SURE,NO,NOT_SURE,YES,NOT_SURE,NOT_SURE,SOMETIMES,YES,NO,SOMETIMES,YES,FRIENDS,SOMETIMES,SOMETIMES,YES,SOMETIMES,NOT_SURE,NOT_SURE,SOMETIMES,SOMETIMES,YES,NOT_SURE,NOT_SURE,SOMETIMES,YES,SOMETIMES,SOMETIMES,SOMETIMES,SOMETIMES,SOMETIMES,NO,NOT_SURE,YES,NOT_SURE,YES,SOMETIMES,SOMETIMES,NOT_SURE,SOMETIMES,NOT_SURE,SOMETIMES,SOMETIMES,NOT_SURE,YES,NOT_SURE
SYN-0039,FRIENDS,NOT_SURE,YES,NOT_SURE,NOT_SURE,YES,NOT_SURE,NOT_SURE,PUBLIC,YES,SOMETIMES,YES,NO,NOT_SURE,NOT_SURE,SOMETIMES,SOMETIMES,SOMETIMES,NOT_SURE,NOT_SURE,72,CRITICAL,73,71,65,94,86,100,63,59,59,66,FRIENDS,YES,PUBLIC,NOT_SURE,NOT_SURE,YES,NOT_SURE,NOT_SURE,YES,NOT_SURE,NOT_SURE,SOMETIMES,YES,NOT_SURE,NOT_SURE,SOMETIMES,YES,PUBLIC,YES,YES,SOMETIMES,YES,YES,SOMETIMES,SOMETIMES,YES,NO,YES,YES,NOT_SURE,SOMETIMES,SOMETIMES,SOMETIMES,NO,NOT_SURE,SOMETIMES,NOT_SURE,SOMETIMES,SOMETIMES,NOT_SURE,NOT_SURE,SOMETIMES,SOMETIMES,SOMETIMES,NOT_SURE,NO,NOT_SURE,NOT_SURE,NOT_SURE,NOT_SURE,SOMETIMES
SYN-0040,FRIENDS,NOT_SURE,NOT_SURE,NOT_SURE,NOT_SURE,YES,NOT_SURE,NOT_SURE,NOT_SURE,NOT_SURE,NOT_SURE,SOMETIMES,NO,NOT_SURE,NO,NOT_SURE,YES,YES,NO,SOMETIMES,75,CRITICAL,50,66,68,83,79,94,88,74,87,71,FRIENDS,SOMETIMES,FRIENDS,SOMETIMES,NOT_SURE,NOT_SURE,NOT_SURE,NOT_SURE,YES,NOT_SURE,NOT_SURE,YES,NOT_SURE,NOT_SURE,NOT_SURE,NOT_SURE,SOMETIMES,NOT_SURE,YES,YES,SOMETIMES,SOMETIMES,YES,NO,YES,YES,NO,YES,NOT_SURE,NO,YES,NO,NOT_SURE,SOMETIMES,NOT_SURE,NO,NOT_SURE,NOT_SURE,NOT_SURE,YES,YES,YES,YES,NOT_SURE,YES,SOMETIMES,NO,SOMETIMES,NO,SOMETIMES,SOMETIMES
SYN-0041,PRIVATE,NO,NOT_SURE,NO,NO,NOT_SURE,NOT_SURE,NOT_SURE,PRIVATE,SOMETIMES,SOMETIMES,SOMETIMES,YES,YES,YES,SOMETIMES,NO,NO,YES,YES,22,MODERATE,7,39,29,8,36,17,15,6,33,10,PRIVATE,NO,PRIVATE,SOMETIMES,NO,NOT_SURE,NO,NOT_SURE,NOT_SURE,NOT_SURE,NOT_SURE,NOT_SURE,SOMETIMES,NO,NO,SOMETIMES,NO,PRIVATE,NO,NO,NOT_SURE,SOMETIMES,NO,SOMETIMES,SOMETIMES,NO,YES,NOT_SURE,NOT_SURE,YES,NO,SOMETIMES,SOMETIMES,YES,YES,SOMETIMES,YES,YES,YES,SOMETIMES,NOT_SURE,NO,NOT_SURE,NO,NO,SOMETIMES,YES,NO,YES,YES,NOT_SURE
SYN-0042,NOT_SURE,NOT_SURE,NO,NO,NOT_SURE,NOT_SURE,NO,NOT_SURE,NOT_SURE,NO,NO,SOMETIMES,SOMETIMES,NO,YES,YES,NO,YES,NOT_SURE,SOMETIMES,46,HIGH,63,26,35,59,54,43,17,80,71,66,NOT_SURE,SOMETIMES,NOT_SURE,NOT_SURE,NOT_SURE,NO,NO,NO,NOT_SURE,NO,NOT_SURE,SOMETIMES,NO,NOT_SURE,NOT_SURE,NO,NO,NOT_SURE,SOMETIMES,SOMETIMES,NOT_SURE,SOMETIMES,NOT_SURE,SOMETIMES,NOT_SURE,SOMETIMES,SOMETIMES,NO,SOMETIMES,YES,NO,SOMETIMES,YES,SOMETIMES,YES,NO,NO,NOT_SURE,SOMETIMES,YES,SOMETIMES,YES,NOT_SURE,YES,NOT_SURE,SOMETIMES,NOT_SURE,YES,SOMETIMES,SOMETIMES,NOT_SURE
SYN-0043,FRIENDS,NOT_SURE,NOT_SURE,NOT_SURE,NOT_SURE,NO,NO,NOT_SURE,FRIENDS,NOT_SURE,SOMETIMES,NOT_SURE,NOT_SURE,SOMETIMES,SOMETIMES,YES,SOMETIMES,NO,NOT_SURE,NOT_SURE,51,HIGH,46,47,56,51,59,63,43,31,53,66,FRIENDS,SOMETIMES,NOT_SURE,NO,NOT_SURE,NOT_SURE,NOT_SURE,NOT_SURE,NO,NO,NOT_SURE,NOT_SURE,NOT_SURE,SOMETIMES,NOT_SURE,SOMETIMES,SOMETIMES,FRIENDS,SOMETIMES,SOMETIMES,NOT_SURE,NOT_SURE,NOT_SURE,SOMETIMES,NOT_SURE,NOT_SURE,NOT_SURE,SOMETIMES,NOT_SURE,SOMETIMES,SOMETIMES,SOMETIMES,YES,SOMETIMES,SOMETIMES,SOMETIMES,SOMETIMES,SOMETIMES,YES,NO,YES,NO,NOT_SURE,SOMETIMES,NOT_SURE,NOT_SURE,NOT_SURE,NOT_SURE,SOMETIMES,NOT_SURE,NOT_SURE
SYN-0044,FRIENDS,NO,NOT_SURE,NOT_SURE,NOT_SURE,NOT_SURE,NOT_SURE,NO,PRIVATE,NO,NO,NOT_SURE,SOMETIMES,SOMETIMES,YES,YES,NOT_SURE,SOMETIMES,SOMETIMES,SOMETIMES,39,MODERATE,57,30,22,19,59,67,29,44,56,43,FRIENDS,NOT_SURE,NOT_SURE,NOT_SURE,NO,NOT_SURE,NOT_SURE,NO,NOT_SURE,NOT_SURE,NO,NO,NO,SOMETIMES,NOT_SURE,NO,NO,PRIVATE,NO,SOMETIMES,SOMETIMES,NOT_SURE,NOT_SURE,SOMETIMES,NOT_SURE,YES,SOMETIMES,NOT_SURE,NOT_SURE,YES,NOT_SURE,NOT_SURE,YES,SOMETIMES,YES,NOT_SURE,SOMETIMES,SOMETIMES,SOMETIMES,NO,SOMETIMES,SOMETIMES,SOMETIMES,SOMETIMES,YES,NOT_SURE,SOMETIMES,SOMETIMES,SOMETIMES,SOMETIMES,YES
SYN-0045,PRIVATE,NOT_SURE,NOT_SURE,NO,NOT_SURE,NO,NOT_SURE,NO,PUBLIC,NOT_SURE,SOMETIMES,NO,NOT_SURE,YES,NOT_SURE,YES,NO,SOMETIMES,NOT_SURE,YES,36,MODERATE,0,39,35,65,10,54,34,30,59,37,PRIVATE,NO,PRIVATE,NO,NOT_SURE,NOT_SURE,NO,NOT_SURE,NO,NOT_SURE,NO,NO,NOT_SURE,NO,NOT_SURE,SOMETIMES,NOT_SURE,PUBLIC,NOT_SURE,SOMETIMES,NO,NO,NO,NOT_SURE,NO,NOT_SURE,NOT_SURE,NO,SOMETIMES,NOT_SURE,NO,YES,YES,SOMETIMES,SOMETIMES,SOMETIMES,YES,SOMETIMES,NOT_SURE,NO,SOMETIMES,SOMETIMES,SOMETIMES,NOT_SURE,NOT_SURE,NO,NOT_SURE,NO,NOT_SURE,YES,SOMETIMES
SYN-0046,NOT_SURE,NOT_SURE,YES,NOT_SURE,YES,NOT_SURE,NOT_SURE,NOT_SURE,FRIENDS,NOT_SURE,NOT_SURE,SOMETIMES,NOT_SURE,NOT_SURE,SOMETIMES,SOMETIMES,SOMETIMES,SOMETIMES,SOMETIMES,SOMETIMES,61,HIGH,63,66,65,63,60,66,54,59,61,56,NOT_SURE,SOMETIMES,NOT_SURE,NOT_SURE,NOT_SURE,YES,NOT_SURE,NOT_SURE,NOT_SURE,NOT_SURE,NOT_SURE,SOMETIMES,NOT_SURE,SOMETIMES,YES,NOT_SURE,SOMETIMES,FRIENDS,SOMETIMES,YES,SOMETIMES,SOMETIMES,NOT_SURE,NO,SOMETIMES,YES,NOT_SURE,SOMETIMES,NO,SOMETIMES,SOMETIMES,SOMETIMES,SOMETIMES,NOT_SURE,SOMETIMES,NOT_SURE,NOT_SURE,SOMETIMES,SOMETIMES,NOT_SURE,NOT_SURE,SOMETIMES,NOT_SURE,YES,SOMETIMES,SOMETIMES,SOMETIMES,SOMETIMES,NOT_SURE,SOMETIMES,NOT_SURE
SYN-0047,PUBLIC,NOT_SURE,YES,YES,NOT_SURE,NOT_SURE,NOT_SURE,NOT_SURE,NOT_SURE,SOMETIMES,NOT_SURE,YES,NO,NO,NOT_SURE,NOT_SURE,NOT_SURE,SOMETIMES,NO,NOT_SURE,79,CRITICAL,87,71,58,89,100,100,73,88,84,73,PUBLIC,YES,FRIENDS,NOT_SURE,NOT_SURE,YES,YES,NOT_SURE,NOT_SURE,NOT_SURE,NOT_SURE,NOT_SURE,SOMETIMES,NOT_SURE,NOT_SURE,NOT_SURE,SOMETIMES,NOT_SURE,YES,YES,YES,YES,YES,NO,YES,YES,NO,YES,YES,NOT_SURE,NOT_SURE,NOT_SURE,NOT_SURE,NO,NO,NOT_SURE,NO,SOMETIMES,NO,YES,YES,SOMETIMES,YES,NOT_SURE,YES,NO,NO,SOMETIMES,SOMETIMES,NOT_SURE,NOT_SURE
SYN-0048,NOT_SURE,NOT_SURE,NOT_SURE,NOT_SURE,NOT_SURE,NOT_SURE,NOT_SURE,NOT_SURE,PUBLIC,NO,NOT_SURE,YES,SOMETIMES,SOMETIMES,NOT_SURE,NOT_SURE,SOMETIMES,NOT_SURE,NO,YES,57,HIGH,64,60,36,74,67,51,62,61,41,53,NOT_SURE,NOT_SURE,NOT_SURE,SOMETIMES,NOT_SURE,NOT_SURE,NOT_SURE,NOT_SURE,NOT_SURE,NOT_SURE,NOT_SURE,NO,NO,NOT_SURE,NOT_SURE,NOT_SURE,SOMETIMES,PUBLIC,NOT_SURE,NOT_SURE,SOMETIMES,YES,NOT_SURE,SOMETIMES,NO,SOMETIMES,SOMETIMES,NOT_SURE,SOMETIMES,NOT_SURE,SOMETIMES,SOMETIMES,NOT_SURE,SOMETIMES,NOT_SURE,NOT_SURE,SOMETIMES,NOT_SURE,NOT_SURE,NOT_SURE,NO,NOT_SURE,NOT_SURE,SOMETIMES,SOMETIMES,YES,NO,SOMETIMES,NOT_SURE,YES,SOMETIMES
SYN-0049,PUBLIC,YES,YES,YES,YES,YES,NOT_SURE,NOT_SURE,NOT_SURE,SOMETIMES,NOT_SURE,YES,SOMETIMES,NOT_SURE,NOT_SURE,NO,SOMETIMES,NOT_SURE,NO,NO,84,CRITICAL,100,94,75,84,96,71,71,74,76,100,PUBLIC,YES,PUBLIC,YES,YES,YES,YES,YES,YES,NOT_SURE,NOT_SURE,YES,SOMETIMES,SOMETIMES,YES,NOT_SURE,SOMETIMES,NOT_SURE,YES,YES,NOT_SURE,YES,YES,NOT_SURE,YES,YES,SOMETIMES,SOMETIMES,YES,NOT_SURE,SOMETIMES,SOMETIMES,NO,NOT_SURE,NO,NOT_SURE,NOT_SURE,NOT_SURE,NOT_SURE,YES,NOT_SURE,NOT_SURE,YES,NOT_SURE,YES,NOT_SURE,NO,YES,NO,NO,NO
SYN-0050,FRIENDS,NO,NO,NOT_SURE,NO,NO,NO,NOT_SURE,PRIVATE,NO,SOMETIMES,NO,SOMETIMES,YES,NOT_SURE,NOT_SURE,NOT_SURE,NO,NOT_SURE,YES,32,MODERATE,43,26,28,28,0,36,57,25,39,30,FRIENDS,SOMETIMES,PRIVATE,SOMETIMES,NO,NO,NOT_SURE,NOT_SURE,NO,NO,NOT_SURE,SOMETIMES,NO,NOT_SURE,NO,SOMETIMES,NO,PRIVATE,SOMETIMES,NOT_SURE,NO,NO,NO,YES,NO,NO,SOMETIMES,SOMETIMES,SOMETIMES,NOT_SURE,NOT_SURE,SOMETIMES,NOT_SURE,SOMETIMES,YES,SOMETIMES,YES,SOMETIMES,SOMETIMES,NO,NO,NO,YES,NO,SOMETIMES,SOMETIMES,NOT_SURE,NO,YES,YES,NOT_SURE
SYN-0051,NOT_SURE,NOT_SURE,NOT_SURE,NO,NO,NO,NOT_SURE,NO,NOT_SURE,NO,NO,NOT_SURE,YES,YES,YES,SOMETIMES,NO,NOT_SURE,NO,NOT_SURE,36,MODERATE,37,39,19,41,57,0,19,36,62,63,NOT_SURE,NO,FRIENDS,NO,NOT_SURE,NOT_SURE,NO,NOT_SURE,NO,NOT_SURE,NO,SOMETIMES,NO,SOMETIMES,NO,NO,NO,NOT_SURE,NO,NOT_SURE,NO,NOT_SURE,NOT_SURE,SOMETIMES,SOMETIMES,NO,YES,NO,NO,YES,NO,YES,SOMETIMES,NOT_SURE,YES,SOMETIMES,YES,NOT_SURE,SOMETIMES,SOMETIMES,YES,NOT_SURE,NOT_SURE,SOMETIMES,SOMETIMES,SOMETIMES,NO,NO,SOMETIMES,NOT_SURE,SOMETIMES
SYN-0052,NOT_SURE,NOT_SURE,YES,YES,NOT_SURE,NOT_SURE,NOT_SURE,NOT_SURE,PRIVATE,SOMETIMES,NO,YES,NO,NO,NO,SOMETIMES,NOT_SURE,YES,NO,NO,67,HIGH,66,71,45,38,76,83,72,79,83,86,NOT_SURE,SOMETIMES,FRIENDS,YES,NOT_SURE,YES,YES,NOT_SURE,NOT_SURE,NOT_SURE,NOT_SURE,SOMETIMES,SOMETIMES,SOMETIMES,NOT_SURE,NO,SOMETIMES,PRIVATE,NOT_SURE,NOT_SURE,NOT_SURE,YES,NOT_SURE,SOMETIMES,NOT_SURE,NOT_SURE,NO,NOT_SURE,YES,NO,NOT_SURE,SOMETIMES,SOMETIMES,SOMETIMES,NO,NOT_SURE,NO,NOT_SURE,NOT_SURE,SOMETIMES,NOT_SURE,YES,NOT_SURE,YES,YES,NO,NO,YES,SOMETIMES,NO,SOMETIMES
SYN-0053,NOT_SURE,NOT_SURE,NOT_SURE,NOT_SURE,YES,NOT_SURE,NOT_SURE,NOT_SURE,PUBLIC,SOMETIMES,YES,SOMETIMES,NO,NOT_SURE,NO,NOT_SURE,YES,YES,NOT_SURE,NOT_SURE,76,CRITICAL,73,47,81,95,60,93,87,74,93,66,NOT_SURE,SOMETIMES,PUBLIC,YES,NOT_SURE,NOT_SURE,NOT_SURE,NO,NOT_SURE,NOT_SURE,NOT_SURE,SOMETIMES,SOMETIMES,YES,YES,YES,YES,PUBLIC,YES,YES,NOT_SURE,SOMETIMES,NOT_SURE,SOMETIMES,YES,YES,NO,YES,SOMETIMES,NO,YES,NOT_SURE,NOT_SURE,NO,SOMETIMES,NOT_SURE,NOT_SURE,NOT_SURE,NOT_SURE,YES,SOMETIMES,YES,YES,YES,YES,NO,NOT_SURE,NOT_SURE,SOMETIMES,NOT_SURE,NOT_SURE
SYN-0054,PRIVATE,NO,NO,NO,NO,NO,NO,NO,FRIENDS,NO,NO,NOT_SURE,YES,SOMETIMES,YES,SOMETIMES,NO,SOMETIMES,YES,YES,17,LOW,21,0,8,25,33,9,11,38,36,7,PRIVATE,SOMETIMES,FRIENDS,NO,NO,NO,NO,NO,NO,NO,NO,NO,NO,SOMETIMES,NO,NO,NO,FRIENDS,NO,NO,SOMETIMES,NOT_SURE,NO,YES,SOMETIMES,NO,YES,NO,NOT_SURE,YES,NO,SOMETIMES,SOMETIMES,YES,YES,YES,SOMETIMES,SOMETIMES,YES,SOMETIMES,NO,SOMETIMES,SOMETIMES,SOMETIMES,SOMETIMES,YES,YES,NO,SOMETIMES,YES,YES
SYN-0055,PUBLIC,YES,NOT_SURE,NOT_SURE,YES,YES,NOT_SURE,NOT_SURE,NOT_SURE,YES,NOT_SURE,YES,NO,SOMETIMES,NO,SOMETIMES,NOT_SURE,YES,NOT_SURE,NOT_SURE,79,CRITICAL,93,74,94,74,87,60,71,69,81,64,PUBLIC,YES,FRIENDS,YES,YES,NOT_SURE,NOT_SURE,NOT_SURE,YES,NOT_SURE,NOT_SURE,YES,YES,YES,YES,NOT_SURE,YES,NOT_SURE,YES,NOT_SURE,NOT_SURE,YES,YES,SOMETIMES,NOT_SURE,NO,NO,NOT_SURE,NOT_SURE,NO,NOT_SURE,SOMETIMES,SOMETIMES,NOT_SURE,SOMETIMES,NOT_SURE,SOMETIMES,NO,NOT_SURE,NOT_SURE,NOT_SURE,YES,YES,NOT_SURE,YES,SOMETIMES,NOT_SURE,SOMETIMES,NOT_SURE,NOT_SURE,SOMETIMES
SYN-0056,FRIENDS,NOT_SURE,NOT_SURE,YES,NOT_SURE,YES,NOT_SURE,NOT_SURE,PRIVATE,SOMETIMES,NOT_SURE,NOT_SURE,SOMETIMES,NO,SOMETIMES,NOT_SURE,NOT_SURE,SOMETIMES,NO,SOMETIMES,60,HIGH,63,80,46,28,67,53,56,93,65,69,FRIENDS,NOT_SURE,NOT_SURE,YES,NOT_SURE,NOT_SURE,YES,YES,YES,NOT_SURE,NOT_SURE,SOMETIMES,SOMETIMES,NO,NOT_SURE,NOT_SURE,SOMETIMES,PRIVATE,NOT_SURE,SOMETIMES,NO,NOT_SURE,NOT_SURE,NOT_SURE,YES,NOT_SURE,SOMETIMES,SOMETIMES,SOMETIMES,SOMETIMES,NOT_SURE,NO,NOT_SURE,YES,NOT_SURE,NOT_SURE,NO,NOT_SURE,NO,YES,SOMETIMES,SOMETIMES,YES,SOMETIMES,NOT_SURE,SOMETIMES,NO,NOT_SURE,NOT_SURE,SOMETIMES,SOMETIMES
SYN-0057,PUBLIC,NOT_SURE,YES,NOT_SURE,YES,NOT_SURE,NOT_SURE,NOT_SURE,PUBLIC,NOT_SURE,YES,YES,NO,SOMETIMES,NOT_SURE,SOMETIMES,SOMETIMES,NOT_SURE,NO,NOT_SURE,75,CRITICAL,96,66,76,78,84,94,60,61,70,74,PUBLIC,YES,NOT_SURE,YES,NOT_SURE,YES,NOT_SURE,NOT_SURE,NOT_SURE,NOT_SURE,NOT_SURE,SOMETIMES,NOT_SURE,NOT_SURE,YES,YES,YES,PUBLIC,SOMETIMES,NOT_SURE,YES,YES,NOT_SURE,NOT_SURE,YES,YES,NO,YES,NOT_SURE,NOT_SURE,SOMETIMES,NOT_SURE,SOMETIMES,SOMETIMES,NOT_SURE,NOT_SURE,SOMETIMES,NOT_SURE,NOT_SURE,NOT_SURE,YES,NOT_SURE,NOT_SURE,NOT_SURE,YES,NOT_SURE,NO,NOT_SURE,SOMETIMES,NOT_SURE,NOT_SURE
SYN-0058,PRIVATE,NOT_SURE,NO,NOT_SURE,YES,NOT_SURE,NO,NOT_SURE,FRIENDS,YES,SOMETIMES,NOT_SURE,NOT_SURE,YES,NOT_SURE,YES,NOT_SURE,YES,SOMETIMES,NOT_SURE,50,HIGH,10,47,59,53,59,61,54,19,66,59,PRIVATE,NO,NOT_SURE,NO,NOT_SURE,NO,NOT_SURE,NOT_SURE,NOT_SURE,NO,NOT_SURE,NO,YES,NOT_SURE,YES,SOMETIMES,SOMETIMES,FRIENDS,NOT_SURE,SOMETIMES,SOMETIMES,NOT_SURE,NOT_SURE,SOMETIMES,NOT_SURE,SOMETIMES,NOT_SURE,NOT_SURE,NOT_SURE,NOT_SURE,NOT_SURE,SOMETIMES,YES,SOMETIMES,NOT_SURE,NOT_SURE,YES,YES,SOMETIMES,SOMETIMES,SOMETIMES,YES,NOT_SURE,NOT_SURE,NOT_SURE,SOMETIMES,SOMETIMES,SOMETIMES,SOMETIMES,NOT_SURE,NOT_SURE
SYN-0059,PRIVATE,NO,NOT_SURE,NOT_SURE,NOT_SURE,NOT_SURE,NOT_SURE,NOT_SURE,NOT_SURE,SOMETIMES,NOT_SURE,NO,YES,NOT_SURE,NOT_SURE,SOMETIMES,YES,SOMETIMES,SOMETIMES,SOMETIMES,51,HIGH,14,47,56,64,24,39,78,68,58,43,PRIVATE,SOMETIMES,PRIVATE,NO,NO,NOT_SURE,NOT_SURE,NOT_SURE,NOT_SURE,NOT_SURE,NOT_SURE,SOMETIMES,SOMETIMES,NOT_SURE,NOT_SURE,NOT_SURE,NOT_SURE,NOT_SURE,NOT_SURE,NOT_SURE,NOT_SURE,NO,NOT_SURE,YES,SOMETIMES,NOT_SURE,YES,YES,SOMETIMES,NOT_SURE,YES,NO,SOMETIMES,NO,SOMETIMES,NOT_SURE,NOT_SURE,NOT_SURE,NOT_SURE,SOMETIMES,SOMETIMES,SOMETIMES,NOT_SURE,NOT_SURE,NOT_SURE,NOT_SURE,SOMETIMES,SOMETIMES,YES,SOMETIMES,SOMETIMES
SYN-0060,PUBLIC,YES,YES,NOT_SURE,NO,NOT_SURE,NOT_SURE,NOT_SURE,PUBLIC,NO,SOMETIMES,NOT_SURE,NO,SOMETIMES,NOT_SURE,NOT_SURE,YES,NOT_SURE,NO,NOT_SURE,69,HIGH,94,83,35,56,71,87,77,51,70,79,PUBLIC,YES,PUBLIC,NOT_SURE,YES,YES,NOT_SURE,YES,NOT_SURE,NOT_SURE,NOT_SURE,SOMETIMES,NO,SOMETIMES,NO,SOMETIMES,YES,PUBLIC,SOMETIMES,NO,SOMETIMES,NOT_SURE,YES,NOT_SURE,SOMETIMES,YES,NO,SOMETIMES,NOT_SURE,NOT_SURE,YES,SOMETIMES,NOT_SURE,NOT_SURE,NOT_SURE,NO,SOMETIMES,SOMETIMES,SOMETIMES,NOT_SURE,YES,NOT_SURE,SOMETIMES,YES,NOT_SURE,NOT_SURE,NO,NOT_SURE,SOMETIMES,NOT_SURE,NO
SYN-0061,PRIVATE,NOT_SURE,YES,NOT_SURE,NOT_SURE,NO,YES,YES,PRIVATE,NO,SOMETIMES,NOT_SURE,YES,SOMETIMES,YES,YES,NO,SOMETIMES,NOT_SURE,SOMETIMES,38,MODERATE,24,63,45,28,50,16,7,50,46,56,PRIVATE,NOT_SURE,FRIENDS,NO,NOT_SURE,YES,NOT_SURE,NOT_SURE,NO,YES,YES,SOMETIMES,NO,SOMETIMES,NOT_SURE,SOMETIMES,SOMETIMES,PRIVATE,SOMETIMES,NOT_SURE,NO,NOT_SURE,NOT_SURE,YES,SOMETIMES,NO,YES,NOT_SURE,SOMETIMES,YES,NO,SOMETIMES,YES,YES,SOMETIMES,YES,SOMETIMES,SOMETIMES,SOMETIMES,SOMETIMES,NOT_SURE,SOMETIMES,SOMETIMES,NOT_SURE,NOT_SURE,YES,NOT_SURE,SOMETIMES,SOMETIMES,SOMETIMES,SOMETIMES
SYN-0062,PUBLIC,NOT_SURE,NOT_SURE,NOT_SURE,YES,NOT_SURE,NOT_SURE,NOT_SURE,NOT_SURE,YES,NOT_SURE,NOT_SURE,YES,NO,NOT_SURE,NO,SOMETIMES,NOT_SURE,NOT_SURE,NOT_SURE,64,HIGH,80,60,75,60,57,29,66,63,57,66,PUBLIC,SOMETIMES,PUBLIC,NOT_SURE,NOT_SURE,NOT_SURE,NOT_SURE,NOT_SURE,NOT_SURE,NOT_SURE,NOT_SURE,NOT_SURE,YES,NOT_SURE,YES,NOT_SURE,NOT_SURE,NOT_SURE,SOMETIMES,NOT_SURE,SOMETIMES,NOT_SURE,NOT_SURE,SOMETIMES,SOMETIMES,SOMETIMES,YES,SOMETIMES,SOMETIMES,NOT_SURE,SOMETIMES,NOT_SURE,NO,SOMETIMES,SOMETIMES,NOT_SURE,NO,YES,NOT_SURE,NOT_SURE,NOT_SURE,NOT_SURE,NOT_SURE,NOT_SURE,NO,NOT_SURE,NOT_SURE,NOT_SURE,SOMETIMES,NOT_SURE,NOT_SURE
SYN-0063,PUBLIC,NOT_SURE,NOT_SURE,YES,NOT_SURE,YES,YES,YES,NOT_SURE,SOMETIMES,NOT_SURE,SOMETIMES,NO,NO,NO,SOMETIMES,NO,YES,NO,SOMETIMES,78,CRITICAL,81,86,62,76,79,100,66,80,93,81,PUBLIC,NOT_SURE,FRIENDS,YES,NOT_SURE,NOT_SURE,YES,YES,YES,YES,YES,NOT_SURE,SOMETIMES,NOT_SURE,NOT_SURE,NOT_SURE,YES,NOT_SURE,SOMETIMES,YES,YES,SOMETIMES,YES,NO,YES,YES,NO,YES,YES,NO,NO,NOT_SURE,SOMETIMES,NO,NO,NOT_SURE,NO,NOT_SURE,SOMETIMES,YES,YES,YES,YES,YES,NOT_SURE,NOT_SURE,NO,YES,NO,SOMETIMES,NOT_SURE
SYN-0064,NOT_SURE,NOT_SURE,NOT_SURE,YES,YES,YES,NO,NO,NOT_SURE,NO,NOT_SURE,YES,SOMETIMES,SOMETIMES,SOMETIMES,YES,SOMETIMES,NOT_SURE,NOT_SURE,YES,54,HIGH,63,63,53,61,76,60,37,31,54,27,NOT_SURE,NOT_SURE,FRIENDS,NOT_SURE,NOT_SURE,NOT_SURE,YES,NOT_SURE,YES,NO,NO,SOMETIMES,NO,NOT_SURE,YES,NOT_SURE,NO,NOT_SURE,NOT_SURE,SOMETIMES,NOT_SURE,YES,NOT_SURE,SOMETIMES,NOT_SURE,NOT_SURE,SOMETIMES,SOMETIMES,YES,SOMETIMES,SOMETIMES,YES,YES,NOT_SURE,SOMETIMES,YES,SOMETIMES,SOMETIMES,YES,NO,NOT_SURE,NOT_SURE,NOT_SURE,NOT_SURE,NO,SOMETIMES,NOT_SURE,SOMETIMES,YES,YES,YES
SYN-0065,FRIENDS,NOT_SURE,NOT_SURE,NOT_SURE,NOT_SURE,NOT_SURE,NOT_SURE,NOT_SURE,PRIVATE,NO,SOMETIMES,NOT_SURE,YES,YES,NOT_SURE,NOT_SURE,NOT_SURE,YES,SOMETIMES,NOT_SURE,46,HIGH,46,60,43,13,61,7,61,19,58,51,FRIENDS,NOT_SURE,FRIENDS,NO,NOT_SURE,NOT_SURE,NOT_SURE,NOT_SURE,NOT_SURE,NOT_SURE,NOT_SURE,NOT_SURE,NO,SOMETIMES,NOT_SURE,SOMETIMES,NO,PRIVATE,NO,SOMETIMES,NO,NOT_SURE,NOT_SURE,NOT_SURE,NOT_SURE,NO,YES,SOMETIMES,NO,NOT_SURE,NOT_SURE,NOT_SURE,NOT_SURE,YES,SOMETIMES,NO,YES,SOMETIMES,YES,SOMETIMES,NOT_SURE,YES,NOT_SURE,NO,SOMETIMES,SOMETIMES,SOMETIMES,SOMETIMES,YES,NOT_SURE,NOT_SURE
SYN-0066,PUBLIC,YES,NOT_SURE,YES,NOT_SURE,YES,NOT_SURE,NOT_SURE,NOT_SURE,YES,SOMETIMES,NOT_SURE,NOT_SURE,NOT_SURE,YES,SOMETIMES,NOT_SURE,NOT_SURE,NOT_SURE,NOT_SURE,67,HIGH,74,89,71,61,64,74,26,81,86,67,PUBLIC,NOT_SURE,FRIENDS,SOMETIMES,YES,NOT_SURE,YES,YES,YES,NOT_SURE,NOT_SURE,NOT_SURE,YES,YES,NOT_SURE,SOMETIMES,NOT_SURE,NOT_SURE,NOT_SURE,SOMETIMES,NOT_SURE,NOT_SURE,NOT_SURE,SOMETIMES,YES,YES,NOT_SURE,NOT_SURE,SOMETIMES,YES,NOT_SURE,YES,SOMETIMES,YES,YES,NOT_SURE,NOT_SURE,NO,NOT_SURE,YES,YES,NOT_SURE,YES,NOT_SURE,YES,NO,NOT_SURE,SOMETIMES,NOT_SURE,NOT_SURE,NOT_SURE
SYN-0067,FRIENDS,NOT_SURE,YES,NOT_SURE,NO,NOT_SURE,NOT_SURE,NOT_SURE,NOT_SURE,YES,YES,YES,NO,NOT_SURE,SOMETIMES,NOT_SURE,NOT_SURE,NOT_SURE,NOT_SURE,SOMETIMES,71,CRITICAL,71,66,57,89,89,100,64,69,62,64,FRIENDS,YES,PUBLIC,SOMETIMES,NOT_SURE,YES,NOT_SURE,NOT_SURE,NOT_SURE,NOT_SURE,NOT_SURE,NOT_SURE,YES,SOMETIMES,NO,YES,NOT_SURE,NOT_SURE,YES,YES,YES,YES,NOT_SURE,NO,YES,YES,NO,YES,YES,SOMETIMES,NOT_SURE,NOT_SURE,NOT_SURE,NOT_SURE,NO,NOT_SURE,NOT_SURE,SOMETIMES,NOT_SURE,YES,YES,NOT_SURE,NOT_SURE,SOMETIMES,SOMETIMES,SOMETIMES,NOT_SURE,NOT_SURE,NO,SOMETIMES,SOMETIMES
SYN-0068,NOT_SURE,YES,NOT_SURE,NOT_SURE,NOT_SURE,NOT_SURE,NOT_SURE,NO,PUBLIC,SOMETIMES,NOT_SURE,SOMETIMES,NOT_SURE,SOMETIMES,SOMETIMES,NOT_SURE,YES,NOT_SURE,NOT_SURE,SOMETIMES,62,HIGH,69,64,56,57,49,87,70,56,65,51,NOT_SURE,NOT_SURE,PUBLIC,SOMETIMES,YES,NOT_SURE,NOT_SURE,NOT_SURE,NOT_SURE,NOT_SURE,NO,NOT_SURE,SOMETIMES,SOMETIMES,NOT_SURE,NOT_SURE,SOMETIMES,PUBLIC,SOMETIMES,NO,NOT_SURE,SOMETIMES,NOT_SURE,NOT_SURE,NO,YES,NOT_SURE,YES,YES,SOMETIMES,YES,SOMETIMES,NOT_SURE,NO,SOMETIMES,SOMETIMES,SOMETIMES,NOT_SURE,SOMETIMES,NOT_SURE,NOT_SURE,NOT_SURE,NOT_SURE,NOT_SURE,SOMETIMES,NO,NOT_SURE,SOMETIMES,YES,SOMETIMES,NOT_SURE
SYN-0069,PRIVATE,NOT_SURE,NO,YES,NO,NOT_SURE,NO,NOT_SURE,FRIENDS,SOMETIMES,NO,NOT_SURE,SOMETIMES,NOT_SURE,SOMETIMES,NOT_SURE,SOMETIMES,SOMETIMES,SOMETIMES,SOMETIMES,39,MODERATE,14,40,28,38,40,56,57,64,25,51,PRIVATE,SOMETIMES,PRIVATE,NO,NOT_SURE,NO,YES,NO,NOT_SURE,NO,NOT_SURE,SOMETIMES,SOMETIMES,NOT_SURE,NO,NO,NO,FRIENDS,SOMETIMES,NO,SOMETIMES,NOT_SURE,NO,SOMETIMES,SOMETIMES,NOT_SURE,SOMETIMES,NOT_SURE,NOT_SURE,SOMETIMES,SOMETIMES,NOT_SURE,NOT_SURE,NOT_SURE,SOMETIMES,SOMETIMES,NOT_SURE,NOT_SURE,SOMETIMES,NOT_SURE,NO,SOMETIMES,NO,NO,NOT_SURE,NOT_SURE,SOMETIMES,NOT_SURE,SOMETIMES,SOMETIMES,SOMETIMES
SYN-0070,PRIVATE,NOT_SURE,NOT_SURE,NO,NO,NO,NOT_SURE,NOT_SURE,PRIVATE,SOMETIMES,NO,NO,YES,YES,YES,YES,SOMETIMES,NO,YES,YES,14,LOW,14,43,22,0,0,14,11,0,9,0,PRIVATE,SOMETIMES,PRIVATE,NO,NOT_SURE,NOT_SURE,NO,NOT_SURE,NO,NOT_SURE,NOT_SURE,NOT_SURE,SOMETIMES,NO,NO,NO,NO,PRIVATE,NO,NO,NO,NO,NO,YES,NO,SOMETIMES,YES,NO,NO,YES,SOMETIMES,YES,YES,YES,YES,YES,YES,YES,YES,NO,NOT_SURE,NO,NO,NO,NO,YES,YES,NO,YES,YES,YES
SYN-0071,FRIENDS,NO,NO,NO,NOT_SURE,NO,NO,NO,FRIENDS,NOT_SURE,NOT_SURE,NO,SOMETIMES,SOMETIMES,SOMETIMES,YES,SOMETIMES,NO,YES,YES,31,MODERATE,46,0,58,34,0,51,35,31,47,10,FRIENDS,NOT_SURE,FRIENDS,NO,NO,NO,NO,NO,NO,NO,NO,NOT_SURE,NOT_SURE,SOMETIMES,NOT_SURE,NOT_SURE,SOMETIMES,FRIENDS,NO,NOT_SURE,NO,NO,NO,YES,NO,SOMETIMES,SOMETIMES,SOMETIMES,NOT_SURE,SOMETIMES,SOMETIMES,YES,YES,YES,NOT_SURE,SOMETIMES,SOMETIMES,YES,SOMETIMES,NO,SOMETIMES,NO,YES,NO,NOT_SURE,SOMETIMES,YES,NO,NOT_SURE,YES,YES
SYN-0072,NOT_SURE,NOT_SURE,YES,YES,NOT_SURE,YES,NOT_SURE,NOT_SURE,FRIENDS,NOT_SURE,SOMETIMES,SOMETIMES,SOMETIMES,NOT_SURE,SOMETIMES,SOMETIMES,NOT_SURE,NOT_SURE,SOMETIMES,NOT_SURE,59,HIGH,69,64,58,53,53,51,62,45,66,59,NOT_SURE,SOMETIMES,NOT_SURE,YES,NOT_SURE,YES,YES,NO,YES,NOT_SURE,NOT_SURE,NOT_SURE,NOT_SURE,NOT_SURE,NOT_SURE,SOMETIMES,NOT_SURE,FRIENDS,SOMETIMES,NOT_SURE,SOMETIMES,SOMETIMES,NOT_SURE,SOMETIMES,SOMETIMES,SOMETIMES,SOMETIMES,SOMETIMES,NOT_SURE,SOMETIMES,NOT_SURE,NOT_SURE,SOMETIMES,NO,NOT_SURE,NOT_SURE,NOT_SURE,YES,SOMETIMES,SOMETIMES,NOT_SURE,NOT_SURE,SOMETIMES,NOT_SURE,YES,NO,SOMETIMES,NO,NOT_SURE,NOT_SURE,NO
SYN-0073,FRIENDS,NOT_SURE,NO,NOT_SURE,NO,NOT_SURE,NO,NO,FRIENDS,SOMETIMES,SOMETIMES,NO,YES,YES,SOMETIMES,SOMETIMES,SOMETIMES,NOT_SURE,YES,YES,33,MODERATE,46,30,29,31,24,7,54,31,34,14,FRIENDS,NOT_SURE,FRIENDS,NO,NOT_SURE,NO,NOT_SURE,NO,NOT_SURE,NO,NO,NO,SOMETIMES,NOT_SURE,NO,SOMETIMES,NOT_SURE,FRIENDS,NO,SOMETIMES,NO,NO,NOT_SURE,SOMETIMES,NO,NO,YES,SOMETIMES,NO,SOMETIMES,SOMETIMES,SOMETIMES,SOMETIMES,SOMETIMES,SOMETIMES,NO,YES,SOMETIMES,SOMETIMES,SOMETIMES,NO,NOT_SURE,SOMETIMES,SOMETIMES,NO,YES,YES,SOMETIMES,YES,YES,SOMETIMES
SYN-0074,PRIVATE,NO,NOT_SURE,NOT_SURE,NO,NOT_SURE,NO,NO,PRIVATE,NO,NO,SOMETIMES,NO,SOMETIMES,YES,YES,NOT_SURE,SOMETIMES,YES,YES,32,MODERATE,21,39,19,19,53,74,24,49,48,0,PRIVATE,SOMETIMES,PRIVATE,SOMETIMES,NO,NOT_SURE,NOT_SURE,NOT_SURE,NOT_SURE,NO,NO,SOMETIMES,NO,SOMETIMES,NO,NO,NO,PRIVATE,SOMETIMES,NO,SOMETIMES,SOMETIMES,NOT_SURE,SOMETIMES,SOMETIMES,SOMETIMES,NO,NOT_SURE,NOT_SURE,YES,NOT_SURE,YES,YES,YES,NOT_SURE,NOT_SURE,SOMETIMES,NOT_SURE,SOMETIMES,NO,NOT_SURE,SOMETIMES,SOMETIMES,NO,NOT_SURE,NOT_SURE,YES,NO,YES,YES,YES
SYN-0075,PRIVATE,NO,NO,NO,NO,NO,NO,NO,PRIVATE,NO,NO,NO,YES,YES,YES,SOMETIMES,NO,SOMETIMES,YES,YES,8,LOW,9,0,12,8,9,0,17,0,18,0,PRIVATE,NO,PRIVATE,NOT_SURE,NO,NO,NO,NO,NO,NO,NO,SOMETIMES,NO,NO,NO,NO,NO,PRIVATE,NO,NO,NOT_SURE,NO,NO,YES,NOT_SURE,NO,YES,NO,NO,YES,NO,SOMETIMES,SOMETIMES,SOMETIMES,YES,YES,YES,YES,YES,NO,NO,SOMETIMES,NO,SOMETIMES,NO,YES,YES,NO,YES,YES,YES
SYN-0076,FRIENDS,YES,NOT_SURE,YES,NOT_SURE,NOT_SURE,YES,YES,FRIENDS,YES,YES,YES,NOT_SURE,NO,NOT_SURE,NOT_SURE,YES,SOMETIMES,NOT_SURE,NOT_SURE,75,CRITICAL,69,80,91,56,83,64,79,88,61,61,FRIENDS,YES,NOT_SURE,NOT_SURE,YES,NOT_SURE,YES,NOT_SURE,NOT_SURE,YES,YES,YES,YES,YES,NOT_SURE,YES,YES,FRIENDS,NOT_SURE,NOT_SURE,NOT_SURE,YES,NOT_SURE,NO,NOT_SURE,NOT_SURE,NOT_SURE,NOT_SURE,NOT_SURE,NOT_SURE,YES,NO,NOT_SURE,SOMETIMES,NOT_SURE,NO,NO,NOT_SURE,NO,NOT_SURE,NOT_SURE,SOMETIMES,SOMETIMES,NOT_SURE,NOT_SURE,NO,NOT_SURE,YES,SOMETIMES,NOT_SURE,YES
SYN-0077,PUBLIC,YES,NOT_SURE,YES,NOT_SURE,YES,YES,YES,PUBLIC,NOT_SURE,NOT_SURE,NOT_SURE,NOT_SURE,SOMETIMES,NO,NOT_SURE,YES,YES,NO,NO,81,CRITICAL,100,86,59,85,71,73,90,56,93,81,PUBLIC,YES,PUBLIC,YES,YES,NOT_SURE,YES,NOT_SURE,YES,YES,YES,NOT_SURE,NOT_SURE,NOT_SURE,NOT_SURE,NOT_SURE,SOMETIMES,PUBLIC,YES,NOT_SURE,NOT_SURE,NOT_SURE,NOT_SURE,NO,YES,SOMETIMES,NOT_SURE,YES,YES,NO,YES,NOT_SURE,NOT_SURE,NO,SOMETIMES,NO,SOMETIMES,SOMETIMES,NOT_SURE,NOT_SURE,YES,YES,YES,YES,NOT_SURE,NOT_SURE,NO,SOMETIMES,NOT_SURE,NO,SOMETIMES
SYN-0078,FRIENDS,NO,NOT_SURE,NOT_SURE,NOT_SURE,NOT_SURE,NOT_SURE,NO,FRIENDS,SOMETIMES,YES,NOT_SURE,NO,YES,SOMETIMES,YES,NO,SOMETIMES,SOMETIMES,NOT_SURE,49,HIGH,31,30,73,19,60,87,35,55,73,64,FRIENDS,NO,NOT_SURE,NO,NO,NOT_SURE,NOT_SURE,NO,NOT_SURE,NOT_SURE,NO,YES,SOMETIMES,NOT_SURE,NOT_SURE,YES,SOMETIMES,FRIENDS,NO,NO,NO,NOT_SURE,NOT_SURE,NOT_SURE,SOMETIMES,YES,NO,SOMETIMES,NOT_SURE,SOMETIMES,NO,NOT_SURE,YES,NOT_SURE,SOMETIMES,SOMETIMES,YES,NOT_SURE,NO,YES,NOT_SURE,SOMETIMES,YES,YES,SOMETIMES,SOMETIMES,SOMETIMES,NOT_SURE,NO,NOT_SURE,SOMETIMES
SYN-0079,NOT_SURE,NOT_SURE,YES,YES,NOT_SURE,NO,YES,YES,NOT_SURE,SOMETIMES,YES,NOT_SURE,SOMETIMES,SOMETIMES,NOT_SURE,SOMETIMES,YES,YES,NOT_SURE,NO,64,HIGH,61,77,66,48,41,61,74,38,74,87,NOT_SURE,NOT_SURE,FRIENDS,SOMETIMES,NOT_SURE,YES,YES,YES,NO,YES,YES,NOT_SURE,SOMETIMES,SOMETIMES,NOT_SURE,YES,YES,NOT_SURE,NO,NOT_SURE,SOMETIMES,NOT_SURE,NO,SOMETIMES,NOT_SURE,NOT_SURE,SOMETIMES,YES,NOT_SURE,NOT_SURE,YES,NOT_SURE,SOMETIMES,NOT_SURE,NOT_SURE,NOT_SURE,SOMETIMES,SOMETIMES,YES,SOMETIMES,YES,YES,NOT_SURE,SOMETIMES,SOMETIMES,NOT_SURE,NOT_SURE,YES,NO,NO,NOT_SURE
SYN-0080,NOT_SURE,NOT_SURE,NOT_SURE,NO,NO,NO,NO,NO,PRIVATE,NO,NO,NO,YES,NOT_SURE,SOMETIMES,SOMETIMES,NO,SOMETIMES,YES,SOMETIMES,19,LOW,63,21,4,13,7,0,22,32,11,23,NOT_SURE,SOMETIMES,NOT_SURE,NOT_SURE,NOT_SURE,NOT_SURE,NO,NO,NO,NO,NO,NO,NO,NO,NO,NO,SOMETIMES,PRIVATE,NO,SOMETIMES,NO,NO,NO,YES,SOMETIMES,NO,YES,NO,NO,SOMETIMES,NO,YES,SOMETIMES,YES,YES,YES,NOT_SURE,YES,YES,SOMETIMES,NO,SOMETIMES,NO,NO,NO,YES,YES,NOT_SURE,YES,SOMETIMES,YES
SYN-0081,NOT_SURE,YES,YES,NOT_SURE,NOT_SURE,YES,YES,NOT_SURE,FRIENDS,NOT_SURE,NOT_SURE,SOMETIMES,NO,NO,NO,NO,NOT_SURE,SOMETIMES,NOT_SURE,NO,71,CRITICAL,51,83,68,51,54,100,86,86,69,76,NOT_SURE,NO,FRIENDS,YES,YES,YES,NOT_SURE,NOT_SURE,YES,YES,NOT_SURE,YES,NOT_SURE,SOMETIMES,NOT_SURE,NOT_SURE,NOT_SURE,FRIENDS,SOMETIMES,SOMETIMES,NOT_SURE,SOMETIMES,NOT_SURE,SOMETIMES,NOT_SURE,YES,NO,YES,YES,NO,NOT_SURE,NOT_SURE,NO,NOT_SURE,NO,NO,NO,NO,NOT_SURE,SOMETIMES,NOT_SURE,SOMETIMES,YES,SOMETIMES,YES,SOMETIMES,NOT_SURE,SOMETIMES,NOT_SURE,NO,NOT_SURE
SYN-0082,FRIENDS,NOT_SURE,NO,NO,NO,NO,NOT_SURE,NO,PRIVATE,SOMETIMES,NOT_SURE,NO,NOT_SURE,SOMETIMES,SOMETIMES,SOMETIMES,SOMETIMES,NOT_SURE,NO,SOMETIMES,39,MODERATE,21,30,42,44,24,69,37,25,54,64,FRIENDS,NO,PRIVATE,NO,NOT_SURE,NO,NO,NOT_SURE,NO,NOT_SURE,NO,NOT_SURE,SOMETIMES,SOMETIMES,NO,NOT_SURE,SOMETIMES,PRIVATE,YES,SOMETIMES,SOMETIMES,NO,NOT_SURE,SOMETIMES,NO,NOT_SURE,NOT_SURE,SOMETIMES,YES,SOMETIMES,SOMETIMES,YES,SOMETIMES,YES,SOMETIMES,YES,SOMETIMES,YES,YES,SOMETIMES,SOMETIMES,NOT_SURE,SOMETIMES,NOT_SURE,SOMETIMES,SOMETIMES,NO,SOMETIMES,SOMETIMES,SOMETIMES,SOMETIMES
SYN-0083,PRIVATE,NOT_SURE,NO,NO,YES,NO,NOT_SURE,NO,PRIVATE,NOT_SURE,NO,NO,SOMETIMES,YES,NOT_SURE,YES,NO,NO,YES,NOT_SURE,28,MODERATE,7,30,48,19,36,29,35,13,11,29,PRIVATE,NO,PRIVATE,SOMETIMES,NOT_SURE,NO,NO,NOT_SURE,NO,NOT_SURE,NO,SOMETIMES,NOT_SURE,NO,YES,NO,NOT_SURE,PRIVATE,NO,SOMETIMES,SOMETIMES,NO,NOT_SURE,NOT_SURE,NOT_SURE,NO,SOMETIMES,NO,SOMETIMES,NOT_SURE,NO,SOMETIMES,YES,SOMETIMES,NOT_SURE,YES,YES,SOMETIMES,YES,NO,SOMETIMES,NO,NO,NO,SOMETIMES,YES,YES,NOT_SURE,YES,NOT_SURE,YES
SYN-0084,NOT_SURE,NOT_SURE,NOT_SURE,NOT_SURE,NOT_SURE,NOT_SURE,NOT_SURE,NO,NOT_SURE,NOT_SURE,SOMETIMES,SOMETIMES,NOT_SURE,SOMETIMES,NO,SOMETIMES,YES,YES,NOT_SURE,SOMETIMES,61,HIGH,63,56,47,61,53,59,81,60,66,60,NOT_SURE,SOMETIMES,NOT_SURE,NOT_SURE,NOT_SURE,NOT_SURE,NOT_SURE,NOT_SURE,NOT_SURE,NOT_SURE,NO,SOMETIMES,NOT_SURE,NO,NOT_SURE,SOMETIMES,NOT_SURE,NOT_SURE,SOMETIMES,NOT_SURE,NOT_SURE,SOMETIMES,NOT_SURE,SOMETIMES,SOMETIMES,SOMETIMES,NOT_SURE,SOMETIMES,SOMETIMES,NO,YES,SOMETIMES,SOMETIMES,NOT_SURE,NOT_SURE,NOT_SURE,SOMETIMES,NOT_SURE,NOT_SURE,SOMETIMES,SOMETIMES,YES,NOT_SURE,NOT_SURE,NOT_SURE,SOMETIMES,NOT_SURE,NOT_SURE,SOMETIMES,SOMETIMES,NOT_SURE
SYN-0085,NOT_SURE,NO,YES,NOT_SURE,NO,NO,NOT_SURE,NOT_SURE,FRIENDS,NO,NOT_SURE,SOMETIMES,NOT_SURE,SOMETIMES,SOMETIMES,NO,NOT_SURE,NO,SOMETIMES,YES,46,HIGH,63,44,32,59,57,53,54,61,25,14,NOT_SURE,NOT_SURE,FRIENDS,NOT_SURE,NO,YES,NOT_SURE,NOT_SURE,NO,NOT_SURE,NOT_SURE,SOMETIMES,NO,SOMETIMES,NO,NOT_SURE,SOMETIMES,FRIENDS,NOT_SURE,SOMETIMES,YES,SOMETIMES,NOT_SURE,NOT_SURE,NOT_SURE,SOMETIMES,NOT_SURE,NOT_SURE,NO,SOMETIMES,NOT_SURE,SOMETIMES,NO,YES,YES,NO,SOMETIMES,SOMETIMES,NOT_SURE,YES,NO,NO,SOMETIMES,NO,SOMETIMES,SOMETIMES,SOMETIMES,NO,YES,YES,YES
SYN-0086,NOT_SURE,YES,NOT_SURE,NOT_SURE,NOT_SURE,YES,NOT_SURE,YES,NOT_SURE,NOT_SURE,YES,YES,NO,NO,NO,NOT_SURE,YES,YES,SOMETIMES,SOMETIMES,77,CRITICAL,71,86,66,45,84,94,96,75,80,66,NOT_SURE,NOT_SURE,NOT_SURE,YES,YES,NOT_SURE,NOT_SURE,YES,YES,NOT_SURE,YES,NOT_SURE,NOT_SURE,NOT_SURE,NOT_SURE,YES,NOT_SURE,NOT_SURE,SOMETIMES,NO,SOMETIMES,YES,NOT_SURE,NOT_SURE,YES,YES,NO,YES,NOT_SURE,NO,YES,NO,NOT_SURE,NO,NO,NO,NO,NOT_SURE,SOMETIMES,NOT_SURE,NOT_SURE,YES,YES,SOMETIMES,YES,SOMETIMES,SOMETIMES,NOT_SURE,NO,SOMETIMES,NO
SYN-0087,FRIENDS,NO,NOT_SURE,NOT_SURE,YES,NOT_SURE,NOT_SURE,YES,NOT_SURE,YES,SOMETIMES,NOT_SURE,SOMETIMES,NO,NO,SOMETIMES,NOT_SURE,YES,NO,NO,71,CRITICAL,69,50,92,61,61,37,74,75,89,100,FRIENDS,YES,NOT_SURE,NOT_SURE,NO,NOT_SURE,NOT_SURE,NOT_SURE,NOT_SURE,NOT_SURE,YES,YES,YES,YES,YES,SOMETIMES,YES,NOT_SURE,SOMETIMES,NOT_SURE,NOT_SURE,NOT_SURE,NOT_SURE,NOT_SURE,NOT_SURE,NO,SOMETIMES,SOMETIMES,NOT_SURE,NO,NOT_SURE,SOMETIMES,SOMETIMES,NO,SOMETIMES,NOT_SURE,NO,SOMETIMES,SOMETIMES,YES,NOT_SURE,YES,YES,NOT_SURE,YES,NO,NO,YES,NO,NO,NO
SYN-0088,PRIVATE,NOT_SURE,NO,NO,NO,NO,NO,NOT_SURE,PRIVATE,SOMETIMES,NO,SOMETIMES,SOMETIMES,SOMETIMES,SOMETIMES,NOT_SURE,YES,SOMETIMES,SOMETIMES,SOMETIMES,41,HIGH,33,30,25,33,46,60,71,44,41,43,PRIVATE,NOT_SURE,FRIENDS,NOT_SURE,NOT_SURE,NO,NO,NOT_SURE,NO,NO,NOT_SURE,NOT_SURE,SOMETIMES,NO,NO,NO,SOMETIMES,PRIVATE,SOMETIMES,SOMETIMES,NOT_SURE,SOMETIMES,NOT_SURE,YES,SOMETIMES,NOT_SURE,SOMETIMES,SOMETIMES,YES,SOMETIMES,YES,SOMETIMES,NOT_SURE,NO,SOMETIMES,NOT_SURE,SOMETIMES,SOMETIMES,SOMETIMES,NO,NO,SOMETIMES,SOMETIMES,NOT_SURE,NO,SOMETIMES,SOMETIMES,SOMETIMES,SOMETIMES,SOMETIMES,YES
SYN-0089,NOT_SURE,NOT_SURE,YES,NOT_SURE,NO,YES,NOT_SURE,NOT_SURE,PUBLIC,SOMETIMES,NOT_SURE,YES,NOT_SURE,YES,NO,NOT_SURE,NOT_SURE,YES,NOT_SURE,NOT_SURE,70,HIGH,76,59,42,90,93,64,87,25,79,66,NOT_SURE,YES,NOT_SURE,SOMETIMES,NOT_SURE,YES,NOT_SURE,NO,YES,NOT_SURE,NOT_SURE,NOT_SURE,SOMETIMES,SOMETIMES,NO,NOT_SURE,SOMETIMES,PUBLIC,YES,NOT_SURE,YES,YES,YES,NO,SOMETIMES,NOT_SURE,NOT_SURE,NOT_SURE,NOT_SURE,NO,NOT_SURE,NO,NOT_SURE,NO,NO,NO,YES,SOMETIMES,SOMETIMES,NO,NOT_SURE,YES,YES,NOT_SURE,NOT_SURE,SOMETIMES,NOT_SURE,NOT_SURE,SOMETIMES,NOT_SURE,NOT_SURE
SYN-0090,PRIVATE,NO,NO,NOT_SURE,NO,NO,NO,NO,PRIVATE,NO,NO,NO,YES,YES,YES,YES,NO,NO,YES,YES,10,LOW,17,9,0,0,33,0,4,8,21,7,PRIVATE,NOT_SURE,PRIVATE,NO,NO,NO,NOT_SURE,NO,NO,NO,NO,NO,NO,NO,NO,NO,NO,PRIVATE,NO,NO,NO,NO,NOT_SURE,SOMETIMES,NOT_SURE,NO,YES,NO,NO,YES,NO,YES,YES,YES,SOMETIMES,YES,YES,YES,YES,NOT_SURE,NO,NO,SOMETIMES,NO,NO,SOMETIMES,YES,SOMETIMES,YES,YES,YES
SYN-0091,FRIENDS,NO,NO,NO,NOT_SURE,NO,NOT_SURE,NO,FRIENDS,NOT_SURE,YES,NOT_SURE,SOMETIMES,NOT_SURE,NO,SOMETIMES,YES,SOMETIMES,SOMETIMES,YES,50,HIGH,43,17,68,53,33,51,80,63,47,36,FRIENDS,SOMETIMES,FRIENDS,NO,NO,NO,NO,NOT_SURE,NO,NOT_SURE,NO,NOT_SURE,NOT_SURE,SOMETIMES,NOT_SURE,YES,YES,FRIENDS,SOMETIMES,NOT_SURE,SOMETIMES,NOT_SURE,NO,SOMETIMES,NO,SOMETIMES,SOMETIMES,SOMETIMES,NOT_SURE,NO,YES,NOT_SURE,SOMETIMES,SOMETIMES,NOT_SURE,NOT_SURE,NOT_SURE,SOMETIMES,NOT_SURE,SOMETIMES,NO,SOMETIMES,NOT_SURE,NOT_SURE,SOMETIMES,SOMETIMES,SOMETIMES,SOMETIMES,SOMETIMES,YES,SOMETIMES
SYN-0092,FRIENDS,NOT_SURE,NOT_SURE,NOT_SURE,NO,NO,NOT_SURE,NOT_SURE,PRIVATE,NO,NO,NO,YES,YES,SOMETIMES,SOMETIMES,SOMETIMES,NO,YES,SOMETIMES,24,MODERATE,36,39,0,8,7,24,44,0,37,29,FRIENDS,SOMETIMES,PRIVATE,NO,NOT_SURE,NOT_SURE,NOT_SURE,NO,NO,NOT_SURE,NOT_SURE,NO,NO,NO,NO,NO,NO,PRIVATE,NO,NO,NOT_SURE,NO,NO,YES,SOMETIMES,NOT_SURE,YES,NO,SOMETIMES,SOMETIMES,SOMETIMES,YES,SOMETIMES,YES,NOT_SURE,NOT_SURE,YES,YES,YES,NO,SOMETIMES,NO,NOT_SURE,NOT_SURE,NOT_SURE,YES,YES,SOMETIMES,YES,SOMETIMES,SOMETIMES
SYN-0093,PRIVATE,NOT_SURE,NOT_SURE,NO,NO,NOT_SURE,NOT_SURE,NO,PUBLIC,NOT_SURE,NO,NOT_SURE,YES,YES,NOT_SURE,SOMETIMES,NOT_SURE,YES,SOMETIMES,YES,44,HIGH,33,47,23,71,57,21,56,6,56,29,PRIVATE,NOT_SURE,FRIENDS,NOT_SURE,NOT_SURE,NOT_SURE,NO,NOT_SURE,NOT_SURE,NOT_SURE,NO,NOT_SURE,NOT_SURE,NO,NO,NO,NO,PUBLIC,NOT_SURE,SOMETIMES,SOMETIMES,NOT_SURE,NOT_SURE,SOMETIMES,SOMETIMES,SOMETIMES,YES,NO,SOMETIMES,NOT_SURE,NOT_SURE,SOMETIMES,SOMETIMES,SOMETIMES,NOT_SURE,YES,YES,YES,YES,SOMETIMES,SOMETIMES,YES,SOMETIMES,NO,SOMETIMES,NOT_SURE,SOMETIMES,SOMETIMES,YES,YES,SOMETIMES
SYN-0094,FRIENDS,NOT_SURE,NOT_SURE,YES,NOT_SURE,YES,YES,NOT_SURE,NOT_SURE,YES,NOT_SURE,YES,NOT_SURE,NOT_SURE,SOMETIMES,NOT_SURE,SOMETIMES,NOT_SURE,SOMETIMES,NOT_SURE,63,HIGH,53,83,62,61,83,69,55,59,39,59,FRIENDS,SOMETIMES,NOT_SURE,SOMETIMES,NOT_SURE,NOT_SURE,YES,YES,YES,YES,NOT_SURE,SOMETIMES,YES,SOMETIMES,NOT_SURE,NOT_SURE,SOMETIMES,NOT_SURE,SOMETIMES,NOT_SURE,NOT_SURE,YES,NOT_SURE,NO,NOT_SURE,NOT_SURE,NOT_SURE,YES,SOMETIMES,SOMETIMES,SOMETIMES,SOMETIMES,NOT_SURE,NOT_SURE,SOMETIMES,SOMETIMES,NOT_SURE,SOMETIMES,SOMETIMES,NOT_SURE,SOMETIMES,NOT_SURE,NO,SOMETIMES,NOT_SURE,SOMETIMES,SOMETIMES,SOMETIMES,NOT_SURE,NOT_SURE,SOMETIMES
SYN-0095,FRIENDS,YES,NOT_SURE,NOT_SURE,NOT_SURE,YES,NOT_SURE,NOT_SURE,NOT_SURE,SOMETIMES,NO,SOMETIMES,SOMETIMES,NOT_SURE,NO,NO,YES,SOMETIMES,SOMETIMES,SOMETIMES,64,HIGH,54,83,45,63,53,61,98,57,56,43,FRIENDS,SOMETIMES,NOT_SURE,NOT_SURE,YES,NOT_SURE,NOT_SURE,YES,YES,NOT_SURE,NOT_SURE,SOMETIMES,SOMETIMES,SOMETIMES,NOT_SURE,NO,SOMETIMES,NOT_SURE,NOT_SURE,NOT_SURE,SOMETIMES,SOMETIMES,NOT_SURE,SOMETIMES,SOMETIMES,NOT_SURE,SOMETIMES,YES,NOT_SURE,NO,YES,NO,NO,NO,NOT_SURE,NO,NOT_SURE,SOMETIMES,SOMETIMES,SOMETIMES,NOT_SURE,SOMETIMES,NOT_SURE,NOT_SURE,NOT_SURE,SOMETIMES,SOMETIMES,SOMETIMES,SOMETIMES,SOMETIMES,YES
SYN-0096,FRIENDS,NO,NO,NO,NOT_SURE,NO,NO,NOT_SURE,PRIVATE,NOT_SURE,NOT_SURE,SOMETIMES,SOMETIMES,NOT_SURE,SOMETIMES,SOMETIMES,YES,NOT_SURE,NOT_SURE,NOT_SURE,35,MODERATE,36,4,46,22,30,37,52,64,31,63,FRIENDS,NO,FRIENDS,SOMETIMES,NO,NO,NO,NO,NO,NO,NOT_SURE,NO,NOT_SURE,NOT_SURE,NOT_SURE,NOT_SURE,NOT_SURE,PRIVATE,NOT_SURE,NO,NOT_SURE,SOMETIMES,NO,YES,NOT_SURE,NO,SOMETIMES,NOT_SURE,SOMETIMES,SOMETIMES,YES,SOMETIMES,SOMETIMES,YES,SOMETIMES,YES,NOT_SURE,NO,SOMETIMES,NO,SOMETIMES,NOT_SURE,NO,NO,SOMETIMES,SOMETIMES,NOT_SURE,NOT_SURE,SOMETIMES,NOT_SURE,SOMETIMES
SYN-0097,PRIVATE,NOT_SURE,NO,NO,YES,NO,NO,NOT_SURE,NOT_SURE,NOT_SURE,SOMETIMES,NO,YES,YES,NOT_SURE,SOMETIMES,SOMETIMES,SOMETIMES,YES,SOMETIMES,34,MODERATE,21,17,67,45,17,7,49,6,44,21,PRIVATE,SOMETIMES,FRIENDS,NO,NOT_SURE,NO,NO,NO,NO,NO,NOT_SURE,NOT_SURE,NOT_SURE,NOT_SURE,YES,SOMETIMES,SOMETIMES,NOT_SURE,SOMETIMES,NO,SOMETIMES,NO,NOT_SURE,YES,NO,NO,YES,SOMETIMES,NO,NOT_SURE,SOMETIMES,YES,SOMETIMES,SOMETIMES,YES,SOMETIMES,YES,YES,YES,SOMETIMES,NOT_SURE,SOMETIMES,SOMETIMES,SOMETIMES,SOMETIMES,YES,YES,SOMETIMES,YES,SOMETIMES,YES
SYN-0098,PRIVATE,NO,NO,NOT_SURE,NO,NO,NOT_SURE,YES,PRIVATE,SOMETIMES,NO,NOT_SURE,YES,SOMETIMES,SOMETIMES,NOT_SURE,SOMETIMES,SOMETIMES,NOT_SURE,YES,31,MODERATE,0,33,17,0,57,0,55,55,45,44,PRIVATE,NO,PRIVATE,NO,NO,NO,NOT_SURE,NOT_SURE,NO,NOT_SURE,YES,NO,SOMETIMES,NOT_SURE,NO,NO,NO,PRIVATE,NO,NO,NO,NOT_SURE,NOT_SURE,SOMETIMES,SOMETIMES,NO,YES,NO,NO,SOMETIMES,SOMETIMES,SOMETIMES,NOT_SURE,NOT_SURE,SOMETIMES,SOMETIMES,SOMETIMES,NOT_SURE,SOMETIMES,SOMETIMES,NOT_SURE,SOMETIMES,SOMETIMES,NO,NOT_SURE,SOMETIMES,NOT_SURE,SOMETIMES,SOMETIMES,YES,NOT_SURE
SYN-0099,NOT_SURE,YES,NOT_SURE,NOT_SURE,YES,NOT_SURE,YES,NOT_SURE,PUBLIC,NO,NOT_SURE,NOT_SURE,NOT_SURE,SOMETIMES,SOMETIMES,NOT_SURE,SOMETIMES,YES,SOMETIMES,SOMETIMES,65,HIGH,54,80,59,88,77,59,51,38,64,61,NOT_SURE,NO,NOT_SURE,YES,YES,NOT_SURE,NOT_SURE,YES,NOT_SURE,YES,NOT_SURE,NOT_SURE,NO,NOT_SURE,YES,NOT_SURE,SOMETIMES,PUBLIC,SOMETIMES,YES,YES,NOT_SURE,YES,NO,NOT_SURE,SOMETIMES,NOT_SURE,SOMETIMES,SOMETIMES,SOMETIMES,SOMETIMES,NOT_SURE,NOT_SURE,SOMETIMES,SOMETIMES,YES,SOMETIMES,SOMETIMES,YES,SOMETIMES,NOT_SURE,YES,SOMETIMES,NOT_SURE,NOT_SURE,SOMETIMES,SOMETIMES,NOT_SURE,NOT_SURE,SOMETIMES,NO
SYN-0100,NOT_SURE,NO,NO,NO,YES,NOT_SURE,NOT_SURE,NO,PRIVATE,NOT_SURE,SOMETIMES,NOT_SURE,YES,NO,SOMETIMES,SOMETIMES,SOMETIMES,NOT_SURE,NO,NOT_SURE,48,HIGH,51,26,67,20,69,14,52,69,49,56,NOT_SURE,NO,FRIENDS,YES,NO,NO,NO,NOT_SURE,NOT_SURE,NOT_SURE,NO,NOT_SURE,NOT_SURE,NOT_SURE,YES,SOMETIMES,SOMETIMES,PRIVATE,SOMETIMES,NO,NOT_SURE,NOT_SURE,YES,SOMETIMES,SOMETIMES,NO,YES,SOMETIMES,SOMETIMES,SOMETIMES,SOMETIMES,SOMETIMES,SOMETIMES,NOT_SURE,SOMETIMES,SOMETIMES,NO,SOMETIMES,SOMETIMES,SOMETIMES,NOT_SURE,NOT_SURE,SOMETIMES,NO,SOMETIMES,NOT_SURE,NO,SOMETIMES,YES,NOT_SURE,YES
SYN-0101,FRIENDS,NOT_SURE,NO,NOT_SURE,NO,NOT_SURE,NO,NOT_SURE,FRIENDS,SOMETIMES,NOT_SURE,YES,SOMETIMES,SOMETIMES,YES,SOMETIMES,SOMETIMES,NO,NOT_SURE,NO,48,HIGH,57,56,35,59,86,29,22,36,41,70,FRIENDS,NOT_SURE,NOT_SURE,NOT_SURE,NOT_SURE,NO,NOT_SURE,YES,NOT_SURE,NO,NOT_SURE,NOT_SURE,SOMETIMES,NO,NO,NOT_SURE,SOMETIMES,FRIENDS,SOMETIMES,NOT_SURE,YES,YES,YES,SOMETIMES,SOMETIMES,NO,SOMETIMES,SOMETIMES,NO,YES,SOMETIMES,YES,SOMETIMES,YES,YES,SOMETIMES,SOMETIMES,NOT_SURE,YES,NO,SOMETIMES,NO,SOMETIMES,NOT_SURE,SOMETIMES,SOMETIMES,NOT_SURE,SOMETIMES,SOMETIMES,NO,SOMETIMES
SYN-0102,FRIENDS,YES,YES,YES,NOT_SURE,YES,NOT_SURE,NOT_SURE,FRIENDS,YES,SOMETIMES,NOT_SURE,NOT_SURE,NOT_SURE,NOT_SURE,NOT_SURE,YES,SOMETIMES,YES,SOMETIMES,68,HIGH,51,86,71,63,53,64,77,69,79,29,FRIENDS,SOMETIMES,FRIENDS,NOT_SURE,YES,YES,YES,NOT_SURE,YES,NOT_SURE,NOT_SURE,NOT_SURE,YES,YES,NOT_SURE,SOMETIMES,NOT_SURE,FRIENDS,SOMETIMES,YES,SOMETIMES,NOT_SURE,NOT_SURE,NOT_SURE,NO,NOT_SURE,NOT_SURE,NOT_SURE,NOT_SURE,NOT_SURE,YES,NO,NOT_SURE,SOMETIMES,SOMETIMES,NO,NOT_SURE,NOT_SURE,NOT_SURE,NOT_SURE,YES,SOMETIMES,YES,YES,SOMETIMES,SOMETIMES,YES,NO,SOMETIMES,SOMETIMES,SOMETIMES
SYN-0103,NOT_SURE,NOT_SURE,NO,NOT_SURE,NOT_SURE,NOT_SURE,NOT_SURE,NOT_SURE,PRIVATE,NOT_SURE,NOT_SURE,NO,NOT_SURE,SOMETIMES,SOMETIMES,NOT_SURE,YES,YES,SOMETIMES,YES,47,HIGH,66,39,60,21,7,64,69,26,67,21,NOT_SURE,NOT_SURE,NOT_SURE,NOT_SURE,NOT_SURE,NO,NOT_SURE,NO,NOT_SURE,NOT_SURE,NOT_SURE,NOT_SURE,NOT_SURE,NOT_SURE,NOT_SURE,NOT_SURE,NOT_SURE,PRIVATE,NO,NOT_SURE,SOMETIMES,NO,NO,SOMETIMES,NO,NOT_SURE,NOT_SURE,NOT_SURE,NOT_SURE,SOMETIMES,YES,NOT_SURE,NOT_SURE,NOT_SURE,NOT_SURE,SOMETIMES,SOMETIMES,YES,YES,NOT_SURE,NOT_SURE,YES,NOT_SURE,NOT_SURE,NOT_SURE,SOMETIMES,SOMETIMES,NO,YES,YES,SOMETIMES
SYN-0104,FRIENDS,NOT_SURE,NOT_SURE,NOT_SURE,NO,NOT_SURE,NOT_SURE,NOT_SURE,NOT_SURE,SOMETIMES,SOMETIMES,NOT_SURE,SOMETIMES,SOMETIMES,NOT_SURE,NOT_SURE,SOMETIMES,NOT_SURE,SOMETIMES,NOT_SURE,54,HIGH,60,60,37,60,66,51,56,38,54,49,FRIENDS,SOMETIMES,NOT_SURE,YES,NOT_SURE,NOT_SURE,NOT_SURE,NOT_SURE,NOT_SURE,NOT_SURE,NOT_SURE,NOT_SURE,SOMETIMES,NO,NO,SOMETIMES,YES,NOT_SURE,NOT_SURE,SOMETIMES,SOMETIMES,NOT_SURE,NOT_SURE,NO,NOT_SURE,SOMETIMES,SOMETIMES,SOMETIMES,NOT_SURE,NOT_SURE,SOMETIMES,NOT_SURE,NOT_SURE,YES,NOT_SURE,SOMETIMES,SOMETIMES,YES,SOMETIMES,SOMETIMES,SOMETIMES,NOT_SURE,SOMETIMES,NOT_SURE,SOMETIMES,SOMETIMES,SOMETIMES,SOMETIMES,SOMETIMES,NOT_SURE,YES
SYN-0105,NOT_SURE,NO,NO,NO,NOT_SURE,NOT_SURE,NOT_SURE,NO,NOT_SURE,NOT_SURE,SOMETIMES,NOT_SURE,SOMETIMES,NO,NO,NOT_SURE,NO,NO,SOMETIMES,NOT_SURE,53,HIGH,54,13,71,69,59,61,61,80,32,66,NOT_SURE,NOT_SURE,PRIVATE,SOMETIMES,NO,NO,NO,NO,NOT_SURE,NOT_SURE,NO,YES,NOT_SURE,NOT_SURE,NOT_SURE,SOMETIMES,YES,NOT_SURE,NOT_SURE,NOT_SURE,YES,NOT_SURE,NOT_SURE,SOMETIMES,NOT_SURE,NOT_SURE,SOMETIMES,YES,NOT_SURE,NO,NO,NOT_SURE,NOT_SURE,SOMETIMES,NOT_SURE,NOT_SURE,NO,SOMETIMES,NOT_SURE,YES,NO,NO,SOMETIMES,SOMETIMES,SOMETIMES,SOMETIMES,SOMETIMES,YES,SOMETIMES,NOT_SURE,NOT_SURE
SYN-0106,PUBLIC,NOT_SURE,NOT_SURE,NOT_SURE,NOT_SURE,NOT_SURE,YES,NOT_SURE,FRIENDS,YES,YES,YES,NOT_SURE,NO,NO,NOT_SURE,SOMETIMES,SOMETIMES,NO,NO,79,CRITICAL,93,71,69,65,96,70,79,86,84,96,PUBLIC,YES,PUBLIC,SOMETIMES,NOT_SURE,NOT_SURE,NOT_SURE,YES,NOT_SURE,YES,NOT_SURE,SOMETIMES,YES,NOT_SURE,NOT_SURE,YES,SOMETIMES,FRIENDS,NOT_SURE,YES,SOMETIMES,YES,YES,NOT_SURE,YES,NOT_SURE,NOT_SURE,YES,NOT_SURE,NO,SOMETIMES,NO,NOT_SURE,NOT_SURE,NOT_SURE,NO,NO,NOT_SURE,NO,SOMETIMES,NOT_SURE,SOMETIMES,YES,YES,YES,NO,NO,YES,NO,NO,NOT_SURE
SYN-0107,FRIENDS,NOT_SURE,NOT_SURE,NOT_SURE,NO,NOT_SURE,YES,NOT_SURE,FRIENDS,NO,SOMETIMES,SOMETIMES,NOT_SURE,NOT_SURE,YES,NOT_SURE,NO,SOMETIMES,YES,YES,37,MODERATE,43,71,19,40,31,56,14,68,26,14,FRIENDS,NO,PUBLIC,SOMETIMES,NOT_SURE,NOT_SURE,NOT_SURE,YES,NOT_SURE,YES,NOT_SURE,SOMETIMES,NO,NO,NO,SOMETIMES,NO,FRIENDS,NO,NOT_SURE,SOMETIMES,SOMETIMES,NO,NOT_SURE,NO,NOT_SURE,NOT_SURE,NOT_SURE,NO,YES,NO,YES,NOT_SURE,YES,YES,SOMETIMES,NOT_SURE,NOT_SURE,NOT_SURE,SOMETIMES,NO,SOMETIMES,NO,NOT_SURE,NO,SOMETIMES,YES,SOMETIMES,YES,YES,SOMETIMES
SYN-0108,FRIENDS,NOT_SURE,NO,NOT_SURE,NOT_SURE,NOT_SURE,NOT_SURE,NOT_SURE,PUBLIC,NOT_SURE,YES,NO,SOMETIMES,NOT_SURE,YES,SOMETIMES,NOT_SURE,YES,YES,NOT_SURE,54,HIGH,71,39,75,73,24,51,43,64,66,34,FRIENDS,YES,PUBLIC,SOMETIMES,NOT_SURE,NO,NOT_SURE,NO,NOT_SURE,NOT_SURE,NOT_SURE,YES,NOT_SURE,NOT_SURE,NOT_SURE,YES,NOT_SURE,PUBLIC,NOT_SURE,SOMETIMES,NOT_SURE,NO,NOT_SURE,YES,SOMETIMES,SOMETIMES,SOMETIMES,SOMETIMES,NOT_SURE,YES,NOT_SURE,NO,SOMETIMES,SOMETIMES,SOMETIMES,NOT_SURE,NOT_SURE,SOMETIMES,SOMETIMES,YES,NOT_SURE,YES,SOMETIMES,SOMETIMES,NOT_SURE,NOT_SURE,YES,SOMETIMES,YES,NOT_SURE,SOMETIMES
SYN-0109,FRIENDS,NOT_SURE,NOT_SURE,NOT_SURE,NOT_SURE,NOT_SURE,NOT_SURE,NOT_SURE,NOT_SURE,NO,SOMETIMES,SOMETIMES,SOMETIMES,SOMETIMES,YES,SOMETIMES,YES,NOT_SURE,SOMETIMES,NOT_SURE,50,HIGH,21,60,35,59,69,51,46,61,56,61,FRIENDS,NO,PRIVATE,NO,NOT_SURE,NOT_SURE,NOT_SURE,NOT_SURE,NOT_SURE,NOT_SURE,NOT_SURE,NOT_SURE,NO,NO,NOT_SURE,SOMETIMES,NO,NOT_SURE,SOMETIMES,SOMETIMES,NOT_SURE,SOMETIMES,YES,NOT_SURE,NOT_SURE,SOMETIMES,SOMETIMES,SOMETIMES,NOT_SURE,YES,YES,NOT_SURE,SOMETIMES,SOMETIMES,YES,NOT_SURE,SOMETIMES,NOT_SURE,SOMETIMES,YES,SOMETIMES,NOT_SURE,NOT_SURE,SOMETIMES,NOT_SURE,SOMETIMES,SOMETIMES,SOMETIMES,NOT_SURE,NOT_SURE,NOT_SURE
SYN-0110,FRIENDS,NO,NO,NOT_SURE,YES,NOT_SURE,NOT_SURE,NOT_SURE,NOT_SURE,SOMETIMES,NOT_SURE,SOMETIMES,NO,YES,SOMETIMES,NOT_SURE,SOMETIMES,SOMETIMES,SOMETIMES,YES,57,HIGH,51,39,66,79,69,76,54,43,58,29,FRIENDS,SOMETIMES,FRIENDS,NOT_SURE,NO,NO,NOT_SURE,NOT_SURE,NOT_SURE,NOT_SURE,NOT_SURE,NOT_SURE,SOMETIMES,SOMETIMES,YES,NOT_SURE,NOT_SURE,NOT_SURE,NOT_SURE,YES,YES,SOMETIMES,YES,NOT_SURE,NOT_SURE,NOT_SURE,NO,NOT_SURE,SOMETIMES,SOMETIMES,SOMETIMES,NOT_SURE,NOT_SURE,SOMETIMES,SOMETIMES,SOMETIMES,YES,NOT_SURE,NOT_SURE,NOT_SURE,SOMETIMES,SOMETIMES,SOMETIMES,SOMETIMES,NOT_SURE,NO,SOMETIMES,SOMETIMES,SOMETIMES,YES,YES
SYN-0111,NOT_SURE,NOT_SURE,YES,NOT_SURE,NOT_SURE,YES,NOT_SURE,NOT_SURE,PUBLIC,YES,YES,NOT_SURE,NO,SOMETIMES,SOMETIMES,YES,NO,SOMETIMES,SOMETIMES,NOT_SURE,65,HIGH,83,71,73,75,40,93,33,61,79,64,NOT_SURE,YES,NOT_SURE,YES,NOT_SURE,YES,NOT_SURE,NOT_SURE,YES,NOT_SURE,NOT_SURE,SOMETIMES,YES,NOT_SURE,NOT_SURE,YES,YES,PUBLIC,SOMETIMES,SOMETIMES,YES,NOT_SURE,NO,SOMETIMES,SOMETIMES,YES,NO,YES,SOMETIMES,SOMETIMES,NO,SOMETIMES,YES,NO,SOMETIMES,YES,SOMETIMES,SOMETIMES,NOT_SURE,YES,YES,SOMETIMES,YES,NOT_SURE,YES,NOT_SURE,SOMETIMES,NOT_SURE,SOMETIMES,NOT_SURE,NO
SYN-0112,FRIENDS,YES,YES,NOT_SURE,NOT_SURE,NOT_SURE,YES,YES,NOT_SURE,YES,SOMETIMES,YES,SOMETIMES,NO,NOT_SURE,NOT_SURE,NOT_SURE,SOMETIMES,NOT_SURE,NO,71,CRITICAL,71,89,65,61,89,59,63,93,54,67,FRIENDS,YES,FRIENDS,YES,YES,YES,NOT_SURE,YES,NOT_SURE,YES,YES,SOMETIMES,YES,NOT_SURE,NOT_SURE,SOMETIMES,YES,NOT_SURE,SOMETIMES,NOT_SURE,NOT_SURE,YES,YES,NOT_SURE,SOMETIMES,SOMETIMES,SOMETIMES,NOT_SURE,YES,NOT_SURE,NOT_SURE,NOT_SURE,NOT_SURE,SOMETIMES,SOMETIMES,SOMETIMES,NO,NO,NOT_SURE,YES,NOT_SURE,SOMETIMES,NOT_SURE,SOMETIMES,SOMETIMES,SOMETIMES,NOT_SURE,NOT_SURE,NOT_SURE,NO,YES
SYN-0113,PRIVATE,NOT_SURE,NOT_SURE,NOT_SURE,NO,NO,NO,NO,NOT_SURE,SOMETIMES,NO,SOMETIMES,SOMETIMES,YES,NOT_SURE,YES,NO,YES,YES,SOMETIMES,36,MODERATE,7,43,8,64,49,53,29,25,69,30,PRIVATE,NO,FRIENDS,NO,NOT_SURE,NOT_SURE,NOT_SURE,NOT_SURE,NO,NO,NO,NO,SOMETIMES,NO,NO,NO,NO,NOT_SURE,NOT_SURE,NOT_SURE,NOT_SURE,SOMETIMES,NOT_SURE,NOT_SURE,NO,NOT_SURE,SOMETIMES,YES,NO,NOT_SURE,NO,YES,YES,NOT_SURE,YES,YES,YES,SOMETIMES,SOMETIMES,NO,SOMETIMES,YES,SOMETIMES,NOT_SURE,YES,NOT_SURE,YES,NOT_SURE,YES,SOMETIMES,SOMETIMES
SYN-0114,PRIVATE,NO,NO,NO,NO,NO,NO,NO,PRIVATE,SOMETIMES,NO,NO,YES,YES,YES,YES,NO,NO,YES,YES,11,LOW,0,13,17,0,19,7,0,0,41,0,PRIVATE,NO,PRIVATE,NO,NO,NO,NO,NOT_SURE,NO,NO,NO,NO,SOMETIMES,NOT_SURE,NO,NO,NO,PRIVATE,NO,NO,NO,NO,NO,NOT_SURE,NOT_SURE,NO,YES,NO,SOMETIMES,YES,NO,YES,YES,YES,YES,YES,YES,YES,YES,NO,SOMETIMES,NO,SOMETIMES,NOT_SURE,NOT_SURE,SOMETIMES,YES,NO,YES,YES,YES
SYN-0115,PUBLIC,YES,NOT_SURE,YES,YES,NOT_SURE,NOT_SURE,NOT_SURE,NOT_SURE,YES,NOT_SURE,YES,NO,NOT_SURE,YES,YES,SOMETIMES,NOT_SURE,NOT_SURE,NO,70,HIGH,100,83,85,63,74,60,29,81,55,87,PUBLIC,YES,PUBLIC,YES,YES,NOT_SURE,YES,YES,NOT_SURE,NOT_SURE,NOT_SURE,NOT_SURE,YES,YES,YES,NOT_SURE,YES,NOT_SURE,NOT_SURE,NOT_SURE,SOMETIMES,YES,NOT_SURE,SOMETIMES,SOMETIMES,NO,NO,NOT_SURE,NOT_SURE,YES,SOMETIMES,NOT_SURE,YES,SOMETIMES,SOMETIMES,SOMETIMES,NOT_SURE,NOT_SURE,NO,YES,YES,NOT_SURE,NOT_SURE,NO,SOMETIMES,SOMETIMES,NOT_SURE,YES,NO,NO,NOT_SURE
SYN-0116,PUBLIC,YES,NOT_SURE,YES,NOT_SURE,NOT_SURE,NOT_SURE,YES,FRIENDS,NOT_SURE,NOT_SURE,YES,NOT_SURE,NOT_SURE,NOT_SURE,NOT_SURE,SOMETIMES,NOT_SURE,NOT_SURE,NO,74,CRITICAL,79,77,66,56,96,64,61,76,91,73,PUBLIC,NOT_SURE,NOT_SURE,NOT_SURE,YES,NOT_SURE,YES,NOT_SURE,NOT_SURE,NOT_SURE,YES,NOT_SURE,NOT_SURE,YES,NOT_SURE,NOT_SURE,NOT_SURE,FRIENDS,YES,NO,YES,YES,YES,NOT_SURE,YES,NOT_SURE,NOT_SURE,NOT_SURE,NOT_SURE,NOT_SURE,SOMETIMES,SOMETIMES,NOT_SURE,NOT_SURE,SOMETIMES,SOMETIMES,NOT_SURE,NO,NOT_SURE,NOT_SURE,YES,NOT_SURE,YES,YES,YES,NO,NOT_SURE,SOMETIMES,SOMETIMES,NO,NOT_SURE
SYN-0117,PRIVATE,NOT_SURE,YES,YES,NOT_SURE,NOT_SURE,YES,NOT_SURE,NOT_SURE,SOMETIMES,SOMETIMES,SOMETIMES,SOMETIMES,NO,SOMETIMES,YES,NOT_SURE,NOT_SURE,NOT_SURE,SOMETIMES,49,HIGH,31,74,45,49,31,50,32,56,77,50,PRIVATE,NOT_SURE,FRIENDS,SOMETIMES,NOT_SURE,YES,YES,NOT_SURE,NOT_SURE,YES,NOT_SURE,SOMETIMES,SOMETIMES,NO,NOT_SURE,SOMETIMES,NOT_SURE,NOT_SURE,NOT_SURE,NO,NOT_SURE,SOMETIMES,NO,NOT_SURE,NO,SOMETIMES,SOMETIMES,SOMETIMES,SOMETIMES,SOMETIMES,NOT_SURE,YES,YES,YES,SOMETIMES,YES,NO,SOMETIMES,YES,SOMETIMES,YES,NOT_SURE,YES,SOMETIMES,YES,SOMETIMES,NOT_SURE,NOT_SURE,YES,SOMETIMES,SOMETIMES
SYN-0118,PRIVATE,NO,NO,NO,NO,NO,NO,NO,PRIVATE,NO,NO,NO,YES,YES,SOMETIMES,YES,NOT_SURE,NOT_SURE,SOMETIMES,YES,11,LOW,0,0,0,15,0,0,34,38,13,21,PRIVATE,NO,PRIVATE,NO,NO,NO,NO,NO,NO,NO,NO,NO,NO,NO,NO,NO,NO,PRIVATE,NO,NOT_SURE,NO,NO,NO,YES,NO,NO,YES,NO,NO,SOMETIMES,NOT_SURE,YES,YES,SOMETIMES,YES,YES,YES,SOMETIMES,NOT_SURE,NOT_SURE,NO,NOT_SURE,NO,NO,NO,YES,SOMETIMES,NO,YES,YES,SOMETIMES
SYN-0119,NOT_SURE,NO,NOT_SURE,NOT_SURE,YES,NOT_SURE,NOT_SURE,NOT_SURE,FRIENDS,NOT_SURE,SOMETIMES,SOMETIMES,YES,NOT_SURE,SOMETIMES,YES,NOT_SURE,YES,NO,SOMETIMES,59,HIGH,64,47,77,64,60,39,41,59,72,64,NOT_SURE,NOT_SURE,NOT_SURE,SOMETIMES,NO,NOT_SURE,NOT_SURE,NOT_SURE,NOT_SURE,NOT_SURE,NOT_SURE,YES,NOT_SURE,NOT_SURE,YES,SOMETIMES,NOT_SURE,FRIENDS,YES,SOMETIMES,NOT_SURE,SOMETIMES,NOT_SURE,NO,SOMETIMES,NOT_SURE,YES,SOMETIMES,YES,SOMETIMES,NOT_SURE,YES,YES,SOMETIMES,SOMETIMES,SOMETIMES,NOT_SURE,SOMETIMES,SOMETIMES,NOT_SURE,NOT_SURE,YES,NOT_SURE,YES,SOMETIMES,SOMETIMES,NO,YES,YES,SOMETIMES,SOMETIMES
SYN-0120,NOT_SURE,NOT_SURE,NOT_SURE,NO,NO,NOT_SURE,YES,NOT_SURE,PRIVATE,NOT_SURE,NOT_SURE,YES,NOT_SURE,SOMETIMES,SOMETIMES,SOMETIMES,NOT_SURE,NOT_SURE,NOT_SURE,YES,49,HIGH,63,41,44,19,69,51,52,51,57,43,NOT_SURE,NOT_SURE,FRIENDS,NOT_SURE,NOT_SURE,NOT_SURE,NO,NO,NOT_SURE,YES,NOT_SURE,SOMETIMES,NOT_SURE,NOT_SURE,NO,NOT_SURE,NOT_SURE,PRIVATE,NO,SOMETIMES,SOMETIMES,YES,NOT_SURE,YES,NOT_SURE,SOMETIMES,NOT_SURE,NO,SOMETIMES,SOMETIMES,NOT_SURE,SOMETIMES,SOMETIMES,SOMETIMES,SOMETIMES,SOMETIMES,SOMETIMES,SOMETIMES,SOMETIMES,NOT_SURE,SOMETIMES,NOT_SURE,NOT_SURE,NOT_SURE,NOT_SURE,SOMETIMES,NOT_SURE,NOT_SURE,SOMETIMES,YES,SOMETIMES
SYN-0121,NOT_SURE,NOT_SURE,NOT_SURE,NOT_SURE,NOT_SURE,NOT_SURE,NOT_SURE,NOT_SURE,NOT_SURE,YES,YES,YES,SOMETIMES,NOT_SURE,SOMETIMES,SOMETIMES,NOT_SURE,NOT_SURE,NO,NO,74,CRITICAL,81,60,91,79,76,73,56,76,73,100,NOT_SURE,YES,PUBLIC,NOT_SURE,NOT_SURE,NOT_SURE,NOT_SURE,NOT_SURE,NOT_SURE,NOT_SURE,NOT_SURE,YES,YES,YES,NOT_SURE,YES,YES,NOT_SURE,NOT_SURE,YES,YES,YES,NOT_SURE,SOMETIMES,NOT_SURE,YES,SOMETIMES,NOT_SURE,YES,SOMETIMES,NOT_SURE,NOT_SURE,SOMETIMES,NOT_SURE,SOMETIMES,SOMETIMES,NOT_SURE,NO,NOT_SURE,NOT_SURE,NOT_SURE,NOT_SURE,YES,NOT_SURE,NOT_SURE,NOT_SURE,NO,YES,NO,NO,NO
SYN-0122,FRIENDS,NO,NOT_SURE,NOT_SURE,NOT_SURE,NOT_SURE,NO,NOT_SURE,FRIENDS,NOT_SURE,SOMETIMES,NOT_SURE,SOMETIMES,YES,NOT_SURE,YES,NO,NOT_SURE,SOMETIMES,YES,46,HIGH,54,30,55,54,41,54,34,30,70,40,FRIENDS,NOT_SURE,FRIENDS,NOT_SURE,NO,NOT_SURE,NOT_SURE,NO,NOT_SURE,NO,NOT_SURE,SOMETIMES,NOT_SURE,SOMETIMES,NOT_SURE,SOMETIMES,NOT_SURE,FRIENDS,SOMETIMES,NOT_SURE,NOT_SURE,NOT_SURE,NO,SOMETIMES,NOT_SURE,NOT_SURE,SOMETIMES,SOMETIMES,NOT_SURE,NOT_SURE,NO,SOMETIMES,YES,SOMETIMES,SOMETIMES,YES,YES,NOT_SURE,SOMETIMES,NO,NOT_SURE,NOT_SURE,YES,NOT_SURE,NOT_SURE,SOMETIMES,SOMETIMES,NOT_SURE,NOT_SURE,YES,SOMETIMES
SYN-0123,FRIENDS,YES,YES,YES,YES,YES,NOT_SURE,NOT_SURE,FRIENDS,NOT_SURE,NOT_SURE,NOT_SURE,NOT_SURE,SOMETIMES,SOMETIMES,SOMETIMES,SOMETIMES,SOMETIMES,NOT_SURE,NOT_SURE,63,HIGH,46,94,68,50,60,80,54,51,51,67,FRIENDS,NOT_SURE,PRIVATE,SOMETIMES,YES,YES,YES,YES,YES,NOT_SURE,NOT_SURE,SOMETIMES,NOT_SURE,SOMETIMES,YES,NOT_SURE,YES,FRIENDS,SOMETIMES,SOMETIMES,SOMETIMES,NOT_SURE,NOT_SURE,NOT_SURE,SOMETIMES,YES,NOT_SURE,SOMETIMES,YES,SOMETIMES,SOMETIMES,NOT_SURE,SOMETIMES,SOMETIMES,NOT_SURE,NOT_SURE,SOMETIMES,SOMETIMES,SOMETIMES,NOT_SURE,SOMETIMES,SOMETIMES,SOMETIMES,NOT_SURE,SOMETIMES,SOMETIMES,NOT_SURE,SOMETIMES,NOT_SURE,NOT_SURE,NOT_SURE
SYN-0124,PRIVATE,NO,NO,NO,NOT_SURE,NO,NO,NO,PRIVATE,SOMETIMES,NO,NO,YES,SOMETIMES,NOT_SURE,YES,NO,NO,YES,YES,12,LOW,0,0,37,0,9,0,24,19,9,0,PRIVATE,NO,PRIVATE,NO,NO,NO,NO,NO,NO,NO,NO,SOMETIMES,SOMETIMES,NO,NOT_SURE,NO,SOMETIMES,PRIVATE,NO,NO,NO,NO,NO,YES,NOT_SURE,NO,YES,NO,NO,NOT_SURE,NO,YES,YES,YES,YES,SOMETIMES,SOMETIMES,YES,YES,NO,NO,NO,NO,NOT_SURE,NO,YES,YES,NO,YES,YES,YES
SYN-0125,FRIENDS,NOT_SURE,NOT_SURE,NOT_SURE,NOT_SURE,NOT_SURE,NOT_SURE,NOT_SURE,PRIVATE,NOT_SURE,NO,NO,SOMETIMES,YES,SOMETIMES,YES,NOT_SURE,SOMETIMES,YES,SOMETIMES,34,MODERATE,29,60,48,19,24,21,36,0,31,21,FRIENDS,NO,FRIENDS,NO,NOT_SURE,NOT_SURE,NOT_SURE,NOT_SURE,NOT_SURE,NOT_SURE,NOT_SURE,NOT_SURE,NOT_SURE,SOMETIMES,NOT_SURE,NO,SOMETIMES,PRIVATE,SOMETIMES,NO,SOMETIMES,NO,NOT_SURE,SOMETIMES,NO,NO,SOMETIMES,NO,NO,SOMETIMES,NOT_SURE,SOMETIMES,YES,YES,SOMETIMES,YES,YES,YES,YES,NO,NOT_SURE,SOMETIMES,NO,NOT_SURE,SOMETIMES,YES,YES,NO,SOMETIMES,SOMETIMES,YES
SYN-0126,FRIENDS,NOT_SURE,NO,NOT_SURE,NO,NO,NOT_SURE,NOT_SURE,PRIVATE,NO,SOMETIMES,NOT_SURE,YES,SOMETIMES,NOT_SURE,SOMETIMES,NOT_SURE,SOMETIMES,YES,YES,37,MODERATE,36,43,23,21,33,30,60,44,53,7,FRIENDS,NO,FRIENDS,SOMETIMES,NOT_SURE,NO,NOT_SURE,NOT_SURE,NO,NOT_SURE,NOT_SURE,SOMETIMES,NO,NO,NO,SOMETIMES,SOMETIMES,PRIVATE,NOT_SURE,NO,SOMETIMES,NOT_SURE,NO,SOMETIMES,NO,SOMETIMES,YES,NOT_SURE,SOMETIMES,NOT_SURE,NOT_SURE,SOMETIMES,SOMETIMES,SOMETIMES,SOMETIMES,NOT_SURE,SOMETIMES,SOMETIMES,SOMETIMES,NO,NOT_SURE,SOMETIMES,SOMETIMES,NOT_SURE,SOMETIMES,SOMETIMES,YES,NO,SOMETIMES,YES,YES
SYN-0127,PRIVATE,NO,NO,NO,NO,NOT_SURE,NOT_SURE,NOT_SURE,PRIVATE,NO,NOT_SURE,SOMETIMES,SOMETIMES,YES,YES,SOMETIMES,NO,SOMETIMES,YES,NOT_SURE,20,LOW,0,17,22,0,30,43,24,13,36,20,PRIVATE,NO,PRIVATE,NO,NO,NO,NO,NO,NOT_SURE,NOT_SURE,NOT_SURE,NO,NO,SOMETIMES,NO,NOT_SURE,NOT_SURE,PRIVATE,NO,NO,NO,SOMETIMES,NO,YES,NOT_SURE,SOMETIMES,SOMETIMES,SOMETIMES,NO,YES,NO,SOMETIMES,SOMETIMES,SOMETIMES,SOMETIMES,SOMETIMES,YES,YES,SOMETIMES,NO,SOMETIMES,SOMETIMES,NO,NOT_SURE,NO,NOT_SURE,YES,NO,YES,NOT_SURE,YES
SYN-0128,FRIENDS,NOT_SURE,NOT_SURE,NO,NOT_SURE,NOT_SURE,NOT_SURE,NOT_SURE,NOT_SURE,YES,NO,YES,NO,NOT_SURE,NOT_SURE,NOT_SURE,NOT_SURE,NOT_SURE,SOMETIMES,SOMETIMES,59,HIGH,50,51,43,61,81,83,66,69,56,57,FRIENDS,SOMETIMES,FRIENDS,SOMETIMES,NOT_SURE,NOT_SURE,NO,NOT_SURE,NOT_SURE,NOT_SURE,NOT_SURE,NO,YES,NOT_SURE,NOT_SURE,NO,NOT_SURE,NOT_SURE,SOMETIMES,NOT_SURE,NOT_SURE,YES,NOT_SURE,NO,SOMETIMES,NOT_SURE,NO,NOT_SURE,YES,NOT_SURE,NOT_SURE,NO,NOT_SURE,SOMETIMES,NOT_SURE,SOMETIMES,NOT_SURE,NOT_SURE,NOT_SURE,NOT_SURE,NO,NOT_SURE,NOT_SURE,YES,NOT_SURE,SOMETIMES,SOMETIMES,NOT_SURE,NOT_SURE,SOMETIMES,NOT_SURE
SYN-0129,PRIVATE,NO,NOT_SURE,NOT_SURE,NO,NO,NO,NO,FRIENDS,NO,NO,SOMETIMES,YES,NOT_SURE,YES,SOMETIMES,SOMETIMES,NOT_SURE,SOMETIMES,YES,22,MODERATE,9,17,0,19,37,16,27,45,43,29,PRIVATE,NO,PRIVATE,NOT_SURE,NO,NOT_SURE,NOT_SURE,NO,NO,NO,NO,NO,NO,NO,NO,NO,NO,FRIENDS,NO,NO,NO,SOMETIMES,NO,SOMETIMES,NOT_SURE,NO,YES,NOT_SURE,SOMETIMES,YES,SOMETIMES,YES,SOMETIMES,YES,NOT_SURE,SOMETIMES,NOT_SURE,YES,SOMETIMES,SOMETIMES,NOT_SURE,NOT_SURE,SOMETIMES,SOMETIMES,NO,YES,SOMETIMES,SOMETIMES,YES,YES,SOMETIMES
SYN-0130,PRIVATE,NO,NO,NO,NOT_SURE,NO,NO,NO,FRIENDS,NOT_SURE,SOMETIMES,SOMETIMES,YES,YES,YES,YES,NO,SOMETIMES,YES,SOMETIMES,23,MODERATE,9,13,55,26,53,14,5,0,18,21,PRIVATE,NO,PRIVATE,NOT_SURE,NO,NO,NO,NOT_SURE,NO,NO,NO,SOMETIMES,NOT_SURE,SOMETIMES,NOT_SURE,SOMETIMES,NOT_SURE,FRIENDS,NO,NO,NOT_SURE,SOMETIMES,NOT_SURE,SOMETIMES,SOMETIMES,SOMETIMES,YES,NO,NO,YES,NO,YES,YES,YES,YES,NOT_SURE,YES,YES,YES,NO,NO,SOMETIMES,NO,SOMETIMES,NO,YES,YES,NO,SOMETIMES,SOMETIMES,YES
SYN-0131,PRIVATE,YES,NOT_SURE,NOT_SURE,NOT_SURE,NOT_SURE,NO,NO,FRIENDS,SOMETIMES,SOMETIMES,SOMETIMES,YES,YES,SOMETIMES,YES,NO,SOMETIMES,NOT_SURE,SOMETIMES,42,HIGH,31,69,62,19,73,7,24,13,29,60,PRIVATE,SOMETIMES,NOT_SURE,SOMETIMES,YES,NOT_SURE,NOT_SURE,YES,NOT_SURE,NO,NO,YES,SOMETIMES,NOT_SURE,NOT_SURE,SOMETIMES,NO,FRIENDS,NO,NO,NO,SOMETIMES,YES,NO,NOT_SURE,NO,YES,NO,SOMETIMES,SOMETIMES,NO,NOT_SURE,YES,YES,YES,SOMETIMES,YES,SOMETIMES,YES,NO,NO,SOMETIMES,SOMETIMES,NO,SOMETIMES,YES,NOT_SURE,NOT_SURE,NOT_SURE,SOMETIMES,SOMETIMES
SYN-0132,PRIVATE,NOT_SURE,NOT_SURE,NOT_SURE,NO,YES,NOT_SURE,YES,PRIVATE,NO,SOMETIMES,NOT_SURE,SOMETIMES,NOT_SURE,YES,SOMETIMES,NO,NOT_SURE,SOMETIMES,YES,37,MODERATE,33,69,35,21,26,46,15,59,45,30,PRIVATE,SOMETIMES,NOT_SURE,NOT_SURE,NOT_SURE,NOT_SURE,NOT_SURE,NOT_SURE,YES,NOT_SURE,YES,NOT_SURE,NO,NOT_SURE,NO,SOMETIMES,NOT_SURE,PRIVATE,NO,NOT_SURE,SOMETIMES,NOT_SURE,NO,YES,NO,NOT_SURE,SOMETIMES,SOMETIMES,NO,YES,NO,SOMETIMES,SOMETIMES,YES,YES,SOMETIMES,NOT_SURE,SOMETIMES,SOMETIMES,NOT_SURE,SOMETIMES,NOT_SURE,SOMETIMES,NO,SOMETIMES,SOMETIMES,SOMETIMES,NOT_SURE,YES,YES,SOMETIMES
SYN-0133,PUBLIC,YES,NOT_SURE,NOT_SURE,YES,NOT_SURE,NO,NOT_SURE,NOT_SURE,YES,YES,NOT_SURE,NO,NO,SOMETIMES,SOMETIMES,YES,NOT_SURE,SOMETIMES,NOT_SURE,75,CRITICAL,89,64,100,76,70,83,64,80,53,69,PUBLIC,YES,NOT_SURE,SOMETIMES,YES,NOT_SURE,NOT_SURE,NOT_SURE,NOT_SURE,NO,NOT_SURE,YES,YES,YES,YES,YES,YES,NOT_SURE,YES,SOMETIMES,YES,NOT_SURE,YES,SOMETIMES,NOT_SURE,NOT_SURE,NO,YES,NOT_SURE,SOMETIMES,YES,SOMETIMES,SOMETIMES,SOMETIMES,NOT_SURE,NOT_SURE,NO,NOT_SURE,NOT_SURE,NOT_SURE,NOT_SURE,NOT_SURE,NOT_SURE,SOMETIMES,YES,YES,SOMETIMES,YES,NOT_SURE,NOT_SURE,NOT_SURE
SYN-0134,PRIVATE,NO,NO,NO,NO,NOT_SURE,NO,NOT_SURE,PRIVATE,NOT_SURE,NO,NOT_SURE,YES,YES,YES,SOMETIMES,NO,NO,YES,SOMETIMES,15,LOW,7,13,9,13,26,9,20,8,24,21,PRIVATE,NO,FRIENDS,NO,NO,NO,NO,NO,NOT_SURE,NO,NOT_SURE,NO,NOT_SURE,NO,NO,NO,NO,PRIVATE,SOMETIMES,NO,NO,NOT_SURE,NO,YES,NO,NO,YES,NOT_SURE,NO,YES,NO,SOMETIMES,SOMETIMES,SOMETIMES,SOMETIMES,YES,YES,YES,YES,NOT_SURE,NO,NO,NOT_SURE,NO,NO,SOMETIMES,YES,SOMETIMES,YES,SOMETIMES,YES
SYN-0135,NOT_SURE,NOT_SURE,NOT_SURE,NOT_SURE,YES,NOT_SURE,NOT_SURE,YES,NOT_SURE,YES,NOT_SURE,NOT_SURE,NOT_SURE,YES,NO,NO,NOT_SURE,YES,NO,NOT_SURE,77,CRITICAL,77,71,85,89,76,69,87,36,76,73,NOT_SURE,YES,NOT_SURE,NOT_SURE,NOT_SURE,NOT_SURE,NOT_SURE,YES,NOT_SURE,NOT_SURE,YES,NOT_SURE,YES,YES,YES,NOT_SURE,YES,NOT_SURE,YES,YES,YES,NOT_SURE,YES,SOMETIMES,YES,NOT_SURE,NOT_SURE,SOMETIMES,YES,NO,NOT_SURE,SOMETIMES,NO,NO,NO,NO,YES,NOT_SURE,SOMETIMES,SOMETIMES,YES,YES,NOT_SURE,NOT_SURE,YES,SOMETIMES,NO,SOMETIMES,SOMETIMES,NOT_SURE,NOT_SURE
SYN-0136,FRIENDS,YES,YES,NOT_SURE,YES,YES,YES,NO,PUBLIC,YES,YES,SOMETIMES,SOMETIMES,NO,NOT_SURE,SOMETIMES,YES,SOMETIMES,NOT_SURE,SOMETIMES,72,CRITICAL,49,79,89,84,56,73,74,83,64,66,FRIENDS,NOT_SURE,NOT_SURE,NO,YES,YES,NOT_SURE,NOT_SURE,YES,YES,NO,YES,YES,SOMETIMES,YES,YES,NOT_SURE,PUBLIC,NOT_SURE,YES,SOMETIMES,SOMETIMES,NOT_SURE,NOT_SURE,SOMETIMES,YES,SOMETIMES,NOT_SURE,YES,NOT_SURE,YES,NOT_SURE,SOMETIMES,NOT_SURE,NOT_SURE,NOT_SURE,NO,SOMETIMES,NO,NOT_SURE,SOMETIMES,SOMETIMES,SOMETIMES,YES,YES,NOT_SURE,NOT_SURE,YES,NOT_SURE,SOMETIMES,SOMETIMES
SYN-0137,PUBLIC,NOT_SURE,YES,NOT_SURE,NOT_SURE,NOT_SURE,NOT_SURE,NOT_SURE,FRIENDS,YES,SOMETIMES,NOT_SURE,SOMETIMES,NOT_SURE,SOMETIMES,NO,SOMETIMES,SOMETIMES,SOMETIMES,NO,65,HIGH,94,53,75,66,64,57,65,63,34,79,PUBLIC,YES,PUBLIC,NOT_SURE,NOT_SURE,YES,NOT_SURE,NO,NOT_SURE,NOT_SURE,NOT_SURE,YES,YES,SOMETIMES,NOT_SURE,SOMETIMES,YES,FRIENDS,NOT_SURE,YES,NOT_SURE,NOT_SURE,NOT_SURE,NO,SOMETIMES,YES,SOMETIMES,NO,SOMETIMES,SOMETIMES,SOMETIMES,NOT_SURE,NO,NOT_SURE,SOMETIMES,NO,NOT_SURE,SOMETIMES,NOT_SURE,SOMETIMES,NOT_SURE,SOMETIMES,NO,NO,NOT_SURE,NOT_SURE,SOMETIMES,YES,SOMETIMES,NO,NO
SYN-0138,NOT_SURE,NOT_SURE,NOT_SURE,NOT_SURE,NO,NOT_SURE,NOT_SURE,NOT_SURE,PUBLIC,NO,SOMETIMES,NOT_SURE,SOMETIMES,NOT_SURE,SOMETIMES,SOMETIMES,NOT_SURE,NOT_SURE,NOT_SURE,NOT_SURE,50,HIGH,64,69,19,50,41,29,54,61,54,73,NOT_SURE,NOT_SURE,NOT_SURE,SOMETIMES,NOT_SURE,NOT_SURE,NOT_SURE,YES,NOT_SURE,NOT_SURE,NOT_SURE,SOMETIMES,NO,NO,NO,SOMETIMES,NO,PUBLIC,SOMETIMES,NO,NO,NOT_SURE,NO,SOMETIMES,NOT_SURE,NO,SOMETIMES,SOMETIMES,NO,SOMETIMES,NOT_SURE,SOMETIMES,SOMETIMES,NOT_SURE,SOMETIMES,SOMETIMES,NOT_SURE,NOT_SURE,NOT_SURE,NO,SOMETIMES,NOT_SURE,SOMETIMES,NOT_SURE,NOT_SURE,SOMETIMES,NOT_SURE,NOT_SURE,NO,NOT_SURE,NOT_SURE
SYN-0139,PUBLIC,YES,YES,YES,NOT_SURE,YES,NOT_SURE,NOT_SURE,NOT_SURE,SOMETIMES,NOT_SURE,YES,NO,SOMETIMES,NO,NOT_SURE,SOMETIMES,NOT_SURE,NOT_SURE,SOMETIMES,74,CRITICAL,76,94,71,60,90,76,77,81,43,63,PUBLIC,NOT_SURE,FRIENDS,NOT_SURE,YES,YES,YES,YES,YES,NOT_SURE,NOT_SURE,YES,SOMETIMES,NOT_SURE,NOT_SURE,NOT_SURE,YES,NOT_SURE,NOT_SURE,SOMETIMES,SOMETIMES,YES,YES,NOT_SURE,NOT_SURE,NOT_SURE,NO,SOMETIMES,NOT_SURE,NO,SOMETIMES,NOT_SURE,NOT_SURE,SOMETIMES,NO,NO,SOMETIMES,NO,NO,YES,SOMETIMES,NOT_SURE,NO,NOT_SURE,NOT_SURE,NOT_SURE,NOT_SURE,NOT_SURE,NOT_SURE,SOMETIMES,NOT_SURE
SYN-0140,PUBLIC,NOT_SURE,NOT_SURE,NOT_SURE,NOT_SURE,NO,NOT_SURE,NO,PUBLIC,NO,SOMETIMES,SOMETIMES,YES,NOT_SURE,YES,NOT_SURE,NOT_SURE,SOMETIMES,SOMETIMES,YES,43,HIGH,76,47,47,71,30,7,27,63,18,29,PUBLIC,SOMETIMES,NOT_SURE,NOT_SURE,NOT_SURE,NOT_SURE,NOT_SURE,NOT_SURE,NO,NOT_SURE,NO,NOT_SURE,NO,SOMETIMES,NOT_SURE,SOMETIMES,SOMETIMES,PUBLIC,NOT_SURE,SOMETIMES,SOMETIMES,SOMETIMES,NO,YES,NOT_SURE,NO,YES,SOMETIMES,NO,YES,NOT_SURE,YES,NOT_SURE,YES,SOMETIMES,YES,NOT_SURE,SOMETIMES,NOT_SURE,SOMETIMES,NO,SOMETIMES,NO,NO,NO,SOMETIMES,SOMETIMES,SOMETIMES,SOMETIMES,YES,YES
SYN-0141,FRIENDS,NOT_SURE,NOT_SURE,NOT_SURE,NO,NOT_SURE,NO,NO,NOT_SURE,NO,SOMETIMES,NO,SOMETIMES,YES,YES,YES,SOMETIMES,NO,NOT_SURE,SOMETIMES,26,MODERATE,30,39,8,63,0,29,22,0,26,51,FRIENDS,NO,PRIVATE,NOT_SURE,NOT_SURE,NOT_SURE,NOT_SURE,NO,NOT_SURE,NO,NO,NO,NO,NO,NO,SOMETIMES,NO,NOT_SURE,NOT_SURE,NOT_SURE,SOMETIMES,NO,NO,YES,NO,NO,SOMETIMES,SOMETIMES,NO,YES,SOMETIMES,NOT_SURE,YES,SOMETIMES,YES,YES,YES,YES,YES,NO,NO,NO,SOMETIMES,NO,NOT_SURE,SOMETIMES,NOT_SURE,SOMETIMES,YES,SOMETIMES,NOT_SURE
SYN-0142,PRIVATE,NOT_SURE,YES,NOT_SURE,NOT_SURE,NOT_SURE,YES,NOT_SURE,PUBLIC,NOT_SURE,NOT_SURE,YES,NO,NOT_SURE,SOMETIMES,SOMETIMES,SOMETIMES,NO,NOT_SURE,NOT_SURE,65,HIGH,39,69,58,80,76,100,60,81,47,76,PRIVATE,SOMETIMES,NOT_SURE,YES,NOT_SURE,YES,NOT_SURE,NOT_SURE,NOT_SURE,YES,NOT_SURE,NOT_SURE,NOT_SURE,SOMETIMES,NOT_SURE,NOT_SURE,NOT_SURE,PUBLIC,NOT_SURE,NOT_SURE,YES,YES,NOT_SURE,SOMETIMES,NOT_SURE,YES,NO,YES,YES,SOMETIMES,SOMETIMES,NO,SOMETIMES,NOT_SURE,SOMETIMES,NO,NOT_SURE,NOT_SURE,NO,YES,SOMETIMES,NO,SOMETIMES,SOMETIMES,NOT_SURE,NO,NOT_SURE,YES,NO,NOT_SURE,SOMETIMES
SYN-0143,NOT_SURE,NOT_SURE,YES,YES,YES,YES,YES,YES,PUBLIC,NOT_SURE,YES,YES,NOT_SURE,SOMETIMES,NOT_SURE,SOMETIMES,NOT_SURE,NOT_SURE,SOMETIMES,NOT_SURE,76,CRITICAL,63,91,75,84,100,60,65,51,81,70,NOT_SURE,NOT_SURE,FRIENDS,NOT_SURE,NOT_SURE,YES,YES,YES,YES,YES,YES,SOMETIMES,NOT_SURE,SOMETIMES,YES,YES,YES,PUBLIC,YES,NOT_SURE,SOMETIMES,YES,YES,NO,YES,SOMETIMES,NOT_SURE,SOMETIMES,NOT_SURE,NOT_SURE,NOT_SURE,NOT_SURE,SOMETIMES,NOT_SURE,NOT_SURE,NOT_SURE,SOMETIMES,YES,NO,NOT_SURE,SOMETIMES,NOT_SURE,YES,YES,NOT_SURE,NO,SOMETIMES,YES,SOMETIMES,NOT_SURE,NO
SYN-0144,NOT_SURE,NOT_SURE,YES,YES,NOT_SURE,YES,YES,YES,PUBLIC,SOMETIMES,NOT_SURE,SOMETIMES,NOT_SURE,NO,NO,SOMETIMES,NOT_SURE,YES,NO,SOMETIMES,74,CRITICAL,73,83,67,60,79,81,73,68,84,74,NOT_SURE,YES,FRIENDS,SOMETIMES,NOT_SURE,YES,YES,NOT_SURE,YES,YES,YES,YES,SOMETIMES,NOT_SURE,NOT_SURE,NOT_SURE,SOMETIMES,PUBLIC,NO,NOT_SURE,NOT_SURE,SOMETIMES,YES,NO,YES,YES,NOT_SURE,YES,NOT_SURE,NO,NOT_SURE,SOMETIMES,SOMETIMES,NOT_SURE,NO,SOMETIMES,NO,NOT_SURE,SOMETIMES,NO,NOT_SURE,YES,YES,NOT_SURE,YES,NOT_SURE,NO,YES,SOMETIMES,SOMETIMES,NOT_SURE
SYN-0145,FRIENDS,YES,NOT_SURE,YES,NOT_SURE,NOT_SURE,NOT_SURE,NOT_SURE,PUBLIC,SOMETIMES,NO,SOMETIMES,NOT_SURE,NOT_SURE,YES,NOT_SURE,SOMETIMES,NO,NOT_SURE,SOMETIMES,58,HIGH,57,74,58,75,69,73,38,64,27,64,FRIENDS,NOT_SURE,NOT_SURE,NOT_SURE,YES,NOT_SURE,YES,NOT_SURE,NOT_SURE,NOT_SURE,NOT_SURE,YES,SOMETIMES,NOT_SURE,NOT_SURE,NO,NOT_SURE,PUBLIC,SOMETIMES,SOMETIMES,YES,SOMETIMES,YES,NOT_SURE,NOT_SURE,SOMETIMES,NOT_SURE,YES,YES,YES,SOMETIMES,SOMETIMES,NOT_SURE,SOMETIMES,SOMETIMES,SOMETIMES,NOT_SURE,SOMETIMES,NOT_SURE,NOT_SURE,NO,NO,SOMETIMES,NOT_SURE,NOT_SURE,YES,NOT_SURE,NOT_SURE,NO,SOMETIMES,SOMETIMES
SYN-0146,PRIVATE,NO,NO,NO,NO,NOT_SURE,NO,NO,FRIENDS,NO,NOT_SURE,NO,YES,SOMETIMES,YES,YES,NO,NO,YES,YES,12,LOW,0,9,9,19,0,17,6,50,31,7,PRIVATE,NO,PRIVATE,NO,NO,NO,NO,NO,NOT_SURE,NO,NO,NO,NO,NO,NO,NOT_SURE,NO,FRIENDS,NO,NO,NO,NO,NO,YES,NO,NOT_SURE,YES,NO,NO,YES,NO,YES,YES,SOMETIMES,YES,YES,SOMETIMES,SOMETIMES,SOMETIMES,SOMETIMES,SOMETIMES,NO,NOT_SURE,NO,NO,SOMETIMES,YES,NO,YES,YES,SOMETIMES
SYN-0147,NOT_SURE,NOT_SURE,YES,NOT_SURE,NOT_SURE,NOT_SURE,YES,NOT_SURE,NOT_SURE,NOT_SURE,YES,YES,SOMETIMES,NOT_SURE,NO,SOMETIMES,YES,NOT_SURE,SOMETIMES,NOT_SURE,77,CRITICAL,81,69,68,84,84,79,90,76,67,63,NOT_SURE,YES,PUBLIC,NOT_SURE,NOT_SURE,YES,NOT_SURE,NOT_SURE,NOT_SURE,YES,NOT_SURE,NOT_SURE,NOT_SURE,SOMETIMES,NOT_SURE,YES,YES,NOT_SURE,YES,YES,NOT_SURE,YES,NOT_SURE,NOT_SURE,YES,YES,SOMETIMES,YES,YES,NO,YES,NO,SOMETIMES,NO,NO,NOT_SURE,NOT_SURE,NOT_SURE,NO,NOT_SURE,SOMETIMES,NOT_SURE,YES,SOMETIMES,NOT_SURE,SOMETIMES,SOMETIMES,NOT_SURE,NOT_SURE,NOT_SURE,NOT_SURE
SYN-0148,PUBLIC,NOT_SURE,YES,YES,YES,YES,NOT_SURE,NOT_SURE,NOT_SURE,YES,NOT_SURE,NOT_SURE,NO,SOMETIMES,YES,SOMETIMES,YES,SOMETIMES,NO,NOT_SURE,72,CRITICAL,77,86,79,63,83,76,50,66,64,77,PUBLIC,NOT_SURE,NOT_SURE,SOMETIMES,NOT_SURE,YES,YES,YES,YES,NOT_SURE,NOT_SURE,SOMETIMES,YES,YES,YES,NOT_SURE,NOT_SURE,NOT_SURE,NOT_SURE,NOT_SURE,SOMETIMES,NOT_SURE,YES,NO,YES,NOT_SURE,NO,NOT_SURE,SOMETIMES,YES,YES,SOMETIMES,SOMETIMES,NOT_SURE,NOT_SURE,SOMETIMES,SOMETIMES,NOT_SURE,NOT_SURE,YES,NOT_SURE,SOMETIMES,SOMETIMES,NOT_SURE,YES,NO,NO,NOT_SURE,NOT_SURE,NOT_SURE,NOT_SURE
SYN-0149,FRIENDS,YES,NOT_SURE,YES,NOT_SURE,NOT_SURE,NOT_SURE,NOT_SURE,FRIENDS,NO,NOT_SURE,SOMETIMES,NOT_SURE,SOMETIMES,NOT_SURE,YES,NOT_SURE,NOT_SURE,YES,SOMETIMES,59,HIGH,50,83,48,65,57,67,54,50,64,29,FRIENDS,SOMETIMES,FRIENDS,SOMETIMES,YES,NOT_SURE,YES,YES,NOT_SURE,NOT_SURE,NOT_SURE,SOMETIMES,NO,NOT_SURE,NOT_SURE,NOT_SURE,NOT_SURE,FRIENDS,NOT_SURE,YES,SOMETIMES,SOMETIMES,NOT_SURE,NOT_SURE,NOT_SURE,SOMETIMES,NOT_SURE,YES,NOT_SURE,NOT_SURE,NOT_SURE,NOT_SURE,YES,SOMETIMES,SOMETIMES,NOT_SURE,SOMETIMES,SOMETIMES,SOMETIMES,SOMETIMES,NOT_SURE,NOT_SURE,SOMETIMES,YES,NOT_SURE,NOT_SURE,YES,SOMETIMES,SOMETIMES,SOMETIMES,YES
SYN-0150,PRIVATE,NO,NO,NOT_SURE,NO,NO,NO,NO,PRIVATE,NO,NO,SOMETIMES,YES,YES,YES,YES,NO,SOMETIMES,YES,YES,9,LOW,0,9,0,0,39,14,4,8,14,14,PRIVATE,NO,PRIVATE,NO,NO,NO,NOT_SURE,NO,NO,NO,NO,NO,NO,NO,NO,NO,NO,PRIVATE,NO,NO,NO,SOMETIMES,NO,NOT_SURE,SOMETIMES,SOMETIMES,YES,NO,NO,YES,NO,SOMETIMES,YES,YES,YES,YES,YES,YES,YES,NOT_SURE,NO,SOMETIMES,NO,NO,SOMETIMES,YES,YES,SOMETIMES,SOMETIMES,YES,YES
SYN-0151,PUBLIC,NOT_SURE,NOT_SURE,YES,YES,NOT_SURE,NOT_SURE,YES,PUBLIC,YES,YES,YES,NOT_SURE,NOT_SURE,SOMETIMES,SOMETIMES,YES,YES,NOT_SURE,NOT_SURE,82,CRITICAL,89,77,97,90,89,80,70,76,76,74,PUBLIC,YES,NOT_SURE,SOMETIMES,NOT_SURE,NOT_SURE,YES,YES,NOT_SURE,NOT_SURE,YES,YES,YES,YES,YES,YES,NOT_SURE,PUBLIC,NOT_SURE,YES,YES,YES,NOT_SURE,NO,YES,YES,NOT_SURE,SOMETIMES,YES,SOMETIMES,YES,NOT_SURE,SOMETIMES,NOT_SURE,NO,NOT_SURE,NOT_SURE,NO,NOT_SURE,NOT_SURE,NOT_SURE,YES,NOT_SURE,YES,NOT_SURE,NOT_SURE,NOT_SURE,YES,NOT_SURE,NOT_SURE,NOT_SURE
SYN-0152,PUBLIC,YES,YES,YES,NOT_SURE,NOT_SURE,NOT_SURE,NOT_SURE,PUBLIC,NOT_SURE,NOT_SURE,SOMETIMES,NOT_SURE,NO,NOT_SURE,NO,YES,NOT_SURE,NOT_SURE,NOT_SURE,80,CRITICAL,96,80,75,90,64,81,85,94,59,79,PUBLIC,YES,NOT_SURE,YES,YES,YES,YES,NOT_SURE,NOT_SURE,NOT_SURE,NOT_SURE,YES,NOT_SURE,YES,NOT_SURE,NOT_SURE,NOT_SURE,PUBLIC,NOT_SURE,YES,YES,SOMETIMES,YES,SOMETIMES,SOMETIMES,YES,NOT_SURE,NOT_SURE,YES,NOT_SURE,YES,SOMETIMES,NO,NO,NOT_SURE,NO,NO,NO,NO,SOMETIMES,NOT_SURE,NOT_SURE,SOMETIMES,NOT_SURE,NOT_SURE,NOT_SURE,NOT_SURE,YES,NOT_SURE,NOT_SURE,NO
SYN-0153,FRIENDS,NO,NO,NO,NOT_SURE,NO,NO,YES,PRIVATE,NO,NO,NOT_SURE,SOMETIMES,NO,YES,YES,NO,NO,SOMETIMES,YES,22,MODERATE,43,7,45,0,33,39,0,50,14,21,FRIENDS,SOMETIMES,PRIVATE,SOMETIMES,NO,NO,NO,NO,NO,NO,YES,SOMETIMES,NO,YES,NOT_SURE,NO,SOMETIMES,PRIVATE,NO,NO,NO,NOT_SURE,NO,SOMETIMES,NO,NOT_SURE,SOMETIMES,NO,NO,YES,NO,YES,YES,YES,YES,YES,NO,SOMETIMES,YES,NO,NO,NO,SOMETIMES,NO,NO,YES,SOMETIMES,NO,SOMETIMES,YES,YES
SYN-0154,PRIVATE,NO,NO,NOT_SURE,NO,NOT_SURE,NO,NO,PRIVATE,NOT_SURE,NO,NO,YES,YES,YES,YES,SOMETIMES,NOT_SURE,NOT_SURE,YES,13,LOW,0,17,21,0,0,30,11,0,31,20,PRIVATE,NO,PRIVATE,NO,NO,NO,NOT_SURE,NO,NOT_SURE,NO,NO,SOMETIMES,NOT_SURE,NO,NO,NO,NO,PRIVATE,NO,NO,NO,NO,NO,YES,NO,SOMETIMES,YES,SOMETIMES,NOT_SURE,YES,SOMETIMES,YES,YES,YES,YES,YES,YES,YES,YES,NO,NO,NOT_SURE,SOMETIMES,NO,SOMETIMES,YES,NOT_SURE,NO,YES,YES,YES
SYN-0155,PRIVATE,NOT_SURE,NOT_SURE,NO,NOT_SURE,NOT_SURE,NOT_SURE,NO,NOT_SURE,NOT_SURE,NOT_SURE,NOT_SURE,NO,YES,NOT_SURE,YES,NOT_SURE,NO,SOMETIMES,SOMETIMES,51,HIGH,31,47,67,59,64,89,47,41,35,36,PRIVATE,NOT_SURE,FRIENDS,SOMETIMES,NOT_SURE,NOT_SURE,NO,NOT_SURE,NOT_SURE,NOT_SURE,NO,YES,NOT_SURE,SOMETIMES,NOT_SURE,NOT_SURE,SOMETIMES,NOT_SURE,SOMETIMES,SOMETIMES,NOT_SURE,NOT_SURE,NOT_SURE,SOMETIMES,YES,YES,NO,NOT_SURE,NOT_SURE,NOT_SURE,NOT_SURE,NOT_SURE,YES,NOT_SURE,YES,YES,YES,NOT_SURE,NOT_SURE,SOMETIMES,SOMETIMES,NO,NOT_SURE,NO,SOMETIMES,SOMETIMES,SOMETIMES,NO,YES,SOMETIMES,SOMETIMES
SYN-0156,PRIVATE,NOT_SURE,NO,NOT_SURE,NO,NOT_SURE,NOT_SURE,NO,PUBLIC,SOMETIMES,NO,NO,SOMETIMES,SOMETIMES,SOMETIMES,YES,NO,NO,YES,YES,24,MODERATE,0,34,12,56,0,47,28,19,24,23,PRIVATE,NO,PRIVATE,NO,NOT_SURE,NO,NOT_SURE,NO,NOT_SURE,NOT_SURE,NO,NO,SOMETIMES,NO,NO,NO,NOT_SURE,PUBLIC,NO,SOMETIMES,SOMETIMES,NO,NO,YES,NO,NOT_SURE,SOMETIMES,NO,NOT_SURE,SOMETIMES,NO,YES,YES,SOMETIMES,SOMETIMES,SOMETIMES,SOMETIMES,YES,YES,NO,SOMETIMES,NO,NO,SOMETIMES,NO,NOT_SURE,YES,NOT_SURE,SOMETIMES,YES,SOMETIMES
SYN-0157,NOT_SURE,NOT_SURE,NOT_SURE,NOT_SURE,YES,NOT_SURE,NOT_SURE,NOT_SURE,PUBLIC,SOMETIMES,YES,NOT_SURE,NO,NOT_SURE,NOT_SURE,SOMETIMES,SOMETIMES,YES,NO,SOMETIMES,74,CRITICAL,63,60,83,88,67,81,63,71,93,79,NOT_SURE,NOT_SURE,FRIENDS,NOT_SURE,NOT_SURE,NOT_SURE,NOT_SURE,NOT_SURE,NOT_SURE,NOT_SURE,NOT_SURE,NOT_SURE,SOMETIMES,YES,YES,YES,YES,PUBLIC,SOMETIMES,YES,YES,NOT_SURE,NOT_SURE,NOT_SURE,YES,NOT_SURE,NO,SOMETIMES,YES,NOT_SURE,SOMETIMES,SOMETIMES,SOMETIMES,NO,NOT_SURE,SOMETIMES,NOT_SURE,SOMETIMES,NO,NOT_SURE,SOMETIMES,YES,YES,YES,YES,NO,NO,YES,SOMETIMES,SOMETIMES,NO
SYN-0158,PUBLIC,NOT_SURE,YES,NOT_SURE,NOT_SURE,NOT_SURE,NOT_SURE,NOT_SURE,FRIENDS,YES,YES,YES,SOMETIMES,NOT_SURE,NO,NOT_SURE,NOT_SURE,YES,SOMETIMES,SOMETIMES,72,CRITICAL,87,74,78,61,79,66,72,64,70,50,PUBLIC,YES,FRIENDS,NOT_SURE,NOT_SURE,YES,NOT_SURE,YES,NOT_SURE,NOT_SURE,NOT_SURE,NOT_SURE,YES,YES,NOT_SURE,YES,SOMETIMES,FRIENDS,NOT_SURE,NOT_SURE,YES,YES,YES,YES,SOMETIMES,YES,SOMETIMES,NOT_SURE,SOMETIMES,NO,NOT_SURE,YES,NOT_SURE,NO,SOMETIMES,SOMETIMES,NOT_SURE,SOMETIMES,NOT_SURE,NOT_SURE,SOMETIMES,YES,SOMETIMES,NOT_SURE,NOT_SURE,NO,SOMETIMES,SOMETIMES,SOMETIMES,SOMETIMES,SOMETIMES
SYN-0159,PUBLIC,NOT_SURE,YES,NOT_SURE,NOT_SURE,NOT_SURE,YES,NOT_SURE,PUBLIC,YES,YES,YES,SOMETIMES,NOT_SURE,NOT_SURE,NO,NOT_SURE,YES,NO,NO,76,CRITICAL,84,69,63,81,93,59,69,76,83,100,PUBLIC,NOT_SURE,NOT_SURE,YES,NOT_SURE,YES,NOT_SURE,NOT_SURE,NOT_SURE,YES,NOT_SURE,NOT_SURE,YES,NO,NOT_SURE,YES,NOT_SURE,PUBLIC,SOMETIMES,YES,SOMETIMES,YES,YES,SOMETIMES,YES,SOMETIMES,SOMETIMES,NOT_SURE,YES,NOT_SURE,NOT_SURE,SOMETIMES,NO,SOMETIMES,NOT_SURE,NOT_SURE,NOT_SURE,NOT_SURE,NO,NOT_SURE,NOT_SURE,YES,YES,SOMETIMES,YES,NOT_SURE,NO,YES,NO,NO,NO
SYN-0160,FRIENDS,NOT_SURE,NOT_SURE,NOT_SURE,NOT_SURE,NO,NO,NOT_SURE,NOT_SURE,YES,NOT_SURE,SOMETIMES,NOT_SURE,SOMETIMES,NOT_SURE,NOT_SURE,YES,SOMETIMES,NO,NO,60,HIGH,53,34,73,70,54,60,75,60,46,79,FRIENDS,SOMETIMES,NOT_SURE,SOMETIMES,NOT_SURE,NOT_SURE,NOT_SURE,NO,NO,NO,NOT_SURE,YES,YES,SOMETIMES,NOT_SURE,NOT_SURE,SOMETIMES,NOT_SURE,YES,SOMETIMES,SOMETIMES,SOMETIMES,NOT_SURE,SOMETIMES,NOT_SURE,SOMETIMES,NOT_SURE,NOT_SURE,SOMETIMES,NOT_SURE,YES,NOT_SURE,NOT_SURE,NOT_SURE,SOMETIMES,NOT_SURE,SOMETIMES,NOT_SURE,NOT_SURE,SOMETIMES,NOT_SURE,SOMETIMES,SOMETIMES,NOT_SURE,SOMETIMES,YES,NO,SOMETIMES,SOMETIMES,NO,SOMETIMES
SYN-0161,PRIVATE,NOT_SURE,NOT_SURE,NOT_SURE,NOT_SURE,NOT_SURE,NOT_SURE,YES,FRIENDS,NOT_SURE,SOMETIMES,NO,NOT_SURE,YES,NOT_SURE,SOMETIMES,SOMETIMES,NOT_SURE,SOMETIMES,YES,47,HIGH,34,63,54,64,7,60,54,6,60,36,PRIVATE,NOT_SURE,NOT_SURE,SOMETIMES,NOT_SURE,NOT_SURE,NOT_SURE,NOT_SURE,NOT_SURE,NOT_SURE,YES,SOMETIMES,NOT_SURE,SOMETIMES,NOT_SURE,SOMETIMES,SOMETIMES,FRIENDS,SOMETIMES,YES,NOT_SURE,NO,NO,YES,SOMETIMES,SOMETIMES,NOT_SURE,SOMETIMES,NOT_SURE,NOT_SURE,SOMETIMES,SOMETIMES,SOMETIMES,SOMETIMES,YES,NOT_SURE,YES,YES,YES,SOMETIMES,NOT_SURE,NOT_SURE,NOT_SURE,YES,NO,SOMETIMES,SOMETIMES,YES,SOMETIMES,YES,YES
SYN-0162,PRIVATE,NO,NO,NO,NOT_SURE,NOT_SURE,NO,NO,NOT_SURE,NO,NO,NO,YES,NOT_SURE,SOMETIMES,NOT_SURE,NOT_SURE,SOMETIMES,YES,YES,31,MODERATE,17,9,38,39,7,34,50,46,54,16,PRIVATE,NOT_SURE,PRIVATE,NO,NO,NO,NO,NO,NOT_SURE,NO,NO,SOMETIMES,NO,NOT_SURE,NOT_SURE,NO,SOMETIMES,NOT_SURE,SOMETIMES,NO,NO,NO,NO,SOMETIMES,NO,NOT_SURE,YES,NOT_SURE,NOT_SURE,SOMETIMES,NOT_SURE,SOMETIMES,NOT_SURE,YES,SOMETIMES,SOMETIMES,NOT_SURE,SOMETIMES,YES,NOT_SURE,NOT_SURE,SOMETIMES,SOMETIMES,SOMETIMES,SOMETIMES,NOT_SURE,YES,NOT_SURE,SOMETIMES,YES,YES
SYN-0163,PRIVATE,YES,NOT_SURE,YES,NO,NOT_SURE,YES,NOT_SURE,PRIVATE,SOMETIMES,SOMETIMES,SOMETIMES,SOMETIMES,YES,SOMETIMES,SOMETIMES,YES,NOT_SURE,SOMETIMES,NOT_SURE,50,HIGH,7,64,55,31,60,56,63,36,49,61,PRIVATE,NO,FRIENDS,NO,YES,NOT_SURE,YES,NO,NOT_SURE,YES,NOT_SURE,YES,SOMETIMES,NOT_SURE,NO,SOMETIMES,YES,PRIVATE,SOMETIMES,SOMETIMES,SOMETIMES,SOMETIMES,YES,NOT_SURE,NO,NOT_SURE,SOMETIMES,NOT_SURE,NOT_SURE,SOMETIMES,YES,SOMETIMES,SOMETIMES,SOMETIMES,NOT_SURE,SOMETIMES,YES,SOMETIMES,NOT_SURE,SOMETIMES,NO,NOT_SURE,NOT_SURE,SOMETIMES,NOT_SURE,SOMETIMES,SOMETIMES,SOMETIMES,NOT_SURE,NOT_SURE,NOT_SURE
SYN-0164,PRIVATE,YES,NOT_SURE,YES,NOT_SURE,YES,YES,YES,PUBLIC,SOMETIMES,YES,SOMETIMES,NO,YES,NO,NOT_SURE,YES,SOMETIMES,NO,NO,73,CRITICAL,36,94,68,95,57,94,83,44,61,89,PRIVATE,YES,PRIVATE,SOMETIMES,YES,NOT_SURE,YES,YES,YES,YES,YES,NOT_SURE,SOMETIMES,NOT_SURE,NOT_SURE,YES,YES,PUBLIC,YES,YES,NOT_SURE,SOMETIMES,NOT_SURE,NOT_SURE,NOT_SURE,YES,NO,NOT_SURE,YES,NO,YES,NOT_SURE,NOT_SURE,SOMETIMES,NOT_SURE,NOT_SURE,YES,SOMETIMES,NO,SOMETIMES,SOMETIMES,SOMETIMES,SOMETIMES,YES,YES,SOMETIMES,NO,SOMETIMES,NOT_SURE,NO,NO
SYN-0165,FRIENDS,YES,NOT_SURE,NOT_SURE,NOT_SURE,NOT_SURE,NOT_SURE,NO,FRIENDS,NO,NO,NO,SOMETIMES,YES,SOMETIMES,SOMETIMES,SOMETIMES,SOMETIMES,YES,YES,41,HIGH,46,64,27,53,31,29,48,25,41,7,FRIENDS,NOT_SURE,FRIENDS,NO,YES,NOT_SURE,NOT_SURE,NOT_SURE,NOT_SURE,NOT_SURE,NO,NO,NO,NOT_SURE,NOT_SURE,NO,SOMETIMES,FRIENDS,SOMETIMES,NOT_SURE,SOMETIMES,NO,NOT_SURE,SOMETIMES,SOMETIMES,NO,SOMETIMES,NO,SOMETIMES,SOMETIMES,SOMETIMES,YES,SOMETIMES,SOMETIMES,NOT_SURE,SOMETIMES,YES,YES,NOT_SURE,NOT_SURE,NO,SOMETIMES,SOMETIMES,NOT_SURE,NO,SOMETIMES,YES,SOMETIMES,YES,YES,YES
SYN-0166,FRIENDS,NOT_SURE,NOT_SURE,NO,NOT_SURE,YES,NOT_SURE,NOT_SURE,NOT_SURE,SOMETIMES,NO,SOMETIMES,SOMETIMES,SOMETIMES,SOMETIMES,SOMETIMES,NOT_SURE,NOT_SURE,NOT_SURE,NOT_SURE,50,HIGH,53,57,35,59,60,51,49,19,52,71,FRIENDS,NOT_SURE,FRIENDS,SOMETIMES,NOT_SURE,NOT_SURE,NO,NOT_SURE,YES,NOT_SURE,NOT_SURE,NO,SOMETIMES,NOT_SURE,NOT_SURE,NO,SOMETIMES,NOT_SURE,SOMETIMES,SOMETIMES,NOT_SURE,SOMETIMES,NOT_SURE,NO,SOMETIMES,SOMETIMES,SOMETIMES,SOMETIMES,NOT_SURE,SOMETIMES,NOT_SURE,NOT_SURE,SOMETIMES,NOT_SURE,YES,YES,SOMETIMES,YES,YES,NO,NO,NOT_SURE,NOT_SURE,NOT_SURE,SOMETIMES,NOT_SURE,NOT_SURE,YES,SOMETIMES,NOT_SURE,NOT_SURE
SYN-0167,PUBLIC,NOT_SURE,NOT_SURE,YES,NOT_SURE,YES,YES,YES,NOT_SURE,NO,SOMETIMES,YES,NO,NO,NOT_SURE,SOMETIMES,YES,YES,NOT_SURE,NOT_SURE,79,CRITICAL,87,86,47,89,96,87,67,88,97,74,PUBLIC,YES,FRIENDS,NOT_SURE,NOT_SURE,NOT_SURE,YES,YES,YES,YES,YES,SOMETIMES,NO,NOT_SURE,NOT_SURE,SOMETIMES,NOT_SURE,NOT_SURE,YES,YES,YES,YES,YES,NOT_SURE,YES,YES,NO,SOMETIMES,NOT_SURE,NOT_SURE,YES,YES,SOMETIMES,SOMETIMES,SOMETIMES,NO,NO,NO,NOT_SURE,NOT_SURE,YES,YES,YES,YES,NOT_SURE,NO,NOT_SURE,YES,NOT_SURE,NOT_SURE,NOT_SURE
SYN-0168,NOT_SURE,YES,NOT_SURE,NOT_SURE,NOT_SURE,NOT_SURE,NO,YES,NOT_SURE,NO,SOMETIMES,SOMETIMES,SOMETIMES,SOMETIMES,YES,SOMETIMES,SOMETIMES,NO,YES,YES,45,HIGH,69,67,45,26,31,57,42,56,39,0,NOT_SURE,NOT_SURE,PUBLIC,SOMETIMES,YES,NOT_SURE,NOT_SURE,NOT_SURE,NOT_SURE,NO,YES,SOMETIMES,NO,SOMETIMES,NOT_SURE,SOMETIMES,NOT_SURE,NOT_SURE,NO,NO,NO,SOMETIMES,NO,NOT_SURE,NO,SOMETIMES,SOMETIMES,YES,SOMETIMES,YES,SOMETIMES,NOT_SURE,SOMETIMES,SOMETIMES,NO,NOT_SURE,SOMETIMES,SOMETIMES,NOT_SURE,NOT_SURE,SOMETIMES,NO,SOMETIMES,SOMETIMES,NO,NOT_SURE,YES,NO,YES,YES,YES
SYN-0169,NOT_SURE,YES,NOT_SURE,YES,YES,NOT_SURE,YES,YES,NOT_SURE,YES,YES,NOT_SURE,SOMETIMES,SOMETIMES,NO,NOT_SURE,NOT_SURE,YES,NOT_SURE,NO,82,CRITICAL,87,89,87,76,77,67,81,69,80,91,NOT_SURE,YES,PUBLIC,YES,YES,NOT_SURE,YES,YES,NOT_SURE,YES,YES,NOT_SURE,YES,YES,YES,YES,SOMETIMES,NOT_SURE,YES,SOMETIMES,YES,NOT_SURE,YES,NO,NOT_SURE,NOT_SURE,SOMETIMES,YES,YES,NO,NOT_SURE,NO,NOT_SURE,SOMETIMES,NO,NO,SOMETIMES,NO,NOT_SURE,NOT_SURE,YES,YES,SOMETIMES,NOT_SURE,YES,NO,NOT_SURE,YES,NO,NO,NO
SYN-0170,NOT_SURE,YES,NOT_SURE,YES,NOT_SURE,NOT_SURE,YES,YES,PUBLIC,YES,YES,YES,NO,NO,NO,NOT_SURE,YES,YES,NO,NOT_SURE,90,CRITICAL,69,89,88,100,94,100,93,93,90,84,NOT_SURE,SOMETIMES,NOT_SURE,YES,YES,NOT_SURE,YES,YES,NOT_SURE,YES,YES,YES,YES,YES,NOT_SURE,YES,NOT_SURE,PUBLIC,YES,YES,YES,YES,YES,NO,NOT_SURE,YES,NO,YES,YES,NO,YES,NO,NOT_SURE,NO,NO,NOT_SURE,NO,NOT_SURE,NO,YES,NOT_SURE,YES,YES,YES,YES,NOT_SURE,NO,SOMETIMES,NO,NOT_SURE,NO
SYN-0171,FRIENDS,NOT_SURE,NO,NO,NO,NO,NOT_SURE,NO,PRIVATE,SOMETIMES,SOMETIMES,SOMETIMES,YES,YES,NOT_SURE,SOMETIMES,NO,NO,SOMETIMES,SOMETIMES,30,MODERATE,43,30,35,0,40,0,47,0,32,36,FRIENDS,SOMETIMES,FRIENDS,NO,NOT_SURE,NO,NO,NOT_SURE,NO,NOT_SURE,NO,SOMETIMES,SOMETIMES,SOMETIMES,NO,SOMETIMES,NO,PRIVATE,NO,NO,NO,SOMETIMES,NO,NOT_SURE,NOT_SURE,NO,YES,NO,NO,NOT_SURE,NO,YES,SOMETIMES,NO,SOMETIMES,SOMETIMES,YES,YES,YES,NO,NO,NO,SOMETIMES,SOMETIMES,SOMETIMES,SOMETIMES,SOMETIMES,NO,YES,SOMETIMES,SOMETIMES
SYN-0172,NOT_SURE,NO,NO,NOT_SURE,NOT_SURE,NO,NO,NO,PRIVATE,YES,NOT_SURE,NOT_SURE,YES,YES,YES,NOT_SURE,NOT_SURE,NOT_SURE,NOT_SURE,YES,34,MODERATE,51,9,63,0,36,16,40,36,39,41,NOT_SURE,SOMETIMES,PRIVATE,SOMETIMES,NO,NO,NOT_SURE,NO,NO,NO,NO,SOMETIMES,YES,NOT_SURE,NOT_SURE,NOT_SURE,SOMETIMES,PRIVATE,NO,NO,NO,NOT_SURE,NO,NOT_SURE,NO,NO,YES,SOMETIMES,NOT_SURE,YES,NOT_SURE,SOMETIMES,NOT_SURE,SOMETIMES,SOMETIMES,SOMETIMES,YES,NOT_SURE,SOMETIMES,SOMETIMES,NOT_SURE,NOT_SURE,SOMETIMES,NO,SOMETIMES,YES,NOT_SURE,SOMETIMES,SOMETIMES,YES,SOMETIMES
SYN-0173,PUBLIC,NOT_SURE,NOT_SURE,NOT_SURE,NOT_SURE,NOT_SURE,NOT_SURE,NOT_SURE,FRIENDS,YES,NOT_SURE,NO,NO,SOMETIMES,NO,NOT_SURE,NOT_SURE,YES,YES,SOMETIMES,67,HIGH,80,60,82,63,19,94,67,76,89,39,PUBLIC,SOMETIMES,PUBLIC,NOT_SURE,NOT_SURE,NOT_SURE,NOT_SURE,NOT_SURE,NOT_SURE,NOT_SURE,NOT_SURE,YES,YES,YES,NOT_SURE,NOT_SURE,NOT_SURE,FRIENDS,YES,SOMETIMES,SOMETIMES,NO,NO,NOT_SURE,NOT_SURE,YES,NO,YES,NOT_SURE,NO,NOT_SURE,SOMETIMES,NOT_SURE,YES,NOT_SURE,NOT_SURE,SOMETIMES,NO,NO,NOT_SURE,SOMETIMES,YES,YES,YES,YES,NOT_SURE,YES,YES,YES,SOMETIMES,NOT_SURE
SYN-0174,PUBLIC,YES,NOT_SURE,NO,NOT_SURE,YES,NOT_SURE,NOT_SURE,NOT_SURE,YES,YES,NOT_SURE,NOT_SURE,YES,NOT_SURE,SOMETIMES,NOT_SURE,SOMETIMES,SOMETIMES,NO,60,HIGH,76,66,49,71,57,74,56,24,59,73,PUBLIC,SOMETIMES,NOT_SURE,NOT_SURE,YES,NOT_SURE,NO,NOT_SURE,YES,NOT_SURE,NOT_SURE,NO,YES,NO,NOT_SURE,YES,NOT_SURE,NOT_SURE,SOMETIMES,YES,NOT_SURE,NOT_SURE,NOT_SURE,SOMETIMES,SOMETIMES,YES,NOT_SURE,SOMETIMES,NOT_SURE,NOT_SURE,NOT_SURE,NOT_SURE,SOMETIMES,YES,SOMETIMES,NOT_SURE,YES,YES,NOT_SURE,SOMETIMES,YES,SOMETIMES,SOMETIMES,NOT_SURE,SOMETIMES,SOMETIMES,SOMETIMES,NOT_SURE,NO,NO,SOMETIMES
SYN-0175,FRIENDS,NOT_SURE,NOT_SURE,NOT_SURE,NOT_SURE,NOT_SURE,NOT_SURE,NOT_SURE,NOT_SURE,YES,YES,NOT_SURE,SOMETIMES,NO,NOT_SURE,NOT_SURE,NOT_SURE,SOMETIMES,NO,NOT_SURE,65,HIGH,53,60,76,64,77,71,63,80,47,77,FRIENDS,NOT_SURE,FRIENDS,SOMETIMES,NOT_SURE,NOT_SURE,NOT_SURE,NOT_SURE,NOT_SURE,NOT_SURE,NOT_SURE,SOMETIMES,YES,YES,NOT_SURE,YES,NOT_SURE,NOT_SURE,YES,SOMETIMES,NO,NOT_SURE,YES,NO,NOT_SURE,YES,SOMETIMES,SOMETIMES,YES,NOT_SURE,NOT_SURE,SOMETIMES,NOT_SURE,NOT_SURE,SOMETIMES,SOMETIMES,NO,NOT_SURE,SOMETIMES,YES,NO,SOMETIMES,SOMETIMES,NOT_SURE,SOMETIMES,NOT_SURE,NO,SOMETIMES,SOMETIMES,NOT_SURE,NO
SYN-0176,NOT_SURE,NOT_SURE,NOT_SURE,NOT_SURE,NOT_SURE,NO,NO,NOT_SURE,PRIVATE,NO,SOMETIMES,NO,SOMETIMES,YES,SOMETIMES,YES,NO,NO,NOT_SURE,YES,32,MODERATE,46,47,37,19,36,44,24,8,14,34,NOT_SURE,NO,FRIENDS,NOT_SURE,NOT_SURE,NOT_SURE,NOT_SURE,NOT_SURE,NO,NO,NOT_SURE,SOMETIMES,NO,NO,NOT_SURE,SOMETIMES,SOMETIMES,PRIVATE,NO,SOMETIMES,SOMETIMES,NO,NOT_SURE,NOT_SURE,NOT_SURE,SOMETIMES,SOMETIMES,NO,NOT_SURE,SOMETIMES,NO,YES,YES,SOMETIMES,YES,SOMETIMES,YES,YES,YES,NOT_SURE,SOMETIMES,NO,NO,SOMETIMES,NO,YES,NOT_SURE,SOMETIMES,SOMETIMES,YES,YES
SYN-0177,NOT_SURE,NO,NO,NO,NO,NO,YES,NO,PRIVATE,NO,NO,NO,YES,NOT_SURE,YES,YES,NOT_SURE,NO,NO,SOMETIMES,22,MODERATE,59,7,0,13,17,9,21,39,33,67,NOT_SURE,SOMETIMES,FRIENDS,SOMETIMES,NO,NO,NO,NO,NO,YES,NO,NO,NO,NO,NO,NO,NO,PRIVATE,NO,NO,YES,NO,NOT_SURE,YES,NO,NO,YES,NO,NOT_SURE,YES,NOT_SURE,SOMETIMES,YES,YES,YES,SOMETIMES,NOT_SURE,YES,SOMETIMES,NO,SOMETIMES,NO,SOMETIMES,NO,NOT_SURE,SOMETIMES,NO,SOMETIMES,NOT_SURE,SOMETIMES,SOMETIMES
SYN-0178,PUBLIC,NOT_SURE,NOT_SURE,NOT_SURE,YES,NOT_SURE,YES,NOT_SURE,NOT_SURE,NOT_SURE,YES,NO,SOMETIMES,NOT_SURE,NOT_SURE,SOMETIMES,NOT_SURE,NO,NO,NOT_SURE,60,HIGH,79,71,84,64,46,37,58,45,16,66,PUBLIC,NOT_SURE,NOT_SURE,NOT_SURE,NOT_SURE,NOT_SURE,NOT_SURE,YES,NOT_SURE,YES,NOT_SURE,YES,NOT_SURE,NOT_SURE,YES,YES,SOMETIMES,NOT_SURE,NOT_SURE,NOT_SURE,NOT_SURE,NO,YES,NOT_SURE,SOMETIMES,NO,SOMETIMES,SOMETIMES,NOT_SURE,NOT_SURE,NOT_SURE,SOMETIMES,SOMETIMES,SOMETIMES,SOMETIMES,SOMETIMES,NOT_SURE,YES,SOMETIMES,SOMETIMES,NOT_SURE,NO,NO,SOMETIMES,NO,YES,NO,SOMETIMES,YES,NOT_SURE,NOT_SURE
SYN-0179,FRIENDS,NOT_SURE,NOT_SURE,NOT_SURE,YES,YES,NOT_SURE,NOT_SURE,FRIENDS,SOMETIMES,SOMETIMES,NOT_SURE,SOMETIMES,NO,NOT_SURE,NOT_SURE,NO,SOMETIMES,NO,NO,62,HIGH,54,66,48,56,76,60,54,70,72,90,FRIENDS,NOT_SURE,FRIENDS,NOT_SURE,NOT_SURE,NOT_SURE,NOT_SURE,NOT_SURE,YES,NOT_SURE,NOT_SURE,NO,SOMETIMES,NOT_SURE,YES,SOMETIMES,NO,FRIENDS,NOT_SURE,NOT_SURE,NOT_SURE,NOT_SURE,YES,NO,SOMETIMES,NOT_SURE,SOMETIMES,SOMETIMES,YES,NOT_SURE,NO,NOT_SURE,NOT_SURE,SOMETIMES,NO,NOT_SURE,NO,SOMETIMES,SOMETIMES,NOT_SURE,SOMETIMES,SOMETIMES,YES,NOT_SURE,YES,NOT_SURE,NO,NOT_SURE,NOT_SURE,NO,NO
SYN-0180,FRIENDS,NO,NO,NOT_SURE,NO,NOT_SURE,NO,NO,NOT_SURE,NO,NO,NO,YES,YES,YES,YES,NO,SOMETIMES,YES,YES,19,LOW,43,30,0,73,0,0,0,13,18,16,FRIENDS,SOMETIMES,FRIENDS,NO,NO,NO,NOT_SURE,NOT_SURE,NOT_SURE,NO,NO,NO,NO,NO,NO,NO,NO,NOT_SURE,NOT_SURE,YES,SOMETIMES,NO,NO,YES,NO,NO,YES,NO,NO,YES,NO,YES,YES,YES,YES,YES,YES,SOMETIMES,YES,NO,NO,SOMETIMES,NO,SOMETIMES,NO,YES,YES,NOT_SURE,SOMETIMES,YES,YES
SYN-0181,NOT_SURE,NO,NO,NOT_SURE,NOT_SURE,NO,NOT_SURE,NO,FRIENDS,NO,YES,SOMETIMES,YES,YES,SOMETIMES,SOMETIMES,NO,SOMETIMES,YES,YES,36,MODERATE,71,13,42,50,29,31,33,19,44,17,NOT_SURE,NOT_SURE,NOT_SURE,YES,NO,NO,NOT_SURE,NO,NO,NOT_SURE,NO,NO,NO,NOT_SURE,NOT_SURE,YES,SOMETIMES,FRIENDS,SOMETIMES,SOMETIMES,SOMETIMES,SOMETIMES,NO,YES,SOMETIMES,SOMETIMES,YES,NOT_SURE,NOT_SURE,SOMETIMES,NO,NOT_SURE,SOMETIMES,YES,YES,NOT_SURE,YES,SOMETIMES,YES,SOMETIMES,NOT_SURE,SOMETIMES,SOMETIMES,SOMETIMES,SOMETIMES,YES,YES,NO,SOMETIMES,YES,NOT_SURE
SYN-0182,FRIENDS,NO,NO,NO,NO,NOT_SURE,NOT_SURE,NOT_SURE,NOT_SURE,NO,NO,NOT_SURE,YES,SOMETIMES,SOMETIMES,NOT_SURE,SOMETIMES,NO,SOMETIMES,SOMETIMES,29,MODERATE,29,17,23,32,33,9,49,25,25,36,FRIENDS,NO,FRIENDS,NO,NO,NO,NO,NO,NOT_SURE,NOT_SURE,NOT_SURE,NOT_SURE,NO,NOT_SURE,NO,NO,NO,NOT_SURE,NO,NO,SOMETIMES,NOT_SURE,NO,YES,SOMETIMES,NO,YES,NO,NOT_SURE,SOMETIMES,SOMETIMES,SOMETIMES,NOT_SURE,SOMETIMES,YES,SOMETIMES,SOMETIMES,YES,YES,SOMETIMES,NO,NO,SOMETIMES,NO,SOMETIMES,SOMETIMES,SOMETIMES,SOMETIMES,YES,SOMETIMES,YES
SYN-0183,PUBLIC,YES,NOT_SURE,YES,NOT_SURE,NOT_SURE,NOT_SURE,YES,NOT_SURE,SOMETIMES,YES,YES,NO,NO,NO,NOT_SURE,YES,NOT_SURE,NO,NO,79,CRITICAL,76,77,66,89,86,93,84,93,61,96,PUBLIC,NOT_SURE,FRIENDS,NOT_SURE,YES,NOT_SURE,YES,NOT_SURE,NOT_SURE,NOT_SURE,YES,NOT_SURE,SOMETIMES,SOMETIMES,NOT_SURE,YES,YES,NOT_SURE,YES,YES,YES,YES,YES,SOMETIMES,SOMETIMES,YES,NO,YES,SOMETIMES,NO,YES,SOMETIMES,NOT_SURE,SOMETIMES,NO,NOT_SURE,NO,NO,NOT_SURE,YES,SOMETIMES,NOT_SURE,SOMETIMES,NOT_SURE,SOMETIMES,NO,NO,YES,NOT_SURE,NO,NO
SYN-0184,NOT_SURE,NOT_SURE,YES,NOT_SURE,NOT_SURE,NOT_SURE,YES,YES,PUBLIC,SOMETIMES,YES,YES,NO,NOT_SURE,NOT_SURE,NOT_SURE,NOT_SURE,YES,NO,NO,83,CRITICAL,83,80,83,83,100,80,69,76,89,100,NOT_SURE,YES,NOT_SURE,YES,NOT_SURE,YES,NOT_SURE,YES,NOT_SURE,YES,YES,YES,SOMETIMES,YES,NOT_SURE,YES,YES,PUBLIC,YES,SOMETIMES,NOT_SURE,YES,YES,NO,YES,SOMETIMES,NO,YES,NOT_SURE,NOT_SURE,NOT_SURE,NO,NOT_SURE,NOT_SURE,NOT_SURE,SOMETIMES,NOT_SURE,NOT_SURE,NO,NOT_SURE,YES,YES,YES,SOMETIMES,YES,NOT_SURE,NO,YES,NO,NO,NO
SYN-0185,PRIVATE,NOT_SURE,NOT_SURE,NOT_SURE,NO,NOT_SURE,NO,NOT_SURE,PRIVATE,NO,NOT_SURE,YES,NOT_SURE,SOMETIMES,SOMETIMES,SOMETIMES,NOT_SURE,NO,SOMETIMES,SOMETIMES,39,MODERATE,21,56,9,20,70,69,52,50,29,29,PRIVATE,SOMETIMES,FRIENDS,NO,NOT_SURE,NOT_SURE,NOT_SURE,NOT_SURE,NOT_SURE,NO,NOT_SURE,NO,NO,NO,NO,NOT_SURE,NO,PRIVATE,SOMETIMES,NO,NOT_SURE,YES,NOT_SURE,NOT_SURE,NO,NOT_SURE,NOT_SURE,SOMETIMES,YES,SOMETIMES,NOT_SURE,YES,SOMETIMES,NOT_SURE,NOT_SURE,SOMETIMES,SOMETIMES,NO,YES,SOMETIMES,SOMETIMES,NO,NO,NOT_SURE,SOMETIMES,NOT_SURE,SOMETIMES,NO,YES,SOMETIMES,YES
SYN-0186,FRIENDS,YES,NOT_SURE,YES,NOT_SURE,NOT_SURE,YES,NOT_SURE,PUBLIC,YES,SOMETIMES,YES,NOT_SURE,NO,NO,NOT_SURE,NOT_SURE,YES,NO,NO,79,CRITICAL,67,77,74,100,76,70,81,88,70,100,FRIENDS,YES,NOT_SURE,SOMETIMES,YES,NOT_SURE,YES,NOT_SURE,NOT_SURE,YES,NOT_SURE,NOT_SURE,YES,YES,NOT_SURE,SOMETIMES,YES,PUBLIC,YES,YES,YES,YES,NOT_SURE,SOMETIMES,NOT_SURE,NOT_SURE,NOT_SURE,YES,NOT_SURE,NO,NOT_SURE,NOT_SURE,NOT_SURE,NOT_SURE,NO,NO,NO,SOMETIMES,NO,YES,NOT_SURE,YES,SOMETIMES,NOT_SURE,YES,NOT_SURE,NO,YES,NO,NO,NO
SYN-0187,PUBLIC,NOT_SURE,NOT_SURE,YES,NOT_SURE,NOT_SURE,YES,YES,PUBLIC,SOMETIMES,YES,SOMETIMES,NOT_SURE,SOMETIMES,NOT_SURE,NOT_SURE,SOMETIMES,SOMETIMES,NO,NOT_SURE,68,HIGH,57,80,72,95,29,81,71,56,57,80,PUBLIC,NO,FRIENDS,SOMETIMES,NOT_SURE,NOT_SURE,YES,YES,NOT_SURE,YES,YES,YES,SOMETIMES,SOMETIMES,NOT_SURE,YES,SOMETIMES,PUBLIC,YES,YES,NOT_SURE,SOMETIMES,NO,YES,SOMETIMES,YES,NOT_SURE,YES,NOT_SURE,NOT_SURE,SOMETIMES,NOT_SURE,NOT_SURE,NO,NO,NOT_SURE,SOMETIMES,NOT_SURE,SOMETIMES,NOT_SURE,SOMETIMES,SOMETIMES,SOMETIMES,YES,SOMETIMES,SOMETIMES,NO,YES,SOMETIMES,NOT_SURE,NOT_SURE
SYN-0188,PRIVATE,NOT_SURE,NOT_SURE,NO,YES,NOT_SURE,YES,NOT_SURE,PUBLIC,YES,NOT_SURE,NOT_SURE,SOMETIMES,NOT_SURE,NOT_SURE,SOMETIMES,NOT_SURE,YES,SOMETIMES,NOT_SURE,63,HIGH,33,54,82,83,54,36,65,69,73,61,PRIVATE,NOT_SURE,FRIENDS,NOT_SURE,NOT_SURE,NOT_SURE,NO,NOT_SURE,NOT_SURE,YES,NOT_SURE,NOT_SURE,YES,YES,YES,NOT_SURE,NOT_SURE,PUBLIC,YES,SOMETIMES,NOT_SURE,NOT_SURE,NO,NO,YES,NO,SOMETIMES,SOMETIMES,SOMETIMES,NOT_SURE,NOT_SURE,NOT_SURE,SOMETIMES,SOMETIMES,NOT_SURE,NO,NOT_SURE,NOT_SURE,NOT_SURE,NOT_SURE,SOMETIMES,YES,NOT_SURE,NOT_SURE,NOT_SURE,NO,SOMETIMES,SOMETIMES,NOT_SURE,NOT_SURE,NOT_SURE
SYN-0189,PUBLIC,YES,NOT_SURE,YES,YES,NOT_SURE,NOT_SURE,YES,NOT_SURE,YES,YES,NOT_SURE,NO,NOT_SURE,NOT_SURE,SOMETIMES,SOMETIMES,SOMETIMES,NO,NOT_SURE,75,CRITICAL,81,77,85,66,79,79,61,68,80,77,PUBLIC,SOMETIMES,NOT_SURE,YES,YES,NOT_SURE,YES,NOT_SURE,NOT_SURE,NOT_SURE,YES,SOMETIMES,YES,YES,YES,YES,NOT_SURE,NOT_SURE,NOT_SURE,SOMETIMES,YES,NOT_SURE,YES,NOT_SURE,YES,SOMETIMES,NO,YES,SOMETIMES,NOT_SURE,SOMETIMES,NOT_SURE,SOMETIMES,SOMETIMES,NO,SOMETIMES,NOT_SURE,NOT_SURE,NOT_SURE,SOMETIMES,NOT_SURE,SOMETIMES,YES,YES,SOMETIMES,NO,NO,YES,SOMETIMES,NOT_SURE,SOMETIMES
SYN-0190,PRIVATE,NOT_SURE,NOT_SURE,NO,NOT_SURE,NOT_SURE,NOT_SURE,NOT_SURE,PUBLIC,SOMETIMES,NO,NOT_SURE,NOT_SURE,YES,SOMETIMES,NOT_SURE,SOMETIMES,NOT_SURE,SOMETIMES,YES,56,HIGH,21,60,58,90,61,74,59,31,59,14,PRIVATE,SOMETIMES,FRIENDS,NO,NOT_SURE,NOT_SURE,NO,YES,NOT_SURE,NOT_SURE,NOT_SURE,YES,SOMETIMES,NOT_SURE,NOT_SURE,NO,NOT_SURE,PUBLIC,YES,NOT_SURE,YES,NOT_SURE,NOT_SURE,NOT_SURE,NOT_SURE,YES,NOT_SURE,NOT_SURE,SOMETIMES,SOMETIMES,SOMETIMES,SOMETIMES,NOT_SURE,NOT_SURE,NO,SOMETIMES,YES,SOMETIMES,SOMETIMES,SOMETIMES,SOMETIMES,NOT_SURE,NOT_SURE,NOT_SURE,SOMETIMES,NOT_SURE,SOMETIMES,NO,YES,YES,YES
SYN-0191,NOT_SURE,NO,NO,NO,NO,NO,NO,NO,PRIVATE,NO,NO,NO,YES,SOMETIMES,YES,YES,NO,NO,YES,SOMETIMES,18,LOW,44,0,25,0,24,14,9,31,29,23,NOT_SURE,NO,FRIENDS,SOMETIMES,NO,NO,NO,NO,NO,NO,NO,SOMETIMES,NO,NOT_SURE,NO,NO,SOMETIMES,PRIVATE,NO,NO,NO,NO,NOT_SURE,YES,SOMETIMES,SOMETIMES,YES,NO,NO,YES,NO,YES,YES,SOMETIMES,SOMETIMES,YES,SOMETIMES,YES,SOMETIMES,NO,SOMETIMES,NO,SOMETIMES,SOMETIMES,NO,YES,YES,NOT_SURE,YES,SOMETIMES,YES
SYN-0192,PRIVATE,NO,NO,NO,NO,NO,NO,NO,FRIENDS,NO,NO,NO,SOMETIMES,YES,YES,YES,NO,NOT_SURE,SOMETIMES,SOMETIMES,14,LOW,21,0,12,19,9,36,7,0,30,36,PRIVATE,SOMETIMES,FRIENDS,NO,NO,NO,NO,NO,NO,NO,NO,NO,NO,SOMETIMES,NO,NO,NOT_SURE,FRIENDS,NO,NO,NO,NO,NO,YES,NOT_SURE,NO,SOMETIMES,SOMETIMES,SOMETIMES,YES,NO,SOMETIMES,YES,YES,SOMETIMES,YES,YES,YES,YES,NO,NO,NOT_SURE,NOT_SURE,NO,NO,YES,SOMETIMES,NO,SOMETIMES,SOMETIMES,YES
SYN-0193,FRIENDS,NO,NOT_SURE,NO,NOT_SURE,NO,NOT_SURE,NO,FRIENDS,NO,NO,SOMETIMES,YES,SOMETIMES,YES,SOMETIMES,NO,NO,NO,SOMETIMES,28,MODERATE,30,13,22,44,63,9,20,19,18,64,FRIENDS,NO,PRIVATE,NOT_SURE,NO,NOT_SURE,NO,NO,NO,NOT_SURE,NO,NO,NO,SOMETIMES,NOT_SURE,NO,NO,FRIENDS,SOMETIMES,SOMETIMES,NO,SOMETIMES,NOT_SURE,NOT_SURE,YES,NO,YES,NO,NOT_SURE,YES,NO,SOMETIMES,SOMETIMES,YES,NOT_SURE,SOMETIMES,SOMETIMES,YES,YES,NO,SOMETIMES,NO,NO,NO,SOMETIMES,SOMETIMES,NO,SOMETIMES,SOMETIMES,SOMETIMES,SOMETIMES
SYN-0194,FRIENDS,NOT_SURE,NOT_SURE,NOT_SURE,NO,NO,NO,NOT_SURE,NOT_SURE,NOT_SURE,NOT_SURE,SOMETIMES,YES,SOMETIMES,SOMETIMES,SOMETIMES,SOMETIMES,NO,SOMETIMES,NOT_SURE,50,HIGH,46,34,45,83,56,44,54,44,42,50,FRIENDS,NOT_SURE,PRIVATE,SOMETIMES,NOT_SURE,NOT_SURE,NOT_SURE,NO,NO,NO,NOT_SURE,NOT_SURE,NOT_SURE,NOT_SURE,NO,NOT_SURE,SOMETIMES,NOT_SURE,YES,YES,SOMETIMES,SOMETIMES,NOT_SURE,NOT_SURE,SOMETIMES,YES,YES,NOT_SURE,SOMETIMES,SOMETIMES,SOMETIMES,NOT_SURE,SOMETIMES,SOMETIMES,NOT_SURE,NOT_SURE,SOMETIMES,SOMETIMES,SOMETIMES,NO,SOMETIMES,NO,NOT_SURE,SOMETIMES,SOMETIMES,SOMETIMES,SOMETIMES,NOT_SURE,SOMETIMES,NOT_SURE,YES
SYN-0195,PRIVATE,NOT_SURE,NOT_SURE,NO,YES,NO,NOT_SURE,NOT_SURE,FRIENDS,NOT_SURE,SOMETIMES,SOMETIMES,NOT_SURE,SOMETIMES,SOMETIMES,SOMETIMES,SOMETIMES,SOMETIMES,YES,YES,40,MODERATE,21,43,48,40,36,63,48,50,29,14,PRIVATE,SOMETIMES,PRIVATE,SOMETIMES,NOT_SURE,NOT_SURE,NO,NOT_SURE,NO,NOT_SURE,NOT_SURE,NO,NOT_SURE,SOMETIMES,YES,SOMETIMES,NO,FRIENDS,NO,NOT_SURE,SOMETIMES,SOMETIMES,NO,SOMETIMES,SOMETIMES,NOT_SURE,NOT_SURE,SOMETIMES,NOT_SURE,SOMETIMES,SOMETIMES,YES,SOMETIMES,SOMETIMES,NOT_SURE,SOMETIMES,SOMETIMES,SOMETIMES,SOMETIMES,SOMETIMES,SOMETIMES,SOMETIMES,NO,NO,SOMETIMES,SOMETIMES,YES,SOMETIMES,YES,YES,SOMETIMES
SYN-0196,FRIENDS,NOT_SURE,NOT_SURE,NOT_SURE,NO,NOT_SURE,NO,NO,PRIVATE,NO,NO,SOMETIMES,NOT_SURE,SOMETIMES,YES,SOMETIMES,NO,SOMETIMES,NOT_SURE,SOMETIMES,37,MODERATE,54,39,12,34,29,74,19,50,58,66,FRIENDS,NOT_SURE,FRIENDS,NOT_SURE,NOT_SURE,NOT_SURE,NOT_SURE,NO,NOT_SURE,NO,NO,SOMETIMES,NO,NO,NO,NO,NO,PRIVATE,NOT_SURE,SOMETIMES,SOMETIMES,SOMETIMES,NO,YES,SOMETIMES,YES,NOT_SURE,SOMETIMES,NOT_SURE,YES,NO,SOMETIMES,SOMETIMES,NOT_SURE,YES,YES,SOMETIMES,SOMETIMES,SOMETIMES,SOMETIMES,NOT_SURE,SOMETIMES,NOT_SURE,SOMETIMES,YES,SOMETIMES,NOT_SURE,SOMETIMES,NO,SOMETIMES,NOT_SURE
SYN-0197,NOT_SURE,YES,NOT_SURE,YES,YES,NOT_SURE,NOT_SURE,NOT_SURE,PUBLIC,NOT_SURE,SOMETIMES,YES,NOT_SURE,YES,SOMETIMES,NOT_SURE,SOMETIMES,SOMETIMES,NOT_SURE,NO,77,CRITICAL,73,74,86,100,76,87,62,50,79,84,NOT_SURE,SOMETIMES,PUBLIC,YES,YES,NOT_SURE,YES,NOT_SURE,NOT_SURE,NOT_SURE,NOT_SURE,YES,NOT_SURE,YES,YES,SOMETIMES,YES,PUBLIC,YES,YES,YES,YES,NOT_SURE,SOMETIMES,NOT_SURE,YES,NOT_SURE,YES,YES,SOMETIMES,SOMETIMES,NO,NOT_SURE,SOMETIMES,NO,NOT_SURE,YES,NO,SOMETIMES,YES,YES,SOMETIMES,YES,SOMETIMES,SOMETIMES,NO,NOT_SURE,YES,SOMETIMES,NO,NO
SYN-0198,PUBLIC,YES,YES,NOT_SURE,NOT_SURE,YES,YES,NOT_SURE,PUBLIC,YES,YES,YES,SOMETIMES,SOMETIMES,NO,NO,YES,SOMETIMES,NOT_SURE,NO,79,CRITICAL,81,83,74,74,100,53,100,56,50,86,PUBLIC,NOT_SURE,FRIENDS,YES,YES,YES,NOT_SURE,NOT_SURE,YES,YES,NOT_SURE,NOT_SURE,YES,SOMETIMES,NOT_SURE,YES,YES,PUBLIC,NOT_SURE,NOT_SURE,SOMETIMES,YES,YES,NO,YES,NOT_SURE,SOMETIMES,SOMETIMES,SOMETIMES,NO,YES,NO,NO,NO,NO,NO,SOMETIMES,SOMETIMES,NOT_SURE,NOT_SURE,SOMETIMES,SOMETIMES,SOMETIMES,SOMETIMES,SOMETIMES,SOMETIMES,NOT_SURE,NOT_SURE,NO,NO,NO
SYN-0199,NOT_SURE,NO,YES,NOT_SURE,NO,NO,NO,NO,NOT_SURE,NO,SOMETIMES,SOMETIMES,SOMETIMES,NOT_SURE,NOT_SURE,YES,SOMETIMES,SOMETIMES,SOMETIMES,NO,43,HIGH,40,23,33,73,37,36,53,50,37,66,NOT_SURE,NO,NOT_SURE,NO,NO,YES,NOT_SURE,NO,NO,NO,NO,NOT_SURE,NO,SOMETIMES,NO,SOMETIMES,SOMETIMES,NOT_SURE,NOT_SURE,YES,SOMETIMES,SOMETIMES,NO,SOMETIMES,NOT_SURE,SOMETIMES,SOMETIMES,NO,NO,NOT_SURE,SOMETIMES,NOT_SURE,YES,SOMETIMES,NOT_SURE,NOT_SURE,NOT_SURE,YES,NOT_SURE,SOMETIMES,SOMETIMES,SOMETIMES,NO,NOT_SURE,SOMETIMES,SOMETIMES,SOMETIMES,NOT_SURE,SOMETIMES,NO,SOMETIMES
SYN-0200,PRIVATE,YES,NOT_SURE,NOT_SURE,YES,NOT_SURE,NOT_SURE,NOT_SURE,PUBLIC,NO,NOT_SURE,SOMETIMES,NO,NOT_SURE,NO,SOMETIMES,YES,YES,SOMETIMES,NOT_SURE,70,HIGH,30,77,60,88,53,83,87,89,79,63,PRIVATE,SOMETIMES,FRIENDS,NOT_SURE,YES,NOT_SURE,NOT_SURE,YES,NOT_SURE,NOT_SURE,NOT_SURE,NOT_SURE,NO,NOT_SURE,YES,NOT_SURE,NOT_SURE,PUBLIC,YES,SOMETIMES,YES,SOMETIMES,NOT_SURE,SOMETIMES,SOMETIMES,NOT_SURE,NO,YES,NOT_SURE,NO,YES,NO,SOMETIMES,SOMETIMES,NO,NO,NOT_SURE,NO,NO,YES,YES,YES,SOMETIMES,SOMETIMES,YES,NO,SOMETIMES,NOT_SURE,NOT_SURE,NOT_SURE,NOT_SURE
SYN-0201,FRIENDS,NOT_SURE,NOT_SURE,NOT_SURE,NOT_SURE,NOT_SURE,NOT_SURE,NOT_SURE,NOT_SURE,SOMETIMES,NO,YES,SOMETIMES,NOT_SURE,NOT_SURE,SOMETIMES,SOMETIMES,SOMETIMES,SOMETIMES,SOMETIMES,59,HIGH,69,60,35,74,74,50,63,64,51,53,FRIENDS,YES,NOT_SURE,NOT_SURE,NOT_SURE,NOT_SURE,NOT_SURE,NOT_SURE,NOT_SURE,NOT_SURE,NOT_SURE,NOT_SURE,SOMETIMES,NO,NOT_SURE,NO,NO,NOT_SURE,NOT_SURE,YES,NOT_SURE,YES,NOT_SURE,SOMETIMES,SOMETIMES,SOMETIMES,SOMETIMES,SOMETIMES,SOMETIMES,NOT_SURE,SOMETIMES,NO,SOMETIMES,NOT_SURE,SOMETIMES,NOT_SURE,NOT_SURE,SOMETIMES,NOT_SURE,NOT_SURE,NO,SOMETIMES,YES,SOMETIMES,NOT_SURE,YES,SOMETIMES,SOMETIMES,NOT_SURE,SOMETIMES,SOMETIMES
SYN-0202,PRIVATE,NO,NO,NO,NO,NOT_SURE,NO,NOT_SURE,FRIENDS,SOMETIMES,NO,NO,YES,YES,YES,YES,NO,NO,YES,NO,14,LOW,14,13,8,19,24,7,0,25,11,46,PRIVATE,NO,FRIENDS,SOMETIMES,NO,NO,NO,NO,NOT_SURE,NO,NOT_SURE,NO,SOMETIMES,NO,NO,NO,NO,FRIENDS,NO,NO,NO,NO,NOT_SURE,YES,SOMETIMES,NO,YES,SOMETIMES,NO,YES,NO,YES,YES,YES,YES,YES,YES,SOMETIMES,SOMETIMES,NO,NO,NO,NO,SOMETIMES,SOMETIMES,YES,YES,SOMETIMES,NOT_SURE,NO,YES
SYN-0203,PUBLIC,YES,NOT_SURE,YES,YES,YES,NOT_SURE,YES,PUBLIC,YES,YES,SOMETIMES,NO,NO,NO,SOMETIMES,NOT_SURE,NOT_SURE,NO,NO,86,CRITICAL,96,83,97,90,73,100,84,68,80,93,PUBLIC,YES,NOT_SURE,YES,YES,NOT_SURE,YES,NOT_SURE,YES,NOT_SURE,YES,YES,YES,YES,YES,YES,NOT_SURE,PUBLIC,YES,NOT_SURE,YES,SOMETIMES,YES,NO,NOT_SURE,YES,NO,YES,YES,NO,NOT_SURE,NO,SOMETIMES,NO,NO,NO,NO,YES,NOT_SURE,YES,NOT_SURE,NOT_SURE,YES,NOT_SURE,YES,NO,NO,YES,NO,NO,SOMETIMES
SYN-0204,PRIVATE,NOT_SURE,NOT_SURE,NOT_SURE,NO,NOT_SURE,NO,NO,PRIVATE,NO,NO,NO,SOMETIMES,YES,YES,SOMETIMES,NO,SOMETIMES,YES,YES,26,MODERATE,21,51,8,22,26,30,18,36,36,10,PRIVATE,SOMETIMES,FRIENDS,NO,NOT_SURE,NOT_SURE,NOT_SURE,NOT_SURE,NOT_SURE,NO,NO,NO,NO,SOMETIMES,NO,NO,NO,PRIVATE,NO,NOT_SURE,NOT_SURE,NO,NOT_SURE,YES,NOT_SURE,NO,SOMETIMES,NOT_SURE,NO,YES,NO,NOT_SURE,SOMETIMES,SOMETIMES,YES,YES,YES,SOMETIMES,NOT_SURE,SOMETIMES,SOMETIMES,SOMETIMES,SOMETIMES,NO,SOMETIMES,YES,YES,NO,YES,YES,NOT_SURE
SYN-0205,PRIVATE,YES,NOT_SURE,NOT_SURE,NOT_SURE,YES,NO,NOT_SURE,FRIENDS,YES,SOMETIMES,NO,YES,NOT_SURE,NOT_SURE,SOMETIMES,SOMETIMES,NO,SOMETIMES,SOMETIMES,40,MODERATE,0,57,60,40,17,7,52,45,39,47,PRIVATE,NO,PRIVATE,NO,YES,NOT_SURE,NOT_SURE,NO,YES,NO,NOT_SURE,SOMETIMES,YES,SOMETIMES,NOT_SURE,SOMETIMES,SOMETIMES,FRIENDS,NOT_SURE,NO,SOMETIMES,NO,NOT_SURE,YES,NO,NO,YES,SOMETIMES,NO,NOT_SURE,SOMETIMES,SOMETIMES,SOMETIMES,SOMETIMES,SOMETIMES,YES,NOT_SURE,SOMETIMES,YES,SOMETIMES,SOMETIMES,NO,SOMETIMES,SOMETIMES,SOMETIMES,SOMETIMES,SOMETIMES,NOT_SURE,YES,SOMETIMES,NOT_SURE
SYN-0206,FRIENDS,NOT_SURE,NOT_SURE,NOT_SURE,YES,NOT_SURE,NOT_SURE,NOT_SURE,FRIENDS,SOMETIMES,YES,NOT_SURE,NOT_SURE,NOT_SURE,NOT_SURE,NO,SOMETIMES,NOT_SURE,SOMETIMES,NOT_SURE,70,HIGH,60,69,80,81,53,70,73,64,70,64,FRIENDS,SOMETIMES,NOT_SURE,YES,NOT_SURE,NOT_SURE,NOT_SURE,YES,NOT_SURE,NOT_SURE,NOT_SURE,NOT_SURE,SOMETIMES,YES,YES,YES,NOT_SURE,FRIENDS,YES,YES,YES,NOT_SURE,NOT_SURE,NOT_SURE,NO,NOT_SURE,NOT_SURE,NOT_SURE,YES,NOT_SURE,SOMETIMES,NO,NO,NOT_SURE,SOMETIMES,NO,NOT_SURE,NOT_SURE,SOMETIMES,NOT_SURE,YES,NOT_SURE,NOT_SURE,NOT_SURE,YES,NOT_SURE,SOMETIMES,NOT_SURE,SOMETIMES,NOT_SURE,NO
SYN-0207,PUBLIC,YES,YES,YES,YES,YES,YES,YES,NOT_SURE,YES,YES,YES,NO,SOMETIMES,NO,NO,YES,YES,NOT_SURE,SOMETIMES,89,CRITICAL,83,91,100,83,90,94,100,44,93,69,PUBLIC,NOT_SURE,PUBLIC,NOT_SURE,YES,YES,YES,NOT_SURE,YES,YES,YES,YES,YES,YES,YES,YES,YES,NOT_SURE,YES,YES,SOMETIMES,YES,YES,NOT_SURE,NOT_SURE,YES,NO,NOT_SURE,YES,NO,YES,NO,NO,NO,NO,NO,SOMETIMES,SOMETIMES,YES,YES,YES,YES,YES,SOMETIMES,YES,NO,NOT_SURE,YES,NOT_SURE,SOMETIMES,NOT_SURE
SYN-0208,PRIVATE,NO,NO,NO,NO,NOT_SURE,NO,NO,PRIVATE,NO,NO,NOT_SURE,YES,SOMETIMES,NOT_SURE,SOMETIMES,NO,SOMETIMES,SOMETIMES,SOMETIMES,23,MODERATE,0,9,12,20,34,14,40,44,36,50,PRIVATE,NO,PRIVATE,NO,NO,NO,NO,NO,NOT_SURE,NO,NO,SOMETIMES,NO,NO,NO,NO,NO,PRIVATE,NO,SOMETIMES,NOT_SURE,NOT_SURE,NO,YES,NOT_SURE,NO,YES,SOMETIMES,SOMETIMES,NOT_SURE,NO,YES,SOMETIMES,NOT_SURE,YES,SOMETIMES,SOMETIMES,SOMETIMES,SOMETIMES,NO,NO,SOMETIMES,SOMETIMES,NO,SOMETIMES,SOMETIMES,SOMETIMES,SOMETIMES,SOMETIMES,SOMETIMES,SOMETIMES
SYN-0209,PUBLIC,YES,YES,YES,NOT_SURE,YES,NOT_SURE,YES,PUBLIC,YES,YES,YES,NO,SOMETIMES,YES,NOT_SURE,SOMETIMES,SOMETIMES,NOT_SURE,NO,77,CRITICAL,81,97,85,80,100,77,36,68,69,83,PUBLIC,NOT_SURE,PUBLIC,SOMETIMES,YES,YES,YES,YES,YES,NOT_SURE,YES,YES,YES,NOT_SURE,NOT_SURE,YES,YES,PUBLIC,NOT_SURE,NOT_SURE,YES,YES,YES,NO,YES,NOT_SURE,NO,NOT_SURE,NOT_SURE,YES,SOMETIMES,SOMETIMES,NOT_SURE,SOMETIMES,NOT_SURE,YES,SOMETIMES,NO,NOT_SURE,SOMETIMES,SOMETIMES,SOMETIMES,YES,NOT_SURE,SOMETIMES,NOT_SURE,NOT_SURE,YES,NOT_SURE,NO,NOT_SURE
SYN-0210,PRIVATE,NO,NO,NOT_SURE,NOT_SURE,NO,NO,NO,FRIENDS,NOT_SURE,NO,SOMETIMES,SOMETIMES,YES,YES,YES,SOMETIMES,NOT_SURE,SOMETIMES,SOMETIMES,31,MODERATE,33,21,23,51,56,50,11,36,30,37,PRIVATE,NOT_SURE,FRIENDS,NOT_SURE,NO,NO,NOT_SURE,NOT_SURE,NO,NO,NO,NO,NOT_SURE,NO,NOT_SURE,NO,NO,FRIENDS,SOMETIMES,SOMETIMES,NOT_SURE,SOMETIMES,NOT_SURE,NOT_SURE,SOMETIMES,SOMETIMES,SOMETIMES,SOMETIMES,SOMETIMES,YES,SOMETIMES,YES,YES,YES,YES,YES,YES,SOMETIMES,NOT_SURE,SOMETIMES,NOT_SURE,NOT_SURE,NO,NOT_SURE,NO,YES,SOMETIMES,NOT_SURE,YES,SOMETIMES,YES
SYN-0211,NOT_SURE,NOT_SURE,NOT_SURE,YES,NOT_SURE,NOT_SURE,NOT_SURE,NOT_SURE,PUBLIC,YES,YES,SOMETIMES,NOT_SURE,NOT_SURE,NO,NO,NOT_SURE,NOT_SURE,NOT_SURE,NOT_SURE,74,CRITICAL,60,66,85,95,54,66,85,76,68,69,NOT_SURE,SOMETIMES,FRIENDS,NOT_SURE,NOT_SURE,NOT_SURE,YES,NOT_SURE,NOT_SURE,NOT_SURE,NOT_SURE,YES,YES,NOT_SURE,NOT_SURE,YES,YES,PUBLIC,YES,YES,NOT_SURE,SOMETIMES,NOT_SURE,SOMETIMES,NOT_SURE,SOMETIMES,NOT_SURE,YES,SOMETIMES,NO,NOT_SURE,NO,NO,NO,SOMETIMES,NOT_SURE,NOT_SURE,NO,NOT_SURE,NOT_SURE,NOT_SURE,NOT_SURE,YES,YES,SOMETIMES,YES,NOT_SURE,NOT_SURE,NOT_SURE,NOT_SURE,NOT_SURE
SYN-0212,FRIENDS,NOT_SURE,NOT_SURE,NOT_SURE,NO,NO,NO,NOT_SURE,NOT_SURE,YES,SOMETIMES,YES,NO,SOMETIMES,NOT_SURE,NOT_SURE,NOT_SURE,YES,NOT_SURE,NO,70,HIGH,79,47,48,89,100,83,70,56,77,81,FRIENDS,YES,PUBLIC,YES,NOT_SURE,NOT_SURE,NOT_SURE,NOT_SURE,NO,NO,NOT_SURE,SOMETIMES,YES,NOT_SURE,NO,SOMETIMES,NOT_SURE,NOT_SURE,YES,YES,YES,YES,YES,NO,YES,NOT_SURE,NO,NOT_SURE,YES,NOT_SURE,NOT_SURE,NOT_SURE,NOT_SURE,NOT_SURE,NOT_SURE,NO,SOMETIMES,SOMETIMES,SOMETIMES,YES,NOT_SURE,YES,NOT_SURE,NOT_SURE,YES,NO,NOT_SURE,NOT_SURE,NO,NO,NOT_SURE
SYN-0213,PRIVATE,NO,NO,NO,NO,NO,NO,NO,FRIENDS,YES,NO,NO,NOT_SURE,YES,SOMETIMES,YES,NO,NO,YES,SOMETIMES,21,MODERATE,0,0,40,31,14,56,26,0,27,21,PRIVATE,NO,PRIVATE,NO,NO,NO,NO,NO,NO,NO,NO,SOMETIMES,YES,NOT_SURE,NO,NO,SOMETIMES,FRIENDS,SOMETIMES,NO,NO,NO,NO,SOMETIMES,SOMETIMES,NOT_SURE,NOT_SURE,NOT_SURE,NO,SOMETIMES,NO,YES,YES,NOT_SURE,YES,SOMETIMES,YES,YES,YES,NO,NO,NO,SOMETIMES,NOT_SURE,NOT_SURE,YES,YES,SOMETIMES,YES,SOMETIMES,YES
SYN-0214,FRIENDS,NOT_SURE,NO,NOT_SURE,NO,NOT_SURE,NOT_SURE,NOT_SURE,PRIVATE,NO,SOMETIMES,SOMETIMES,SOMETIMES,SOMETIMES,SOMETIMES,SOMETIMES,NOT_SURE,SOMETIMES,NOT_SURE,YES,39,MODERATE,43,39,19,20,54,36,45,69,47,36,FRIENDS,SOMETIMES,PRIVATE,SOMETIMES,NOT_SURE,NO,NOT_SURE,NO,NOT_SURE,NOT_SURE,NOT_SURE,NO,NO,SOMETIMES,NO,SOMETIMES,SOMETIMES,PRIVATE,NO,SOMETIMES,NOT_SURE,SOMETIMES,NOT_SURE,SOMETIMES,NOT_SURE,NO,SOMETIMES,SOMETIMES,SOMETIMES,SOMETIMES,NOT_SURE,SOMETIMES,SOMETIMES,SOMETIMES,YES,YES,SOMETIMES,NOT_SURE,NO,NOT_SURE,NOT_SURE,SOMETIMES,NOT_SURE,NO,SOMETIMES,SOMETIMES,NOT_SURE,NOT_SURE,SOMETIMES,YES,YES
SYN-0215,NOT_SURE,NO,NOT_SURE,NOT_SURE,NOT_SURE,NOT_SURE,YES,NOT_SURE,NOT_SURE,SOMETIMES,YES,YES,NO,NO,SOMETIMES,NOT_SURE,SOMETIMES,SOMETIMES,NO,NO,73,CRITICAL,76,50,74,74,100,100,62,86,66,90,NOT_SURE,YES,NOT_SURE,SOMETIMES,NO,NOT_SURE,NOT_SURE,NOT_SURE,NOT_SURE,YES,NOT_SURE,NOT_SURE,SOMETIMES,YES,NOT_SURE,YES,YES,NOT_SURE,YES,NOT_SURE,NOT_SURE,YES,YES,NO,YES,YES,NO,YES,YES,SOMETIMES,SOMETIMES,NOT_SURE,NOT_SURE,NOT_SURE,NOT_SURE,NO,NO,NOT_SURE,NO,SOMETIMES,SOMETIMES,SOMETIMES,YES,NOT_SURE,SOMETIMES,SOMETIMES,NO,NOT_SURE,NOT_SURE,NO,NO
SYN-0216,NOT_SURE,NOT_SURE,YES,NOT_SURE,YES,YES,YES,YES,NOT_SURE,NOT_SURE,NOT_SURE,YES,YES,NOT_SURE,NOT_SURE,SOMETIMES,SOMETIMES,YES,NO,NOT_SURE,77,CRITICAL,73,86,75,57,100,57,64,76,100,70,NOT_SURE,YES,FRIENDS,SOMETIMES,NOT_SURE,YES,NOT_SURE,YES,YES,YES,YES,NOT_SURE,NOT_SURE,YES,YES,NOT_SURE,NOT_SURE,NOT_SURE,SOMETIMES,SOMETIMES,SOMETIMES,YES,YES,NO,YES,YES,YES,YES,YES,NOT_SURE,SOMETIMES,NOT_SURE,SOMETIMES,NO,NOT_SURE,SOMETIMES,NOT_SURE,NOT_SURE,NO,NOT_SURE,YES,YES,YES,YES,YES,NO,NO,SOMETIMES,SOMETIMES,NOT_SURE,SOMETIMES
SYN-0217,FRIENDS,NOT_SURE,NO,NOT_SURE,NOT_SURE,YES,NOT_SURE,NOT_SURE,PRIVATE,YES,YES,NOT_SURE,NOT_SURE,YES,NOT_SURE,YES,NO,NOT_SURE,YES,YES,42,HIGH,40,57,70,15,40,59,34,20,33,29,FRIENDS,NO,NOT_SURE,NOT_SURE,NOT_SURE,NO,NOT_SURE,NOT_SURE,YES,NOT_SURE,NOT_SURE,SOMETIMES,YES,NOT_SURE,NOT_SURE,YES,NOT_SURE,PRIVATE,NO,NOT_SURE,NO,NOT_SURE,NO,SOMETIMES,SOMETIMES,SOMETIMES,NOT_SURE,SOMETIMES,SOMETIMES,NOT_SURE,NO,NOT_SURE,YES,NOT_SURE,YES,YES,YES,SOMETIMES,YES,NOT_SURE,SOMETIMES,NOT_SURE,NO,NOT_SURE,NOT_SURE,YES,YES,YES,SOMETIMES,YES,SOMETIMES
SYN-0218,PRIVATE,NO,NO,NOT_SURE,NOT_SURE,NO,NOT_SURE,NOT_SURE,NOT_SURE,NOT_SURE,SOMETIMES,NO,YES,NO,SOMETIMES,NOT_SURE,NOT_SURE,NOT_SURE,NO,SOMETIMES,49,HIGH,27,30,55,60,36,44,51,75,62,71,PRIVATE,NOT_SURE,NOT_SURE,NO,NO,NO,NOT_SURE,NOT_SURE,NO,NOT_SURE,NOT_SURE,SOMETIMES,NOT_SURE,NOT_SURE,NOT_SURE,SOMETIMES,SOMETIMES,NOT_SURE,NOT_SURE,SOMETIMES,SOMETIMES,NO,NOT_SURE,NOT_SURE,NOT_SURE,YES,YES,SOMETIMES,NOT_SURE,SOMETIMES,NOT_SURE,YES,NOT_SURE,SOMETIMES,SOMETIMES,SOMETIMES,NO,SOMETIMES,SOMETIMES,YES,YES,NOT_SURE,NOT_SURE,SOMETIMES,SOMETIMES,SOMETIMES,NO,NOT_SURE,NOT_SURE,SOMETIMES,NOT_SURE
SYN-0219,NOT_SURE,YES,YES,YES,NOT_SURE,YES,YES,NOT_SURE,FRIENDS,SOMETIMES,NOT_SURE,NOT_SURE,SOMETIMES,NOT_SURE,NOT_SURE,SOMETIMES,NOT_SURE,SOMETIMES,SOMETIMES,SOMETIMES,69,HIGH,76,97,68,66,60,59,60,76,55,60,NOT_SURE,NOT_SURE,PUBLIC,YES,YES,YES,YES,YES,YES,YES,NOT_SURE,YES,SOMETIMES,NOT_SURE,NOT_SURE,NOT_SURE,NOT_SURE,FRIENDS,YES,NOT_SURE,NOT_SURE,NOT_SURE,NOT_SURE,NOT_SURE,SOMETIMES,SOMETIMES,SOMETIMES,YES,NOT_SURE,NOT_SURE,NOT_SURE,YES,SOMETIMES,SOMETIMES,NOT_SURE,NO,NOT_SURE,NOT_SURE,NO,NOT_SURE,SOMETIMES,SOMETIMES,NOT_SURE,NOT_SURE,NOT_SURE,SOMETIMES,SOMETIMES,SOMETIMES,NO,SOMETIMES,NOT_SURE
SYN-0220,FRIENDS,NOT_SURE,NOT_SURE,NO,YES,NOT_SURE,NOT_SURE,NO,NOT_SURE,SOMETIMES,NOT_SURE,NO,SOMETIMES,NOT_SURE,NOT_SURE,SOMETIMES,NO,NOT_SURE,YES,SOMETIMES,53,HIGH,57,56,67,45,36,66,39,59,77,30,FRIENDS,SOMETIMES,PUBLIC,SOMETIMES,NOT_SURE,NOT_SURE,NO,YES,NOT_SURE,NOT_SURE,NO,SOMETIMES,SOMETIMES,SOMETIMES,YES,NOT_SURE,YES,NOT_SURE,SOMETIMES,NO,SOMETIMES,NO,NOT_SURE,NOT_SURE,NOT_SURE,YES,SOMETIMES,SOMETIMES,NOT_SURE,NOT_SURE,NO,YES,SOMETIMES,SOMETIMES,NOT_SURE,YES,NOT_SURE,SOMETIMES,SOMETIMES,NOT_SURE,YES,NOT_SURE,YES,YES,YES,YES,YES,NOT_SURE,YES,SOMETIMES,SOMETIMES
SYN-0221,FRIENDS,NOT_SURE,NO,NO,YES,NOT_SURE,NOT_SURE,NOT_SURE,FRIENDS,SOMETIMES,YES,SOMETIMES,YES,YES,SOMETIMES,SOMETIMES,SOMETIMES,NOT_SURE,YES,YES,53,HIGH,60,43,80,53,60,33,54,30,51,17,FRIENDS,SOMETIMES,NOT_SURE,YES,NOT_SURE,NO,NO,NOT_SURE,NOT_SURE,NOT_SURE,NOT_SURE,NOT_SURE,SOMETIMES,YES,YES,YES,NOT_SURE,FRIENDS,NOT_SURE,SOMETIMES,SOMETIMES,SOMETIMES,NOT_SURE,SOMETIMES,YES,NOT_SURE,YES,NOT_SURE,SOMETIMES,SOMETIMES,SOMETIMES,NOT_SURE,SOMETIMES,NOT_SURE,SOMETIMES,SOMETIMES,YES,SOMETIMES,NOT_SURE,NO,NOT_SURE,NOT_SURE,SOMETIMES,NOT_SURE,NO,SOMETIMES,YES,NO,SOMETIMES,YES,NOT_SURE
SYN-0222,FRIENDS,NO,NO,NOT_SURE,NO,NO,NO,NO,PRIVATE,NOT_SURE,NO,SOMETIMES,SOMETIMES,SOMETIMES,YES,YES,NO,SOMETIMES,NOT_SURE,NO,27,MODERATE,46,9,9,8,57,53,9,50,43,56,FRIENDS,NOT_SURE,PRIVATE,SOMETIMES,NO,NO,NOT_SURE,NO,NO,NO,NO,NO,NOT_SURE,NO,NO,NO,NO,PRIVATE,NO,NO,NOT_SURE,SOMETIMES,YES,SOMETIMES,NO,NOT_SURE,SOMETIMES,SOMETIMES,SOMETIMES,YES,NO,YES,YES,SOMETIMES,SOMETIMES,YES,SOMETIMES,SOMETIMES,SOMETIMES,SOMETIMES,SOMETIMES,SOMETIMES,SOMETIMES,NO,SOMETIMES,SOMETIMES,NOT_SURE,SOMETIMES,YES,NO,YES
SYN-0223,FRIENDS,NO,YES,NOT_SURE,NO,NO,NOT_SURE,NOT_SURE,FRIENDS,NO,NO,SOMETIMES,SOMETIMES,NOT_SURE,YES,SOMETIMES,NOT_SURE,SOMETIMES,SOMETIMES,YES,40,MODERATE,46,31,14,38,61,51,44,64,52,30,FRIENDS,NOT_SURE,FRIENDS,NO,NO,YES,NOT_SURE,NO,NO,NOT_SURE,NOT_SURE,NO,NO,NOT_SURE,NO,NO,NOT_SURE,FRIENDS,NO,SOMETIMES,SOMETIMES,SOMETIMES,NOT_SURE,NO,NOT_SURE,SOMETIMES,SOMETIMES,NOT_SURE,SOMETIMES,YES,NOT_SURE,NOT_SURE,SOMETIMES,NO,SOMETIMES,SOMETIMES,NOT_SURE,NOT_SURE,SOMETIMES,NOT_SURE,NOT_SURE,SOMETIMES,SOMETIMES,SOMETIMES,NOT_SURE,SOMETIMES,SOMETIMES,NOT_SURE,YES,YES,SOMETIMES
SYN-0224,FRIENDS,NOT_SURE,NOT_SURE,YES,NOT_SURE,YES,NOT_SURE,NOT_SURE,PRIVATE,SOMETIMES,SOMETIMES,YES,NOT_SURE,NO,SOMETIMES,SOMETIMES,NOT_SURE,YES,NOT_SURE,NO,68,HIGH,53,71,69,35,81,67,63,95,87,76,FRIENDS,SOMETIMES,NOT_SURE,SOMETIMES,NOT_SURE,NOT_SURE,YES,NOT_SURE,YES,NOT_SURE,NOT_SURE,YES,SOMETIMES,NOT_SURE,NOT_SURE,SOMETIMES,YES,PRIVATE,NOT_SURE,SOMETIMES,NOT_SURE,YES,NOT_SURE,SOMETIMES,YES,YES,NOT_SURE,NO,NOT_SURE,SOMETIMES,NOT_SURE,NO,SOMETIMES,NO,SOMETIMES,NOT_SURE,NO,NO,NO,NOT_SURE,YES,YES,YES,NOT_SURE,YES,SOMETIMES,NOT_SURE,SOMETIMES,NOT_SURE,NO,NOT_SURE
SYN-0225,PRIVATE,NO,NOT_SURE,NO,NOT_SURE,NO,NOT_SURE,NOT_SURE,NOT_SURE,NOT_SURE,SOMETIMES,SOMETIMES,SOMETIMES,YES,YES,SOMETIMES,NO,NO,YES,YES,26,MODERATE,0,17,50,39,29,50,13,20,26,20,PRIVATE,NO,PRIVATE,NO,NO,NOT_SURE,NO,NO,NO,NOT_SURE,NOT_SURE,SOMETIMES,NOT_SURE,SOMETIMES,NOT_SURE,SOMETIMES,NO,NOT_SURE,SOMETIMES,NO,NO,SOMETIMES,NO,SOMETIMES,NO,SOMETIMES,SOMETIMES,SOMETIMES,SOMETIMES,YES,NO,YES,SOMETIMES,SOMETIMES,YES,YES,YES,SOMETIMES,YES,NOT_SURE,NOT_SURE,NO,NOT_SURE,NO,NO,YES,YES,NO,NOT_SURE,YES,NOT_SURE
SYN-0226,FRIENDS,NOT_SURE,NO,NO,NO,NO,NO,NO,FRIENDS,NO,SOMETIMES,NO,SOMETIMES,SOMETIMES,SOMETIMES,SOMETIMES,NOT_SURE,NO,YES,YES,33,MODERATE,46,13,33,46,33,46,47,55,17,0,FRIENDS,NOT_SURE,PRIVATE,SOMETIMES,NOT_SURE,NO,NO,NO,NO,NO,NO,SOMETIMES,NO,NOT_SURE,NO,SOMETIMES,NOT_SURE,FRIENDS,SOMETIMES,NOT_SURE,NO,NO,NOT_SURE,SOMETIMES,NOT_SURE,NOT_SURE,SOMETIMES,NO,SOMETIMES,SOMETIMES,NOT_SURE,SOMETIMES,SOMETIMES,YES,SOMETIMES,SOMETIMES,SOMETIMES,SOMETIMES,NOT_SURE,SOMETIMES,NO,NO,NOT_SURE,NO,NO,YES,YES,NO,YES,YES,YES
SYN-0227,FRIENDS,NOT_SURE,NOT_SURE,NOT_SURE,NOT_SURE,NOT_SURE,NOT_SURE,NOT_SURE,FRIENDS,NO,NO,YES,NOT_SURE,YES,SOMETIMES,NOT_SURE,SOMETIMES,SOMETIMES,SOMETIMES,NOT_SURE,50,HIGH,59,60,30,65,67,47,40,38,52,49,FRIENDS,SOMETIMES,PUBLIC,NOT_SURE,NOT_SURE,NOT_SURE,NOT_SURE,NOT_SURE,NOT_SURE,NOT_SURE,NOT_SURE,SOMETIMES,NO,NO,NOT_SURE,NO,NOT_SURE,FRIENDS,NOT_SURE,YES,SOMETIMES,YES,NOT_SURE,SOMETIMES,NO,NOT_SURE,NOT_SURE,NO,NO,SOMETIMES,SOMETIMES,YES,NOT_SURE,YES,YES,SOMETIMES,YES,NOT_SURE,SOMETIMES,NOT_SURE,SOMETIMES,SOMETIMES,SOMETIMES,NOT_SURE,NOT_SURE,SOMETIMES,SOMETIMES,SOMETIMES,SOMETIMES,NOT_SURE,YES
SYN-0228,NOT_SURE,NOT_SURE,NOT_SURE,NO,NO,NOT_SURE,NO,YES,NOT_SURE,NO,NO,SOMETIMES,SOMETIMES,NO,SOMETIMES,YES,NOT_SURE,SOMETIMES,YES,SOMETIMES,51,HIGH,74,50,23,61,53,57,49,70,58,29,NOT_SURE,YES,FRIENDS,NOT_SURE,NOT_SURE,NOT_SURE,NO,NOT_SURE,NOT_SURE,NO,YES,SOMETIMES,NO,SOMETIMES,NO,NO,SOMETIMES,NOT_SURE,NOT_SURE,SOMETIMES,NOT_SURE,SOMETIMES,NOT_SURE,SOMETIMES,SOMETIMES,YES,SOMETIMES,SOMETIMES,NO,SOMETIMES,NOT_SURE,SOMETIMES,YES,NOT_SURE,SOMETIMES,NOT_SURE,NO,SOMETIMES,SOMETIMES,NOT_SURE,YES,SOMETIMES,SOMETIMES,SOMETIMES,NOT_SURE,SOMETIMES,YES,SOMETIMES,SOMETIMES,SOMETIMES,YES
SYN-0229,FRIENDS,YES,YES,NOT_SURE,YES,YES,NOT_SURE,NOT_SURE,NOT_SURE,NOT_SURE,NOT_SURE,SOMETIMES,NO,SOMETIMES,NO,NO,YES,NOT_SURE,NO,NOT_SURE,77,CRITICAL,54,80,80,63,57,89,98,69,91,73,FRIENDS,SOMETIMES,NOT_SURE,NOT_SURE,YES,YES,NOT_SURE,NOT_SURE,YES,NOT_SURE,NOT_SURE,YES,NOT_SURE,SOMETIMES,YES,NOT_SURE,YES,NOT_SURE,NOT_SURE,NOT_SURE,SOMETIMES,SOMETIMES,NOT_SURE,NOT_SURE,NOT_SURE,NOT_SURE,NO,YES,YES,NO,YES,NO,NO,NO,NO,NOT_SURE,SOMETIMES,NO,SOMETIMES,YES,YES,NOT_SURE,YES,YES,YES,NO,NO,SOMETIMES,SOMETIMES,NOT_SURE,NOT_SURE
SYN-0230,NOT_SURE,NOT_SURE,NOT_SURE,NOT_SURE,NOT_SURE,NOT_SURE,YES,NOT_SURE,FRIENDS,NOT_SURE,SOMETIMES,YES,YES,SOMETIMES,YES,NO,NOT_SURE,YES,NOT_SURE,SOMETIMES,62,HIGH,74,63,45,40,93,51,49,61,89,69,NOT_SURE,YES,FRIENDS,NOT_SURE,NOT_SURE,NOT_SURE,NOT_SURE,NOT_SURE,NOT_SURE,YES,NOT_SURE,NO,NOT_SURE,NOT_SURE,NOT_SURE,SOMETIMES,NOT_SURE,FRIENDS,NOT_SURE,NO,SOMETIMES,YES,YES,SOMETIMES,YES,YES,YES,YES,NOT_SURE,YES,NOT_SURE,NOT_SURE,NO,NOT_SURE,SOMETIMES,SOMETIMES,SOMETIMES,SOMETIMES,NOT_SURE,YES,NOT_SURE,YES,YES,NOT_SURE,YES,NO,NOT_SURE,YES,NOT_SURE,SOMETIMES,NOT_SURE
SYN-0231,FRIENDS,NOT_SURE,NOT_SURE,NO,NOT_SURE,NOT_SURE,NOT_SURE,NOT_SURE,NOT_SURE,YES,SOMETIMES,NOT_SURE,SOMETIMES,NOT_SURE,SOMETIMES,SOMETIMES,NO,SOMETIMES,NOT_SURE,SOMETIMES,54,HIGH,59,60,60,70,60,36,28,57,51,57,FRIENDS,SOMETIMES,PUBLIC,NOT_SURE,NOT_SURE,NOT_SURE,NO,YES,NOT_SURE,NOT_SURE,NOT_SURE,SOMETIMES,YES,SOMETIMES,NOT_SURE,SOMETIMES,SOMETIMES,NOT_SURE,YES,SOMETIMES,SOMETIMES,NOT_SURE,NOT_SURE,NOT_SURE,SOMETIMES,SOMETIMES,SOMETIMES,NO,NO,SOMETIMES,NO,YES,SOMETIMES,SOMETIMES,YES,YES,NOT_SURE,SOMETIMES,SOMETIMES,SOMETIMES,SOMETIMES,SOMETIMES,NOT_SURE,NOT_SURE,YES,YES,NOT_SURE,NOT_SURE,SOMETIMES,SOMETIMES,SOMETIMES
SYN-0232,NOT_SURE,NOT_SURE,NOT_SURE,NO,NOT_SURE,NOT_SURE,NOT_SURE,NOT_SURE,FRIENDS,SOMETIMES,SOMETIMES,NO,NOT_SURE,NO,NOT_SURE,NOT_SURE,SOMETIMES,SOMETIMES,SOMETIMES,SOMETIMES,57,HIGH,73,51,55,53,34,56,62,70,66,53,NOT_SURE,SOMETIMES,PUBLIC,YES,NOT_SURE,NOT_SURE,NO,NOT_SURE,NOT_SURE,NOT_SURE,NOT_SURE,SOMETIMES,SOMETIMES,NOT_SURE,NOT_SURE,SOMETIMES,NOT_SURE,FRIENDS,SOMETIMES,NOT_SURE,SOMETIMES,NO,NOT_SURE,NOT_SURE,SOMETIMES,NOT_SURE,NOT_SURE,NO,NOT_SURE,NOT_SURE,SOMETIMES,NOT_SURE,NOT_SURE,SOMETIMES,NOT_SURE,SOMETIMES,NO,SOMETIMES,SOMETIMES,NOT_SURE,NOT_SURE,SOMETIMES,YES,SOMETIMES,SOMETIMES,SOMETIMES,SOMETIMES,SOMETIMES,NOT_SURE,SOMETIMES,SOMETIMES
SYN-0233,NOT_SURE,NOT_SURE,YES,NOT_SURE,NOT_SURE,NO,NOT_SURE,NOT_SURE,FRIENDS,NOT_SURE,SOMETIMES,NOT_SURE,NOT_SURE,SOMETIMES,NOT_SURE,SOMETIMES,NOT_SURE,NO,SOMETIMES,SOMETIMES,51,HIGH,44,57,62,54,59,46,63,50,12,46,NOT_SURE,NO,FRIENDS,SOMETIMES,NOT_SURE,YES,NOT_SURE,NOT_SURE,NO,NOT_SURE,NOT_SURE,SOMETIMES,NOT_SURE,YES,NOT_SURE,SOMETIMES,NOT_SURE,FRIENDS,NOT_SURE,SOMETIMES,NOT_SURE,NOT_SURE,NOT_SURE,SOMETIMES,NOT_SURE,NO,NOT_SURE,SOMETIMES,NOT_SURE,NOT_SURE,NOT_SURE,SOMETIMES,SOMETIMES,NOT_SURE,NOT_SURE,NOT_SURE,SOMETIMES,NO,YES,SOMETIMES,NO,NO,NO,NOT_SURE,SOMETIMES,YES,SOMETIMES,NO,SOMETIMES,SOMETIMES,NOT_SURE
SYN-0234,NOT_SURE,NOT_SURE,NOT_SURE,NOT_SURE,NO,NOT_SURE,YES,NOT_SURE,FRIENDS,SOMETIMES,YES,NO,SOMETIMES,NOT_SURE,NOT_SURE,YES,NOT_SURE,NOT_SURE,SOMETIMES,SOMETIMES,54,HIGH,61,63,55,50,31,53,56,57,56,51,NOT_SURE,SOMETIMES,NOT_SURE,SOMETIMES,NOT_SURE,NOT_SURE,NOT_SURE,NOT_SURE,NOT_SURE,YES,NOT_SURE,SOMETIMES,SOMETIMES,YES,NO,YES,NOT_SURE,FRIENDS,SOMETIMES,SOMETIMES,SOMETIMES,NO,NOT_SURE,SOMETIMES,SOMETIMES,NOT_SURE,SOMETIMES,SOMETIMES,SOMETIMES,NOT_SURE,NOT_SURE,NO,YES,SOMETIMES,SOMETIMES,NOT_SURE,NOT_SURE,SOMETIMES,SOMETIMES,SOMETIMES,NOT_SURE,NOT_SURE,NOT_SURE,SOMETIMES,SOMETIMES,SOMETIMES,SOMETIMES,NOT_SURE,SOMETIMES,SOMETIMES,SOMETIMES
SYN-0235,FRIENDS,NO,NOT_SURE,NO,NOT_SURE,NO,NO,NOT_SURE,FRIENDS,NOT_SURE,SOMETIMES,NO,SOMETIMES,SOMETIMES,YES,SOMETIMES,SOMETIMES,NOT_SURE,SOMETIMES,NOT_SURE,40,MODERATE,46,13,63,50,24,36,34,50,42,56,FRIENDS,SOMETIMES,NOT_SURE,NO,NO,NOT_SURE,NO,NO,NO,NO,NOT_SURE,YES,NOT_SURE,NOT_SURE,NOT_SURE,SOMETIMES,NO,FRIENDS,SOMETIMES,SOMETIMES,SOMETIMES,NO,NOT_SURE,SOMETIMES,NO,NO,SOMETIMES,SOMETIMES,SOMETIMES,YES,SOMETIMES,SOMETIMES,SOMETIMES,NOT_SURE,SOMETIMES,YES,SOMETIMES,SOMETIMES,SOMETIMES,SOMETIMES,NO,NOT_SURE,NOT_SURE,NOT_SURE,SOMETIMES,YES,SOMETIMES,SOMETIMES,SOMETIMES,NOT_SURE,SOMETIMES
SYN-0236,PRIVATE,NO,NOT_SURE,NOT_SURE,YES,NOT_SURE,NO,NO,FRIENDS,NO,NO,SOMETIMES,YES,SOMETIMES,SOMETIMES,SOMETIMES,SOMETIMES,NOT_SURE,NOT_SURE,NOT_SURE,47,HIGH,31,39,48,54,60,36,46,44,56,63,PRIVATE,NOT_SURE,FRIENDS,SOMETIMES,NO,NOT_SURE,NOT_SURE,NOT_SURE,NOT_SURE,NO,NO,NOT_SURE,NO,SOMETIMES,YES,NO,SOMETIMES,FRIENDS,NOT_SURE,SOMETIMES,NOT_SURE,SOMETIMES,NOT_SURE,SOMETIMES,YES,YES,YES,NO,SOMETIMES,SOMETIMES,SOMETIMES,YES,SOMETIMES,NOT_SURE,YES,NOT_SURE,SOMETIMES,SOMETIMES,SOMETIMES,NO,SOMETIMES,NOT_SURE,NOT_SURE,SOMETIMES,NOT_SURE,SOMETIMES,NOT_SURE,NOT_SURE,SOMETIMES,NOT_SURE,SOMETIMES
SYN-0237,PUBLIC,NO,NOT_SURE,NO,NO,NOT_SURE,NO,NOT_SURE,PRIVATE,NOT_SURE,NOT_SURE,YES,SOMETIMES,SOMETIMES,SOMETIMES,NOT_SURE,NOT_SURE,YES,NOT_SURE,NO,56,HIGH,71,34,44,35,86,36,62,61,73,81,PUBLIC,SOMETIMES,FRIENDS,SOMETIMES,NO,NOT_SURE,NO,NOT_SURE,NOT_SURE,NO,NOT_SURE,SOMETIMES,NOT_SURE,NOT_SURE,NO,NOT_SURE,NOT_SURE,PRIVATE,SOMETIMES,NOT_SURE,NOT_SURE,YES,YES,SOMETIMES,SOMETIMES,NO,SOMETIMES,SOMETIMES,SOMETIMES,SOMETIMES,NOT_SURE,NO,NOT_SURE,SOMETIMES,NOT_SURE,NOT_SURE,SOMETIMES,NOT_SURE,SOMETIMES,YES,NOT_SURE,YES,NOT_SURE,YES,NOT_SURE,SOMETIMES,NOT_SURE,NOT_SURE,NOT_SURE,NO,NO
SYN-0238,PRIVATE,NO,NO,NO,NO,NO,NO,NO,FRIENDS,NO,NO,NO,YES,NOT_SURE,YES,YES,SOMETIMES,NO,SOMETIMES,SOMETIMES,14,LOW,29,0,0,49,0,0,19,34,4,36,PRIVATE,SOMETIMES,FRIENDS,SOMETIMES,NO,NO,NO,NO,NO,NO,NO,NO,NO,NO,NO,NO,NO,FRIENDS,NOT_SURE,NOT_SURE,NO,NO,NO,YES,NO,NO,YES,NO,NO,YES,SOMETIMES,YES,YES,NOT_SURE,YES,YES,NOT_SURE,YES,YES,NOT_SURE,NO,NO,NO,NO,NOT_SURE,YES,SOMETIMES,NO,YES,SOMETIMES,SOMETIMES
SYN-0239,PRIVATE,NOT_SURE,NO,NO,NO,NOT_SURE,NO,NO,NOT_SURE,NO,NO,NO,YES,YES,YES,YES,SOMETIMES,NO,YES,SOMETIMES,18,LOW,7,21,8,46,0,14,26,30,0,33,PRIVATE,NO,FRIENDS,NO,NOT_SURE,NO,NO,NO,NOT_SURE,NO,NO,NO,NO,SOMETIMES,NO,NO,NO,NOT_SURE,NO,SOMETIMES,NOT_SURE,NO,NO,YES,NO,NO,YES,SOMETIMES,SOMETIMES,YES,SOMETIMES,YES,YES,NOT_SURE,SOMETIMES,SOMETIMES,YES,SOMETIMES,NOT_SURE,NO,NO,NO,NO,NO,NO,YES,YES,NOT_SURE,NOT_SURE,SOMETIMES,YES
SYN-0240,FRIENDS,NOT_SURE,YES,YES,YES,NOT_SURE,YES,NOT_SURE,PUBLIC,NOT_SURE,SOMETIMES,YES,SOMETIMES,SOMETIMES,NO,NOT_SURE,NOT_SURE,YES,SOMETIMES,NO,75,CRITICAL,53,83,71,75,89,59,79,68,84,66,FRIENDS,NOT_SURE,FRIENDS,SOMETIMES,NOT_SURE,YES,YES,YES,NOT_SURE,YES,NOT_SURE,NOT_SURE,NOT_SURE,NOT_SURE,YES,SOMETIMES,YES,PUBLIC,NOT_SURE,NOT_SURE,NOT_SURE,YES,NOT_SURE,NO,YES,SOMETIMES,SOMETIMES,YES,NOT_SURE,NO,NOT_SURE,NOT_SURE,NOT_SURE,NOT_SURE,NO,NOT_SURE,SOMETIMES,NOT_SURE,NO,SOMETIMES,SOMETIMES,YES,YES,NOT_SURE,NOT_SURE,NO,SOMETIMES,NOT_SURE,YES,NO,NO
SYN-0241,PUBLIC,NOT_SURE,YES,YES,NOT_SURE,YES,NOT_SURE,YES,PUBLIC,SOMETIMES,NOT_SURE,NOT_SURE,NO,NO,NOT_SURE,NO,YES,YES,NOT_SURE,NO,75,CRITICAL,81,80,71,71,40,73,87,93,73,87,PUBLIC,NOT_SURE,PUBLIC,SOMETIMES,NOT_SURE,YES,YES,NOT_SURE,YES,NOT_SURE,YES,YES,SOMETIMES,NOT_SURE,NOT_SURE,NOT_SURE,YES,PUBLIC,NOT_SURE,SOMETIMES,SOMETIMES,NOT_SURE,NO,YES,YES,SOMETIMES,NO,SOMETIMES,NOT_SURE,NOT_SURE,YES,NO,NO,NO,SOMETIMES,NO,NO,NOT_SURE,NO,YES,SOMETIMES,YES,SOMETIMES,NOT_SURE,YES,NO,NOT_SURE,YES,NO,NO,NOT_SURE
SYN-0242,PRIVATE,NOT_SURE,NO,NO,NO,NO,NO,NO,PRIVATE,NO,NO,NO,YES,SOMETIMES,YES,YES,SOMETIMES,SOMETIMES,YES,YES,9,LOW,7,13,14,0,0,0,11,31,11,0,PRIVATE,NO,PRIVATE,SOMETIMES,NOT_SURE,NO,NO,NO,NO,NO,NO,NOT_SURE,NO,NO,NO,NO,NO,PRIVATE,NO,NO,NO,NO,NO,YES,NO,NO,YES,NO,NO,YES,SOMETIMES,YES,YES,YES,YES,YES,SOMETIMES,YES,SOMETIMES,NO,NO,SOMETIMES,NO,NO,NO,YES,YES,NO,YES,YES,YES
SYN-0243,NOT_SURE,YES,NOT_SURE,NOT_SURE,YES,NOT_SURE,YES,YES,FRIENDS,NOT_SURE,YES,NOT_SURE,NO,NO,NO,SOMETIMES,YES,YES,NO,NO,79,CRITICAL,76,83,85,76,51,89,88,100,66,96,NOT_SURE,YES,NOT_SURE,SOMETIMES,YES,NOT_SURE,NOT_SURE,YES,NOT_SURE,YES,YES,NOT_SURE,NOT_SURE,YES,YES,YES,YES,FRIENDS,YES,YES,NOT_SURE,NOT_SURE,NOT_SURE,YES,NOT_SURE,YES,NO,NOT_SURE,NOT_SURE,NO,YES,NOT_SURE,SOMETIMES,NO,NOT_SURE,NO,NO,NO,NO,YES,NOT_SURE,YES,SOMETIMES,SOMETIMES,YES,SOMETIMES,NO,YES,NO,NO,NOT_SURE
SYN-0244,PUBLIC,NOT_SURE,NOT_SURE,YES,NOT_SURE,NOT_SURE,NOT_SURE,NOT_SURE,NOT_SURE,YES,YES,NOT_SURE,NO,NO,SOMETIMES,SOMETIMES,YES,SOMETIMES,NO,NOT_SURE,76,CRITICAL,79,66,82,79,67,94,69,100,75,81,PUBLIC,SOMETIMES,PUBLIC,SOMETIMES,NOT_SURE,NOT_SURE,YES,NOT_SURE,NOT_SURE,NOT_SURE,NOT_SURE,NOT_SURE,YES,YES,NOT_SURE,YES,YES,NOT_SURE,YES,NOT_SURE,YES,NOT_SURE,NOT_SURE,NOT_SURE,YES,YES,NO,NOT_SURE,YES,SOMETIMES,YES,NO,SOMETIMES,NOT_SURE,SOMETIMES,NOT_SURE,NO,NO,NO,YES,YES,SOMETIMES,NOT_SURE,YES,NOT_SURE,NO,NO,NOT_SURE,NO,NOT_SURE,NOT_SURE
SYN-0245,FRIENDS,NOT_SURE,NOT_SURE,NOT_SURE,NOT_SURE,NOT_SURE,YES,NOT_SURE,FRIENDS,SOMETIMES,SOMETIMES,NOT_SURE,NOT_SURE,NO,NOT_SURE,NOT_SURE,NOT_SURE,SOMETIMES,SOMETIMES,SOMETIMES,65,HIGH,57,71,75,56,43,76,72,85,61,53,FRIENDS,NOT_SURE,NOT_SURE,NOT_SURE,NOT_SURE,NOT_SURE,NOT_SURE,YES,NOT_SURE,YES,NOT_SURE,YES,SOMETIMES,YES,NOT_SURE,SOMETIMES,YES,FRIENDS,NOT_SURE,NOT_SURE,NOT_SURE,NOT_SURE,NOT_SURE,YES,NO,YES,NOT_SURE,NOT_SURE,NOT_SURE,NOT_SURE,NOT_SURE,SOMETIMES,NOT_SURE,NO,NO,NOT_SURE,NO,NOT_SURE,NOT_SURE,YES,NOT_SURE,SOMETIMES,SOMETIMES,NOT_SURE,NOT_SURE,NO,SOMETIMES,YES,NOT_SURE,SOMETIMES,YES
SYN-0246,NOT_SURE,NOT_SURE,NOT_SURE,YES,NOT_SURE,NOT_SURE,YES,YES,FRIENDS,SOMETIMES,NO,SOMETIMES,NOT_SURE,SOMETIMES,NOT_SURE,SOMETIMES,SOMETIMES,NOT_SURE,NO,NOT_SURE,63,HIGH,77,71,35,66,53,76,68,54,69,80,NOT_SURE,YES,NOT_SURE,NOT_SURE,NOT_SURE,NOT_SURE,YES,NOT_SURE,NOT_SURE,YES,YES,NO,SOMETIMES,NOT_SURE,NOT_SURE,NO,SOMETIMES,FRIENDS,YES,NOT_SURE,NOT_SURE,SOMETIMES,NOT_SURE,NO,NO,YES,NOT_SURE,NOT_SURE,NOT_SURE,NOT_SURE,SOMETIMES,NOT_SURE,SOMETIMES,NO,NO,NOT_SURE,SOMETIMES,NOT_SURE,NOT_SURE,NO,SOMETIMES,NOT_SURE,YES,NOT_SURE,NOT_SURE,SOMETIMES,NO,YES,NOT_SURE,NOT_SURE,SOMETIMES
SYN-0247,PRIVATE,NO,NOT_SURE,NO,NO,NO,YES,NO,PRIVATE,NO,SOMETIMES,NO,YES,SOMETIMES,SOMETIMES,YES,NO,NO,YES,NO,14,LOW,7,16,23,0,0,30,19,19,0,36,PRIVATE,NO,PRIVATE,SOMETIMES,NO,NOT_SURE,NO,NO,NO,YES,NO,SOMETIMES,NO,NO,NO,SOMETIMES,SOMETIMES,PRIVATE,NO,NO,NO,NO,NO,YES,NO,SOMETIMES,YES,SOMETIMES,NOT_SURE,SOMETIMES,NO,YES,YES,YES,YES,SOMETIMES,SOMETIMES,YES,YES,NO,NO,NO,NO,NO,NO,YES,YES,NO,YES,NO,SOMETIMES
SYN-0248,FRIENDS,NOT_SURE,NOT_SURE,NO,NOT_SURE,NO,NO,NO,FRIENDS,NOT_SURE,NO,NOT_SURE,SOMETIMES,SOMETIMES,YES,NOT_SURE,NO,NOT_SURE,YES,SOMETIMES,42,HIGH,47,34,48,59,40,54,23,56,50,21,FRIENDS,NOT_SURE,PRIVATE,NOT_SURE,NOT_SURE,NOT_SURE,NO,NOT_SURE,NO,NO,NO,SOMETIMES,NOT_SURE,NOT_SURE,NOT_SURE,NO,SOMETIMES,FRIENDS,SOMETIMES,NOT_SURE,YES,NOT_SURE,NO,SOMETIMES,SOMETIMES,NOT_SURE,SOMETIMES,SOMETIMES,NOT_SURE,YES,NO,SOMETIMES,NOT_SURE,SOMETIMES,SOMETIMES,YES,SOMETIMES,SOMETIMES,NOT_SURE,NOT_SURE,NOT_SURE,NOT_SURE,NO,SOMETIMES,YES,NO,YES,NO,YES,SOMETIMES,SOMETIMES
SYN-0249,FRIENDS,YES,YES,NOT_SURE,NOT_SURE,NO,NO,NOT_SURE,FRIENDS,NOT_SURE,SOMETIMES,NOT_SURE,NOT_SURE,NOT_SURE,NOT_SURE,SOMETIMES,NOT_SURE,YES,NOT_SURE,NOT_SURE,55,HIGH,50,61,56,39,61,80,54,51,48,64,FRIENDS,SOMETIMES,FRIENDS,SOMETIMES,YES,YES,NOT_SURE,NOT_SURE,NO,NO,NOT_SURE,NOT_SURE,NOT_SURE,SOMETIMES,NOT_SURE,SOMETIMES,SOMETIMES,FRIENDS,SOMETIMES,NO,NOT_SURE,NOT_SURE,NOT_SURE,NOT_SURE,NOT_SURE,YES,NOT_SURE,YES,SOMETIMES,NOT_SURE,NOT_SURE,SOMETIMES,SOMETIMES,SOMETIMES,YES,SOMETIMES,NOT_SURE,NOT_SURE,YES,NOT_SURE,NOT_SURE,YES,NO,SOMETIMES,SOMETIMES,SOMETIMES,NOT_SURE,SOMETIMES,SOMETIMES,NOT_SURE,NOT_SURE
SYN-0250,PUBLIC,YES,YES,YES,NOT_SURE,NOT_SURE,NOT_SURE,YES,PUBLIC,YES,YES,YES,NOT_SURE,NOT_SURE,NOT_SURE,NOT_SURE,YES,YES,NO,NO,88,CRITICAL,100,83,79,100,89,87,81,89,94,90,PUBLIC,YES,PUBLIC,YES,YES,YES,YES,NOT_SURE,NOT_SURE,NOT_SURE,YES,SOMETIMES,YES,YES,NOT_SURE,YES,YES,PUBLIC,YES,YES,YES,YES,YES,NOT_SURE,SOMETIMES,YES,NOT_SURE,YES,YES,NOT_SURE,YES,NO,NOT_SURE,NOT_SURE,NOT_SURE,NO,NOT_SURE,NO,NO,YES,YES,YES,YES,NOT_SURE,YES,NO,NO,NOT_SURE,NO,NO,NOT_SURE
SYN-0251,FRIENDS,NO,NOT_SURE,NOT_SURE,NOT_SURE,NO,NOT_SURE,NOT_SURE,FRIENDS,NO,NOT_SURE,NO,NOT_SURE,SOMETIMES,SOMETIMES,NOT_SURE,SOMETIMES,NO,SOMETIMES,YES,39,MODERATE,50,39,49,25,31,69,45,19,26,36,FRIENDS,SOMETIMES,FRIENDS,SOMETIMES,NO,NOT_SURE,NOT_SURE,NOT_SURE,NO,NOT_SURE,NOT_SURE,NOT_SURE,NO,SOMETIMES,NOT_SURE,NOT_SURE,NOT_SURE,FRIENDS,NO,NO,SOMETIMES,NO,NOT_SURE,SOMETIMES,SOMETIMES,NOT_SURE,NOT_SURE,YES,SOMETIMES,SOMETIMES,SOMETIMES,SOMETIMES,NOT_SURE,YES,NOT_SURE,YES,SOMETIMES,YES,YES,NO,NOT_SURE,NO,NOT_SURE,NO,NO,YES,SOMETIMES,SOMETIMES,SOMETIMES,YES,SOMETIMES
SYN-0252,PUBLIC,YES,YES,NOT_SURE,NO,YES,YES,NOT_SURE,PUBLIC,NOT_SURE,NOT_SURE,NOT_SURE,SOMETIMES,SOMETIMES,NOT_SURE,NO,SOMETIMES,SOMETIMES,NO,SOMETIMES,74,CRITICAL,84,83,65,88,61,60,72,74,66,86,PUBLIC,NOT_SURE,NOT_SURE,YES,YES,YES,NOT_SURE,NOT_SURE,YES,YES,NOT_SURE,YES,NOT_SURE,YES,NO,NOT_SURE,YES,PUBLIC,YES,SOMETIMES,YES,NOT_SURE,NOT_SURE,NOT_SURE,NOT_SURE,NOT_SURE,SOMETIMES,YES,SOMETIMES,NOT_SURE,SOMETIMES,NOT_SURE,NO,NOT_SURE,NO,NOT_SURE,SOMETIMES,NO,NOT_SURE,YES,SOMETIMES,SOMETIMES,NOT_SURE,YES,YES,NOT_SURE,NO,YES,NO,SOMETIMES,NO
SYN-0253,FRIENDS,NO,NOT_SURE,NO,NO,NO,NO,NOT_SURE,PRIVATE,SOMETIMES,NOT_SURE,SOMETIMES,NOT_SURE,SOMETIMES,SOMETIMES,NOT_SURE,NO,NOT_SURE,SOMETIMES,SOMETIMES,27,MODERATE,29,13,26,0,30,30,41,38,37,44,FRIENDS,NO,PRIVATE,SOMETIMES,NO,NOT_SURE,NO,NO,NO,NO,NOT_SURE,NO,SOMETIMES,NOT_SURE,NO,NOT_SURE,NO,PRIVATE,NO,NO,NO,SOMETIMES,NO,YES,NOT_SURE,NO,NOT_SURE,NO,NO,SOMETIMES,NO,NO,NOT_SURE,YES,SOMETIMES,NOT_SURE,SOMETIMES,YES,SOMETIMES,SOMETIMES,NO,NOT_SURE,NOT_SURE,SOMETIMES,NO,YES,SOMETIMES,NOT_SURE,YES,SOMETIMES,SOMETIMES
SYN-0254,NOT_SURE,YES,NOT_SURE,YES,NO,NOT_SURE,NOT_SURE,NOT_SURE,PUBLIC,YES,SOMETIMES,NO,SOMETIMES,NO,NO,NOT_SURE,YES,SOMETIMES,SOMETIMES,NOT_SURE,71,CRITICAL,81,83,51,81,43,61,84,80,74,63,NOT_SURE,YES,PUBLIC,NOT_SURE,YES,NOT_SURE,YES,YES,NOT_SURE,NOT_SURE,NOT_SURE,NOT_SURE,YES,NOT_SURE,NO,SOMETIMES,NOT_SURE,PUBLIC,YES,SOMETIMES,SOMETIMES,NO,YES,YES,YES,NOT_SURE,SOMETIMES,YES,NOT_SURE,NO,YES,NOT_SURE,NOT_SURE,NOT_SURE,SOMETIMES,NOT_SURE,NO,NOT_SURE,NOT_SURE,NOT_SURE,NOT_SURE,SOMETIMES,YES,YES,NOT_SURE,SOMETIMES,SOMETIMES,NOT_SURE,NOT_SURE,NOT_SURE,NOT_SURE
SYN-0255,PUBLIC,NOT_SURE,YES,NOT_SURE,NOT_SURE,NOT_SURE,NOT_SURE,NOT_SURE,PUBLIC,NO,NOT_SURE,SOMETIMES,SOMETIMES,SOMETIMES,NO,SOMETIMES,SOMETIMES,NOT_SURE,SOMETIMES,NOT_SURE,63,HIGH,79,66,48,73,57,79,69,44,57,69,PUBLIC,SOMETIMES,FRIENDS,YES,NOT_SURE,YES,NOT_SURE,NOT_SURE,NOT_SURE,NOT_SURE,NOT_SURE,SOMETIMES,NO,NOT_SURE,NOT_SURE,NOT_SURE,NOT_SURE,PUBLIC,NOT_SURE,SOMETIMES,NOT_SURE,SOMETIMES,NOT_SURE,NOT_SURE,NOT_SURE,YES,SOMETIMES,YES,YES,NO,SOMETIMES,NOT_SURE,SOMETIMES,NOT_SURE,SOMETIMES,SOMETIMES,SOMETIMES,NOT_SURE,YES,NOT_SURE,NOT_SURE,NOT_SURE,SOMETIMES,SOMETIMES,YES,SOMETIMES,SOMETIMES,YES,NOT_SURE,NOT_SURE,NOT_SURE
SYN-0256,PRIVATE,NOT_SURE,NO,NOT_SURE,NOT_SURE,NOT_SURE,NOT_SURE,NO,NOT_SURE,NO,SOMETIMES,NOT_SURE,SOMETIMES,NOT_SURE,NOT_SURE,SOMETIMES,YES,SOMETIMES,SOMETIMES,SOMETIMES,54,HIGH,33,34,48,74,64,53,71,57,55,53,PRIVATE,NOT_SURE,FRIENDS,NOT_SURE,NOT_SURE,NO,NOT_SURE,NO,NOT_SURE,NOT_SURE,NO,NOT_SURE,NO,NOT_SURE,NOT_SURE,SOMETIMES,SOMETIMES,NOT_SURE,NOT_SURE,YES,NOT_SURE,NOT_SURE,NOT_SURE,NO,SOMETIMES,NOT_SURE,SOMETIMES,SOMETIMES,SOMETIMES,NOT_SURE,YES,NOT_SURE,SOMETIMES,NOT_SURE,SOMETIMES,SOMETIMES,NOT_SURE,SOMETIMES,SOMETIMES,SOMETIMES,NOT_SURE,SOMETIMES,NOT_SURE,SOMETIMES,NOT_SURE,SOMETIMES,SOMETIMES,SOMETIMES,NOT_SURE,SOMETIMES,SOMETIMES
SYN-0257,PRIVATE,NOT_SURE,NOT_SURE,NO,NO,NOT_SURE,NO,NO,PRIVATE,NO,NO,NOT_SURE,YES,SOMETIMES,SOMETIMES,YES,NO,NO,SOMETIMES,SOMETIMES,16,LOW,0,30,5,0,40,17,15,38,0,36,PRIVATE,NO,PRIVATE,NO,NOT_SURE,NOT_SURE,NO,NO,NOT_SURE,NO,NO,NO,NO,NO,NO,NO,NOT_SURE,PRIVATE,NO,NO,NO,NOT_SURE,NO,SOMETIMES,SOMETIMES,NOT_SURE,YES,NO,NO,SOMETIMES,NO,YES,YES,YES,YES,YES,SOMETIMES,SOMETIMES,YES,SOMETIMES,NO,NO,NO,NO,NO,YES,SOMETIMES,SOMETIMES,YES,SOMETIMES,YES
SYN-0258,FRIENDS,NO,NO,NO,YES,NO,NO,NO,NOT_SURE,NO,YES,NO,SOMETIMES,SOMETIMES,SOMETIMES,NOT_SURE,SOMETIMES,NO,SOMETIMES,SOMETIMES,35,MODERATE,43,0,64,26,26,37,54,25,28,36,FRIENDS,SOMETIMES,PRIVATE,SOMETIMES,NO,NO,NO,NO,NO,NO,NO,NOT_SURE,NO,SOMETIMES,YES,YES,SOMETIMES,NOT_SURE,NO,NO,NO,NO,NOT_SURE,YES,NOT_SURE,NO,SOMETIMES,NOT_SURE,SOMETIMES,SOMETIMES,SOMETIMES,NOT_SURE,NOT_SURE,SOMETIMES,SOMETIMES,SOMETIMES,SOMETIMES,YES,YES,SOMETIMES,NO,NO,NOT_SURE,SOMETIMES,SOMETIMES,YES,SOMETIMES,NO,SOMETIMES,SOMETIMES,YES
SYN-0259,NOT_SURE,NOT_SURE,NOT_SURE,NO,NOT_SURE,NOT_SURE,NO,NO,NOT_SURE,SOMETIMES,SOMETIMES,SOMETIMES,NOT_SURE,NOT_SURE,NOT_SURE,NO,NOT_SURE,YES,NOT_SURE,SOMETIMES,58,HIGH,61,30,58,59,46,73,79,69,61,63,NOT_SURE,SOMETIMES,NOT_SURE,SOMETIMES,NOT_SURE,NOT_SURE,NO,NO,NOT_SURE,NO,NO,NOT_SURE,SOMETIMES,SOMETIMES,NOT_SURE,SOMETIMES,YES,NOT_SURE,SOMETIMES,SOMETIMES,NOT_SURE,SOMETIMES,NOT_SURE,SOMETIMES,NO,SOMETIMES,NOT_SURE,YES,YES,NOT_SURE,NOT_SURE,NO,NO,NO,NO,SOMETIMES,NOT_SURE,NOT_SURE,SOMETIMES,YES,NOT_SURE,YES,NOT_SURE,SOMETIMES,YES,YES,NOT_SURE,NOT_SURE,NOT_SURE,SOMETIMES,NOT_SURE
SYN-0260,NOT_SURE,NO,NOT_SURE,NO,NO,NOT_SURE,NOT_SURE,NOT_SURE,FRIENDS,NOT_SURE,SOMETIMES,NO,NOT_SURE,SOMETIMES,NOT_SURE,SOMETIMES,NOT_SURE,NOT_SURE,YES,SOMETIMES,39,MODERATE,44,39,22,53,0,30,60,63,46,37,NOT_SURE,SOMETIMES,PRIVATE,NO,NO,NOT_SURE,NO,NOT_SURE,NOT_SURE,NOT_SURE,NOT_SURE,NO,NOT_SURE,NO,NO,SOMETIMES,NOT_SURE,FRIENDS,SOMETIMES,NOT_SURE,SOMETIMES,NO,NO,YES,NO,NO,NOT_SURE,NO,NO,NOT_SURE,NOT_SURE,NOT_SURE,SOMETIMES,SOMETIMES,SOMETIMES,SOMETIMES,SOMETIMES,SOMETIMES,NO,SOMETIMES,NO,NOT_SURE,SOMETIMES,NOT_SURE,SOMETIMES,SOMETIMES,YES,NOT_SURE,SOMETIMES,SOMETIMES,SOMETIMES
SYN-0261,NOT_SURE,YES,NOT_SURE,NOT_SURE,NOT_SURE,NOT_SURE,NOT_SURE,NOT_SURE,NOT_SURE,SOMETIMES,YES,NOT_SURE,NO,SOMETIMES,YES,NOT_SURE,YES,NO,NO,SOMETIMES,64,HIGH,70,69,60,70,67,83,58,61,44,71,NOT_SURE,NOT_SURE,PUBLIC,NOT_SURE,YES,NOT_SURE,NOT_SURE,NOT_SURE,NOT_SURE,NOT_SURE,NOT_SURE,SOMETIMES,SOMETIMES,SOMETIMES,NOT_SURE,YES,SOMETIMES,NOT_SURE,YES,SOMETIMES,SOMETIMES,NOT_SURE,NOT_SURE,NOT_SURE,YES,NOT_SURE,NO,YES,NOT_SURE,YES,YES,NOT_SURE,NOT_SURE,SOMETIMES,NO,NO,SOMETIMES,NOT_SURE,NOT_SURE,NOT_SURE,NOT_SURE,NO,SOMETIMES,SOMETIMES,NOT_SURE,NOT_SURE,NO,SOMETIMES,NO,SOMETIMES,SOMETIMES
SYN-0262,PRIVATE,NO,NO,NOT_SURE,NOT_SURE,NOT_SURE,NOT_SURE,NO,NOT_SURE,NOT_SURE,SOMETIMES,NOT_SURE,SOMETIMES,SOMETIMES,SOMETIMES,NOT_SURE,SOMETIMES,SOMETIMES,NOT_SURE,SOMETIMES,45,HIGH,14,34,62,61,36,43,49,39,44,61,PRIVATE,NO,PUBLIC,NO,NO,NO,NOT_SURE,NOT_SURE,NOT_SURE,NOT_SURE,NO,SOMETIMES,NOT_SURE,YES,NOT_SURE,SOMETIMES,NOT_SURE,NOT_SURE,SOMETIMES,NOT_SURE,NOT_SURE,NOT_SURE,NO,NOT_SURE,NO,SOMETIMES,SOMETIMES,NO,SOMETIMES,SOMETIMES,SOMETIMES,NOT_SURE,NOT_SURE,YES,SOMETIMES,SOMETIMES,SOMETIMES,YES,SOMETIMES,NOT_SURE,NO,SOMETIMES,SOMETIMES,NOT_SURE,SOMETIMES,SOMETIMES,NOT_SURE,SOMETIMES,NOT_SURE,SOMETIMES,NOT_SURE
SYN-0263,FRIENDS,NO,NO,NO,NOT_SURE,NOT_SURE,YES,NO,FRIENDS,NO,NO,NO,YES,SOMETIMES,SOMETIMES,NOT_SURE,SOMETIMES,NO,NOT_SURE,SOMETIMES,33,MODERATE,56,16,37,41,0,21,58,50,13,44,FRIENDS,NOT_SURE,NOT_SURE,SOMETIMES,NO,NO,NO,NO,NOT_SURE,YES,NO,SOMETIMES,NO,SOMETIMES,NOT_SURE,NO,SOMETIMES,FRIENDS,NOT_SURE,NO,NOT_SURE,NO,NO,YES,NO,SOMETIMES,YES,NO,SOMETIMES,SOMETIMES,SOMETIMES,NOT_SURE,NOT_SURE,NOT_SURE,NOT_SURE,SOMETIMES,SOMETIMES,SOMETIMES,SOMETIMES,SOMETIMES,NOT_SURE,NO,NO,NO,NOT_SURE,YES,NOT_SURE,NO,NOT_SURE,SOMETIMES,YES
SYN-0264,PRIVATE,NO,NOT_SURE,YES,NO,NOT_SURE,NOT_SURE,NO,NOT_SURE,SOMETIMES,YES,NOT_SURE,YES,NOT_SURE,YES,YES,SOMETIMES,NO,YES,YES,37,MODERATE,21,49,58,61,57,7,16,39,14,14,PRIVATE,SOMETIMES,PRIVATE,SOMETIMES,NO,NOT_SURE,YES,NOT_SURE,NOT_SURE,NOT_SURE,NO,SOMETIMES,SOMETIMES,YES,NO,YES,YES,NOT_SURE,SOMETIMES,NOT_SURE,NOT_SURE,NOT_SURE,NOT_SURE,SOMETIMES,SOMETIMES,NO,YES,SOMETIMES,NO,YES,SOMETIMES,YES,YES,YES,YES,NOT_SURE,NOT_SURE,YES,SOMETIMES,NO,SOMETIMES,NO,NO,SOMETIMES,NO,YES,YES,NO,SOMETIMES,YES,SOMETIMES
SYN-0265,NOT_SURE,NOT_SURE,NOT_SURE,NOT_SURE,YES,NOT_SURE,NOT_SURE,NOT_SURE,PUBLIC,YES,NOT_SURE,YES,NO,NO,SOMETIMES,NOT_SURE,YES,NOT_SURE,NOT_SURE,NO,78,CRITICAL,69,60,94,90,87,100,71,93,56,87,NOT_SURE,NOT_SURE,PUBLIC,SOMETIMES,NOT_SURE,NOT_SURE,NOT_SURE,NOT_SURE,NOT_SURE,NOT_SURE,NOT_SURE,YES,YES,YES,YES,NOT_SURE,YES,PUBLIC,NOT_SURE,YES,YES,YES,YES,SOMETIMES,NOT_SURE,YES,NO,YES,YES,SOMETIMES,YES,NO,NOT_SURE,SOMETIMES,NO,SOMETIMES,NO,NO,NOT_SURE,YES,SOMETIMES,NOT_SURE,NOT_SURE,SOMETIMES,NOT_SURE,SOMETIMES,NOT_SURE,YES,NOT_SURE,NO,NO
SYN-0266,FRIENDS,NO,NO,NO,NO,NO,NO,NO,FRIENDS,NO,NO,NO,NOT_SURE,YES,YES,SOMETIMES,YES,NO,SOMETIMES,NOT_SURE,18,LOW,30,13,0,40,10,30,30,0,0,44,FRIENDS,NO,PRIVATE,NOT_SURE,NO,NO,NO,NOT_SURE,NO,NO,NO,NO,NO,NO,NO,NO,NO,FRIENDS,NOT_SURE,NO,SOMETIMES,NO,NO,NOT_SURE,NO,NO,NOT_SURE,NO,NO,YES,YES,YES,SOMETIMES,YES,YES,YES,YES,YES,YES,NO,NO,NO,NO,NO,NO,YES,SOMETIMES,NO,NOT_SURE,NOT_SURE,YES
SYN-0267,NOT_SURE,NOT_SURE,NOT_SURE,NO,NO,NOT_SURE,NO,NOT_SURE,FRIENDS,SOMETIMES,NO,NOT_SURE,YES,NOT_SURE,YES,YES,SOMETIMES,SOMETIMES,SOMETIMES,SOMETIMES,36,MODERATE,61,34,19,34,33,7,34,45,54,43,NOT_SURE,SOMETIMES,NOT_SURE,SOMETIMES,NOT_SURE,NOT_SURE,NO,NO,NOT_SURE,NO,NOT_SURE,SOMETIMES,SOMETIMES,NO,NO,NO,NO,FRIENDS,NO,NOT_SURE,NO,NOT_SURE,NO,YES,SOMETIMES,NO,YES,SOMETIMES,NO,YES,SOMETIMES,SOMETIMES,YES,NOT_SURE,SOMETIMES,NO,NOT_SURE,SOMETIMES,YES,SOMETIMES,NOT_SURE,SOMETIMES,NOT_SURE,SOMETIMES,SOMETIMES,SOMETIMES,SOMETIMES,SOMETIMES,SOMETIMES,SOMETIMES,YES
SYN-0268,PRIVATE,NOT_SURE,NOT_SURE,NO,NO,NO,NO,NOT_SURE,FRIENDS,SOMETIMES,SOMETIMES,NO,YES,SOMETIMES,SOMETIMES,SOMETIMES,SOMETIMES,NOT_SURE,SOMETIMES,NOT_SURE,38,MODERATE,29,39,23,53,31,30,44,55,27,73,PRIVATE,SOMETIMES,FRIENDS,SOMETIMES,NOT_SURE,NOT_SURE,NO,NOT_SURE,NO,NO,NOT_SURE,NO,SOMETIMES,SOMETIMES,NO,SOMETIMES,NO,FRIENDS,SOMETIMES,NOT_SURE,SOMETIMES,NO,NOT_SURE,SOMETIMES,SOMETIMES,SOMETIMES,YES,NOT_SURE,SOMETIMES,SOMETIMES,SOMETIMES,SOMETIMES,SOMETIMES,YES,SOMETIMES,SOMETIMES,SOMETIMES,NOT_SURE,SOMETIMES,SOMETIMES,SOMETIMES,NOT_SURE,NO,NO,NO,SOMETIMES,SOMETIMES,YES,NO,NOT_SURE,NOT_SURE
SYN-0269,FRIENDS,NOT_SURE,NOT_SURE,NOT_SURE,NOT_SURE,NO,NOT_SURE,NOT_SURE,FRIENDS,SOMETIMES,SOMETIMES,NOT_SURE,NO,SOMETIMES,SOMETIMES,NOT_SURE,NO,SOMETIMES,SOMETIMES,NOT_SURE,53,HIGH,60,51,42,51,60,76,40,39,75,50,FRIENDS,SOMETIMES,NOT_SURE,YES,NOT_SURE,NOT_SURE,NOT_SURE,NOT_SURE,NO,NOT_SURE,NOT_SURE,NO,SOMETIMES,NOT_SURE,NOT_SURE,SOMETIMES,SOMETIMES,FRIENDS,SOMETIMES,SOMETIMES,NOT_SURE,NOT_SURE,NOT_SURE,NOT_SURE,SOMETIMES,NOT_SURE,NO,SOMETIMES,NOT_SURE,SOMETIMES,NO,NOT_SURE,NOT_SURE,SOMETIMES,YES,SOMETIMES,SOMETIMES,SOMETIMES,YES,NOT_SURE,NOT_SURE,SOMETIMES,YES,NOT_SURE,NOT_SURE,NO,SOMETIMES,NOT_SURE,YES,NOT_SURE,SOMETIMES
SYN-0270,PRIVATE,NOT_SURE,NOT_SURE,NOT_SURE,NOT_SURE,YES,NOT_SURE,NOT_SURE,FRIENDS,NOT_SURE,SOMETIMES,SOMETIMES,SOMETIMES,NOT_SURE,NO,YES,YES,SOMETIMES,NO,SOMETIMES,60,HIGH,21,66,58,64,54,66,83,57,51,71,PRIVATE,SOMETIMES,FRIENDS,NO,NOT_SURE,NOT_SURE,NOT_SURE,NOT_SURE,YES,NOT_SURE,NOT_SURE,NOT_SURE,NOT_SURE,NOT_SURE,NOT_SURE,SOMETIMES,SOMETIMES,FRIENDS,SOMETIMES,YES,NOT_SURE,SOMETIMES,NOT_SURE,SOMETIMES,NOT_SURE,YES,SOMETIMES,SOMETIMES,NOT_SURE,NO,YES,NO,YES,NO,NO,NOT_SURE,NOT_SURE,SOMETIMES,SOMETIMES,SOMETIMES,SOMETIMES,SOMETIMES,NOT_SURE,NOT_SURE,NO,SOMETIMES,NO,SOMETIMES,SOMETIMES,SOMETIMES,NO
SYN-0271,NOT_SURE,NOT_SURE,NOT_SURE,NOT_SURE,NOT_SURE,NOT_SURE,NOT_SURE,NOT_SURE,FRIENDS,YES,NOT_SURE,SOMETIMES,SOMETIMES,SOMETIMES,SOMETIMES,NOT_SURE,NO,SOMETIMES,NOT_SURE,NO,62,HIGH,76,60,62,64,79,59,51,50,53,77,NOT_SURE,NOT_SURE,PUBLIC,YES,NOT_SURE,NOT_SURE,NOT_SURE,NOT_SURE,NOT_SURE,NOT_SURE,NOT_SURE,SOMETIMES,YES,SOMETIMES,NOT_SURE,NOT_SURE,SOMETIMES,FRIENDS,SOMETIMES,YES,NOT_SURE,SOMETIMES,YES,NO,YES,SOMETIMES,SOMETIMES,YES,NOT_SURE,SOMETIMES,NO,NO,NOT_SURE,NO,SOMETIMES,SOMETIMES,SOMETIMES,SOMETIMES,SOMETIMES,SOMETIMES,SOMETIMES,SOMETIMES,SOMETIMES,SOMETIMES,SOMETIMES,NOT_SURE,NOT_SURE,NOT_SURE,NOT_SURE,NO,NOT_SURE
SYN-0272,NOT_SURE,NOT_SURE,NO,NOT_SURE,NOT_SURE,NOT_SURE,NOT_SURE,NOT_SURE,FRIENDS,NO,NO,NOT_SURE,YES,NOT_SURE,YES,SOMETIMES,NOT_SURE,NOT_SURE,NOT_SURE,YES,43,HIGH,61,60,27,38,50,31,39,39,39,36,NOT_SURE,SOMETIMES,NOT_SURE,SOMETIMES,NOT_SURE,NO,NOT_SURE,YES,NOT_SURE,NOT_SURE,NOT_SURE,NO,NO,NOT_SURE,NOT_SURE,NO,SOMETIMES,FRIENDS,SOMETIMES,NO,SOMETIMES,NOT_SURE,NOT_SURE,SOMETIMES,NO,SOMETIMES,YES,NOT_SURE,NOT_SURE,YES,NOT_SURE,SOMETIMES,SOMETIMES,SOMETIMES,SOMETIMES,NOT_SURE,NOT_SURE,SOMETIMES,YES,NO,SOMETIMES,NOT_SURE,NO,NOT_SURE,SOMETIMES,SOMETIMES,NOT_SURE,NOT_SURE,SOMETIMES,YES,YES
SYN-0273,NOT_SURE,NOT_SURE,YES,NOT_SURE,YES,YES,NOT_SURE,YES,NOT_SURE,SOMETIMES,YES,YES,NOT_SURE,NOT_SURE,NO,SOMETIMES,NO,YES,SOMETIMES,NOT_SURE,80,CRITICAL,76,83,81,79,93,87,66,70,100,64,NOT_SURE,YES,NOT_SURE,SOMETIMES,NOT_SURE,YES,NOT_SURE,YES,YES,NOT_SURE,YES,SOMETIMES,SOMETIMES,YES,YES,YES,YES,NOT_SURE,NOT_SURE,YES,YES,YES,YES,NO,SOMETIMES,YES,NOT_SURE,YES,YES,NO,NO,NO,SOMETIMES,NO,NOT_SURE,NOT_SURE,NOT_SURE,SOMETIMES,NO,SOMETIMES,YES,YES,YES,YES,YES,NO,SOMETIMES,NOT_SURE,NO,NOT_SURE,SOMETIMES
SYN-0274,NOT_SURE,NOT_SURE,YES,NOT_SURE,YES,YES,YES,NOT_SURE,NOT_SURE,YES,YES,YES,SOMETIMES,NOT_SURE,NO,NOT_SURE,SOMETIMES,YES,NOT_SURE,NOT_SURE,82,CRITICAL,64,83,97,79,89,79,73,75,96,64,NOT_SURE,NOT_SURE,NOT_SURE,SOMETIMES,NOT_SURE,YES,NOT_SURE,YES,YES,YES,NOT_SURE,YES,YES,YES,YES,YES,NOT_SURE,NOT_SURE,YES,NOT_SURE,YES,YES,NOT_SURE,NO,YES,YES,SOMETIMES,YES,YES,NO,SOMETIMES,NO,NOT_SURE,SOMETIMES,NOT_SURE,SOMETIMES,NOT_SURE,NOT_SURE,NO,SOMETIMES,YES,YES,YES,YES,YES,NOT_SURE,NOT_SURE,SOMETIMES,SOMETIMES,NOT_SURE,NOT_SURE
SYN-0275,NOT_SURE,NO,NOT_SURE,NOT_SURE,NOT_SURE,NOT_SURE,NOT_SURE,NOT_SURE,PUBLIC,NO,SOMETIMES,SOMETIMES,NOT_SURE,NO,NOT_SURE,SOMETIMES,NOT_SURE,YES,SOMETIMES,SOMETIMES,58,HIGH,60,47,38,71,47,70,63,80,85,43,NOT_SURE,SOMETIMES,FRIENDS,NOT_SURE,NO,NOT_SURE,NOT_SURE,NOT_SURE,NOT_SURE,NOT_SURE,NOT_SURE,SOMETIMES,NO,NO,NOT_SURE,SOMETIMES,NOT_SURE,PUBLIC,SOMETIMES,NOT_SURE,SOMETIMES,SOMETIMES,NOT_SURE,YES,NOT_SURE,NOT_SURE,NOT_SURE,NOT_SURE,YES,NOT_SURE,NOT_SURE,NOT_SURE,SOMETIMES,NOT_SURE,SOMETIMES,NOT_SURE,NO,NOT_SURE,SOMETIMES,YES,NOT_SURE,YES,YES,NOT_SURE,SOMETIMES,NO,SOMETIMES,NO,SOMETIMES,SOMETIMES,SOMETIMES
SYN-0276,PUBLIC,YES,NO,YES,YES,NOT_SURE,YES,YES,FRIENDS,NOT_SURE,YES,SOMETIMES,SOMETIMES,NO,NO,NOT_SURE,SOMETIMES,NOT_SURE,SOMETIMES,NOT_SURE,71,CRITICAL,81,80,81,49,64,47,75,80,71,57,PUBLIC,SOMETIMES,NOT_SURE,YES,YES,NO,YES,YES,NOT_SURE,YES,YES,NOT_SURE,NOT_SURE,YES,YES,YES,SOMETIMES,FRIENDS,NOT_SURE,NOT_SURE,NO,SOMETIMES,YES,SOMETIMES,SOMETIMES,NOT_SURE,SOMETIMES,NOT_SURE,NO,NO,SOMETIMES,SOMETIMES,NOT_SURE,NOT_SURE,NOT_SURE,NO,NO,SOMETIMES,NOT_SURE,YES,YES,NOT_SURE,NOT_SURE,NOT_SURE,SOMETIMES,NO,SOMETIMES,NOT_SURE,SOMETIMES,NOT_SURE,SOMETIMES
SYN-0277,FRIENDS,YES,NO,NO,NOT_SURE,NO,NOT_SURE,NO,PRIVATE,SOMETIMES,NOT_SURE,NO,SOMETIMES,NOT_SURE,NOT_SURE,SOMETIMES,NOT_SURE,YES,SOMETIMES,SOMETIMES,42,HIGH,21,26,52,15,33,43,69,69,62,36,FRIENDS,NO,PRIVATE,NO,YES,NO,NO,NO,NO,NOT_SURE,NO,SOMETIMES,SOMETIMES,NOT_SURE,NOT_SURE,NOT_SURE,NO,PRIVATE,NO,NOT_SURE,NO,NO,NOT_SURE,SOMETIMES,NOT_SURE,SOMETIMES,SOMETIMES,NO,SOMETIMES,NOT_SURE,NOT_SURE,NOT_SURE,SOMETIMES,NO,SOMETIMES,NO,NOT_SURE,SOMETIMES,NOT_SURE,YES,SOMETIMES,YES,SOMETIMES,NOT_SURE,SOMETIMES,SOMETIMES,SOMETIMES,SOMETIMES,YES,SOMETIMES,YES
SYN-0278,NOT_SURE,YES,YES,NOT_SURE,NOT_SURE,NOT_SURE,NOT_SURE,NOT_SURE,PUBLIC,SOMETIMES,NOT_SURE,NOT_SURE,NO,SOMETIMES,NOT_SURE,NO,YES,SOMETIMES,NOT_SURE,SOMETIMES,69,HIGH,61,83,54,81,83,83,86,56,31,56,NOT_SURE,NOT_SURE,FRIENDS,SOMETIMES,YES,YES,NOT_SURE,YES,NOT_SURE,NOT_SURE,NOT_SURE,SOMETIMES,SOMETIMES,SOMETIMES,NOT_SURE,NOT_SURE,SOMETIMES,PUBLIC,SOMETIMES,YES,SOMETIMES,NOT_SURE,YES,NO,YES,NOT_SURE,NO,YES,NOT_SURE,NOT_SURE,YES,NO,NO,NOT_SURE,NOT_SURE,NO,SOMETIMES,NOT_SURE,SOMETIMES,NOT_SURE,NOT_SURE,SOMETIMES,NO,NO,NOT_SURE,SOMETIMES,NOT_SURE,NO,NO,SOMETIMES,SOMETIMES
SYN-0279,FRIENDS,NO,NOT_SURE,NOT_SURE,NOT_SURE,NOT_SURE,NO,NOT_SURE,NOT_SURE,NOT_SURE,NOT_SURE,NO,YES,SOMETIMES,SOMETIMES,SOMETIMES,SOMETIMES,NOT_SURE,SOMETIMES,SOMETIMES,50,HIGH,43,43,75,71,7,21,45,61,64,57,FRIENDS,NO,FRIENDS,YES,NO,NOT_SURE,NOT_SURE,NOT_SURE,NOT_SURE,NO,NOT_SURE,YES,NOT_SURE,YES,NOT_SURE,NOT_SURE,NOT_SURE,NOT_SURE,YES,SOMETIMES,NOT_SURE,NO,NO,SOMETIMES,NO,NO,YES,YES,SOMETIMES,SOMETIMES,SOMETIMES,YES,SOMETIMES,NOT_SURE,SOMETIMES,YES,SOMETIMES,SOMETIMES,NOT_SURE,YES,NOT_SURE,NOT_SURE,NOT_SURE,YES,NOT_SURE,SOMETIMES,SOMETIMES,NOT_SURE,NOT_SURE,SOMETIMES,NOT_SURE
SYN-0280,FRIENDS,NO,NOT_SURE,YES,NOT_SURE,NOT_SURE,NOT_SURE,NOT_SURE,FRIENDS,NOT_SURE,NOT_SURE,NOT_SURE,NOT_SURE,NOT_SURE,NO,YES,YES,SOMETIMES,NOT_SURE,YES,58,HIGH,46,53,72,51,59,73,76,75,32,41,FRIENDS,NOT_SURE,PRIVATE,SOMETIMES,NO,NOT_SURE,YES,NOT_SURE,NOT_SURE,NOT_SURE,NOT_SURE,YES,NOT_SURE,NOT_SURE,NOT_SURE,NOT_SURE,YES,FRIENDS,SOMETIMES,SOMETIMES,NOT_SURE,NOT_SURE,NOT_SURE,SOMETIMES,NOT_SURE,YES,NOT_SURE,SOMETIMES,SOMETIMES,NO,YES,NO,YES,NOT_SURE,NOT_SURE,SOMETIMES,NOT_SURE,NO,NOT_SURE,SOMETIMES,NO,SOMETIMES,NOT_SURE,NO,NOT_SURE,YES,NOT_SURE,SOMETIMES,SOMETIMES,YES,SOMETIMES
SYN-0281,NOT_SURE,YES,NOT_SURE,YES,YES,YES,YES,YES,NOT_SURE,YES,YES,YES,NOT_SURE,NOT_SURE,NO,NO,SOMETIMES,YES,SOMETIMES,NOT_SURE,86,CRITICAL,54,94,100,66,100,76,89,89,100,64,NOT_SURE,SOMETIMES,NOT_SURE,NO,YES,NOT_SURE,YES,YES,YES,YES,YES,YES,YES,YES,YES,YES,YES,NOT_SURE,NOT_SURE,SOMETIMES,YES,YES,YES,NO,YES,NOT_SURE,NOT_SURE,YES,YES,NO,SOMETIMES,NO,NO,NO,NO,NO,NOT_SURE,NO,NO,YES,YES,YES,YES,YES,YES,NO,SOMETIMES,NOT_SURE,SOMETIMES,NOT_SURE,NO
SYN-0282,NOT_SURE,NOT_SURE,NO,NOT_SURE,NO,NOT_SURE,NOT_SURE,NOT_SURE,NOT_SURE,SOMETIMES,NO,SOMETIMES,YES,YES,NOT_SURE,NOT_SURE,NOT_SURE,NOT_SURE,YES,SOMETIMES,45,HIGH,63,51,23,39,54,23,70,0,46,30,NOT_SURE,NOT_SURE,FRIENDS,NOT_SURE,NOT_SURE,NO,NOT_SURE,NOT_SURE,NOT_SURE,NOT_SURE,NOT_SURE,SOMETIMES,SOMETIMES,NO,NO,NO,SOMETIMES,NOT_SURE,NO,SOMETIMES,NO,SOMETIMES,NOT_SURE,SOMETIMES,NOT_SURE,SOMETIMES,YES,NOT_SURE,NO,NOT_SURE,NOT_SURE,SOMETIMES,NOT_SURE,NO,SOMETIMES,NO,YES,YES,YES,NO,NO,NOT_SURE,SOMETIMES,NOT_SURE,NO,NOT_SURE,YES,NOT_SURE,SOMETIMES,SOMETIMES,YES
SYN-0283,PUBLIC,YES,NOT_SURE,NO,NOT_SURE,NOT_SURE,NOT_SURE,NOT_SURE,PUBLIC,YES,YES,YES,NO,NOT_SURE,YES,SOMETIMES,NO,YES,NOT_SURE,NOT_SURE,72,CRITICAL,96,60,70,85,100,87,29,75,86,73,PUBLIC,YES,NOT_SURE,YES,YES,NOT_SURE,NO,NOT_SURE,NOT_SURE,NOT_SURE,NOT_SURE,NOT_SURE,YES,SOMETIMES,NOT_SURE,YES,SOMETIMES,PUBLIC,NOT_SURE,YES,NOT_SURE,YES,YES,NO,YES,YES,NO,NOT_SURE,SOMETIMES,YES,NO,NOT_SURE,SOMETIMES,NOT_SURE,SOMETIMES,NOT_SURE,NOT_SURE,NO,NOT_SURE,SOMETIMES,NOT_SURE,YES,YES,NOT_SURE,NOT_SURE,NO,NOT_SURE,NOT_SURE,NO,NOT_SURE,NOT_SURE
SYN-0284,NOT_SURE,YES,NOT_SURE,NOT_SURE,YES,NOT_SURE,NOT_SURE,YES,NOT_SURE,YES,YES,YES,NO,NOT_SURE,NOT_SURE,NO,YES,YES,NOT_SURE,NO,81,CRITICAL,71,71,96,57,100,93,83,76,74,84,NOT_SURE,NOT_SURE,NOT_SURE,YES,YES,NOT_SURE,NOT_SURE,NOT_SURE,NOT_SURE,NOT_SURE,YES,YES,YES,YES,YES,YES,SOMETIMES,NOT_SURE,NO,YES,SOMETIMES,YES,YES,NO,YES,YES,NO,SOMETIMES,YES,NOT_SURE,YES,NO,NO,NOT_SURE,NOT_SURE,NOT_SURE,NOT_SURE,SOMETIMES,NO,YES,NOT_SURE,YES,SOMETIMES,NOT_SURE,YES,NO,NOT_SURE,YES,NO,NO,SOMETIMES
SYN-0285,FRIENDS,NO,NO,NO,NOT_SURE,NO,NO,NO,FRIENDS,NO,NO,NO,SOMETIMES,YES,SOMETIMES,SOMETIMES,NOT_SURE,SOMETIMES,SOMETIMES,SOMETIMES,25,MODERATE,31,0,32,34,7,21,44,13,25,37,FRIENDS,NO,NOT_SURE,NO,NO,NO,NO,NO,NO,NO,NO,NOT_SURE,NO,NO,NOT_SURE,NO,SOMETIMES,FRIENDS,NO,NOT_SURE,NO,NO,NO,SOMETIMES,NO,NO,SOMETIMES,NO,NO,SOMETIMES,NOT_SURE,SOMETIMES,SOMETIMES,YES,NOT_SURE,YES,YES,SOMETIMES,YES,NO,SOMETIMES,SOMETIMES,NO,NO,NO,SOMETIMES,SOMETIMES,NOT_SURE,YES,SOMETIMES,YES
SYN-0286,FRIENDS,NOT_SURE,NOT_SURE,YES,NOT_SURE,NOT_SURE,NOT_SURE,NOT_SURE,PUBLIC,NOT_SURE,YES,NOT_SURE,SOMETIMES,NOT_SURE,SOMETIMES,NOT_SURE,YES,NOT_SURE,NO,NOT_SURE,71,CRITICAL,73,66,66,81,70,67,71,75,76,70,FRIENDS,YES,PUBLIC,NOT_SURE,NOT_SURE,NOT_SURE,YES,NOT_SURE,NOT_SURE,NOT_SURE,NOT_SURE,YES,NOT_SURE,NO,NOT_SURE,YES,NOT_SURE,PUBLIC,YES,SOMETIMES,SOMETIMES,NOT_SURE,YES,SOMETIMES,NOT_SURE,NOT_SURE,SOMETIMES,YES,YES,SOMETIMES,YES,NOT_SURE,NOT_SURE,SOMETIMES,NOT_SURE,NO,NOT_SURE,NOT_SURE,NO,SOMETIMES,YES,NOT_SURE,NOT_SURE,YES,SOMETIMES,NO,NO,NO,SOMETIMES,NOT_SURE,NO
SYN-0287,FRIENDS,NOT_SURE,YES,NOT_SURE,YES,NOT_SURE,NOT_SURE,NOT_SURE,PUBLIC,SOMETIMES,NOT_SURE,NOT_SURE,SOMETIMES,SOMETIMES,SOMETIMES,NOT_SURE,YES,NO,YES,NOT_SURE,63,HIGH,43,74,74,69,66,50,73,64,36,50,FRIENDS,NO,FRIENDS,YES,NOT_SURE,YES,NOT_SURE,YES,NOT_SURE,NOT_SURE,NOT_SURE,NOT_SURE,SOMETIMES,YES,YES,NOT_SURE,NOT_SURE,PUBLIC,SOMETIMES,SOMETIMES,SOMETIMES,NOT_SURE,NOT_SURE,NO,NOT_SURE,SOMETIMES,SOMETIMES,SOMETIMES,SOMETIMES,SOMETIMES,YES,NO,NOT_SURE,SOMETIMES,NO,NOT_SURE,SOMETIMES,NO,SOMETIMES,NOT_SURE,SOMETIMES,NO,NOT_SURE,NOT_SURE,SOMETIMES,YES,YES,NOT_SURE,SOMETIMES,NOT_SURE,NO
SYN-0288,FRIENDS,NOT_SURE,NO,NO,NOT_SURE,NOT_SURE,NO,NO,PUBLIC,SOMETIMES,NOT_SURE,NO,YES,NOT_SURE,NOT_SURE,YES,NO,NOT_SURE,SOMETIMES,SOMETIMES,49,HIGH,54,34,51,94,33,34,28,68,56,56,FRIENDS,SOMETIMES,NOT_SURE,NOT_SURE,NOT_SURE,NO,NO,NOT_SURE,NOT_SURE,NO,NO,NO,SOMETIMES,YES,NOT_SURE,NOT_SURE,NOT_SURE,PUBLIC,YES,YES,SOMETIMES,NO,NOT_SURE,SOMETIMES,NOT_SURE,NOT_SURE,YES,NOT_SURE,NOT_SURE,NOT_SURE,NO,YES,YES,YES,SOMETIMES,SOMETIMES,NOT_SURE,NOT_SURE,NOT_SURE,SOMETIMES,SOMETIMES,NOT_SURE,NOT_SURE,NOT_SURE,NO,NOT_SURE,SOMETIMES,SOMETIMES,NOT_SURE,SOMETIMES,NOT_SURE
SYN-0289,FRIENDS,NOT_SURE,NOT_SURE,NOT_SURE,NOT_SURE,NO,YES,NOT_SURE,NOT_SURE,YES,YES,YES,SOMETIMES,NOT_SURE,NOT_SURE,SOMETIMES,SOMETIMES,YES,NOT_SURE,SOMETIMES,65,HIGH,63,54,69,57,77,46,59,76,76,77,FRIENDS,NOT_SURE,NOT_SURE,YES,NOT_SURE,NOT_SURE,NOT_SURE,NOT_SURE,NO,YES,NOT_SURE,SOMETIMES,YES,NOT_SURE,NOT_SURE,YES,SOMETIMES,NOT_SURE,SOMETIMES,SOMETIMES,SOMETIMES,YES,NOT_SURE,NOT_SURE,SOMETIMES,NOT_SURE,SOMETIMES,NO,SOMETIMES,NOT_SURE,SOMETIMES,NOT_SURE,SOMETIMES,SOMETIMES,SOMETIMES,NOT_SURE,NOT_SURE,SOMETIMES,NO,YES,NOT_SURE,YES,YES,SOMETIMES,NO,NOT_SURE,NOT_SURE,YES,NO,SOMETIMES,NO
SYN-0290,PRIVATE,YES,NOT_SURE,NOT_SURE,NOT_SURE,NOT_SURE,NOT_SURE,YES,PRIVATE,YES,NOT_SURE,YES,NOT_SURE,SOMETIMES,SOMETIMES,NOT_SURE,SOMETIMES,SOMETIMES,SOMETIMES,NOT_SURE,47,HIGH,10,80,62,20,60,59,36,49,31,57,PRIVATE,NO,NOT_SURE,NO,YES,NOT_SURE,NOT_SURE,YES,NOT_SURE,NOT_SURE,YES,SOMETIMES,YES,SOMETIMES,NOT_SURE,NOT_SURE,NOT_SURE,PRIVATE,NO,SOMETIMES,NOT_SURE,YES,NOT_SURE,YES,NO,SOMETIMES,NOT_SURE,SOMETIMES,SOMETIMES,SOMETIMES,SOMETIMES,YES,NOT_SURE,YES,YES,YES,SOMETIMES,SOMETIMES,NOT_SURE,NO,SOMETIMES,SOMETIMES,NO,NO,SOMETIMES,NOT_SURE,SOMETIMES,NOT_SURE,SOMETIMES,NOT_SURE,SOMETIMES
SYN-0291,FRIENDS,NOT_SURE,NO,NO,NO,NO,NO,NO,FRIENDS,NO,SOMETIMES,NO,YES,SOMETIMES,YES,YES,NO,NO,YES,SOMETIMES,15,LOW,36,13,8,31,0,0,0,44,19,23,FRIENDS,SOMETIMES,PRIVATE,NO,NOT_SURE,NO,NO,NO,NO,NO,NO,NO,NO,NO,NO,SOMETIMES,NO,FRIENDS,NO,SOMETIMES,NO,NO,NO,YES,NO,NO,YES,NO,NO,YES,NO,YES,YES,YES,YES,YES,SOMETIMES,SOMETIMES,YES,YES,NO,NO,SOMETIMES,NO,NOT_SURE,YES,YES,NOT_SURE,YES,SOMETIMES,YES
SYN-0292,PRIVATE,NO,NO,NO,NOT_SURE,NO,NOT_SURE,NO,PRIVATE,NO,NO,NOT_SURE,NOT_SURE,YES,YES,SOMETIMES,SOMETIMES,NOT_SURE,YES,SOMETIMES,24,MODERATE,7,4,29,13,60,39,24,25,27,30,PRIVATE,NO,FRIENDS,NO,NO,NO,NO,NO,NO,NOT_SURE,NO,SOMETIMES,NO,NO,NOT_SURE,NO,SOMETIMES,PRIVATE,NO,SOMETIMES,NO,NOT_SURE,NOT_SURE,NOT_SURE,SOMETIMES,NO,NOT_SURE,NO,NOT_SURE,YES,SOMETIMES,YES,SOMETIMES,SOMETIMES,YES,YES,YES,SOMETIMES,SOMETIMES,NO,NO,NOT_SURE,NO,NO,NOT_SURE,NOT_SURE,YES,NOT_SURE,YES,SOMETIMES,SOMETIMES
SYN-0293,FRIENDS,NOT_SURE,YES,NOT_SURE,NOT_SURE,NOT_SURE,NOT_SURE,NO,NOT_SURE,YES,NOT_SURE,YES,SOMETIMES,SOMETIMES,NOT_SURE,SOMETIMES,NOT_SURE,NO,YES,YES,53,HIGH,49,49,50,64,76,54,60,36,47,23,FRIENDS,NOT_SURE,NOT_SURE,NO,NOT_SURE,YES,NOT_SURE,NO,NOT_SURE,NOT_SURE,NO,NO,YES,SOMETIMES,NOT_SURE,NOT_SURE,SOMETIMES,NOT_SURE,NOT_SURE,NOT_SURE,NOT_SURE,YES,NOT_SURE,SOMETIMES,NOT_SURE,NOT_SURE,SOMETIMES,SOMETIMES,NOT_SURE,NOT_SURE,NOT_SURE,SOMETIMES,SOMETIMES,SOMETIMES,SOMETIMES,NOT_SURE,SOMETIMES,NOT_SURE,YES,NO,NOT_SURE,NO,NOT_SURE,SOMETIMES,YES,SOMETIMES,YES,NOT_SURE,SOMETIMES,YES,SOMETIMES
SYN-0294,FRIENDS,NO,NOT_SURE,NOT_SURE,YES,NOT_SURE,NOT_SURE,YES,FRIENDS,SOMETIMES,NO,NO,YES,SOMETIMES,SOMETIMES,SOMETIMES,SOMETIMES,SOMETIMES,SOMETIMES,SOMETIMES,46,HIGH,53,50,46,39,14,31,54,69,50,53,FRIENDS,SOMETIMES,NOT_SURE,SOMETIMES,NO,NOT_SURE,NOT_SURE,NOT_SURE,NOT_SURE,NOT_SURE,YES,SOMETIMES,SOMETIMES,NO,YES,NO,SOMETIMES,FRIENDS,SOMETIMES,NO,NOT_SURE,NO,NO,SOMETIMES,SOMETIMES,NOT_SURE,YES,SOMETIMES,SOMETIMES,SOMETIMES,SOMETIMES,SOMETIMES,SOMETIMES,NOT_SURE,SOMETIMES,NOT_SURE,SOMETIMES,NO,SOMETIMES,YES,SOMETIMES,SOMETIMES,SOMETIMES,SOMETIMES,SOMETIMES,SOMETIMES,SOMETIMES,SOMETIMES,SOMETIMES,SOMETIMES,NOT_SURE
SYN-0295,NOT_SURE,YES,YES,YES,YES,YES,YES,YES,NOT_SURE,YES,YES,NOT_SURE,NOT_SURE,NO,SOMETIMES,SOMETIMES,SOMETIMES,SOMETIMES,NO,NO,81,CRITICAL,73,91,90,89,73,87,62,88,75,93,NOT_SURE,SOMETIMES,PUBLIC,YES,YES,YES,YES,NOT_SURE,YES,YES,YES,YES,YES,NOT_SURE,YES,YES,SOMETIMES,NOT_SURE,YES,YES,YES,NOT_SURE,YES,NOT_SURE,NOT_SURE,YES,NOT_SURE,YES,YES,SOMETIMES,SOMETIMES,NOT_SURE,SOMETIMES,NO,NO,NOT_SURE,NO,NOT_SURE,NO,NOT_SURE,YES,SOMETIMES,SOMETIMES,YES,YES,NO,NO,SOMETIMES,NO,NO,NO
SYN-0296,PUBLIC,NOT_SURE,NOT_SURE,NO,NO,NOT_SURE,NO,NOT_SURE,FRIENDS,NOT_SURE,SOMETIMES,SOMETIMES,SOMETIMES,SOMETIMES,SOMETIMES,YES,NOT_SURE,SOMETIMES,NO,NOT_SURE,49,HIGH,93,47,42,54,36,30,53,38,29,57,PUBLIC,YES,PUBLIC,SOMETIMES,NOT_SURE,NOT_SURE,NO,NOT_SURE,NOT_SURE,NO,NOT_SURE,SOMETIMES,NOT_SURE,NOT_SURE,NO,SOMETIMES,SOMETIMES,FRIENDS,NOT_SURE,SOMETIMES,NOT_SURE,SOMETIMES,NO,SOMETIMES,SOMETIMES,NO,SOMETIMES,NOT_SURE,NO,SOMETIMES,NOT_SURE,NOT_SURE,YES,NO,NOT_SURE,SOMETIMES,SOMETIMES,YES,SOMETIMES,SOMETIMES,SOMETIMES,SOMETIMES,NO,NO,SOMETIMES,SOMETIMES,NO,NOT_SURE,YES,NOT_SURE,YES
SYN-0297,PRIVATE,NO,NO,NOT_SURE,NO,NO,NO,NO,PUBLIC,NO,SOMETIMES,NO,SOMETIMES,NO,SOMETIMES,NOT_SURE,NOT_SURE,NO,NOT_SURE,YES,27,MODERATE,21,9,15,38,7,43,57,69,14,20,PRIVATE,SOMETIMES,FRIENDS,NO,NO,NO,NOT_SURE,NO,NO,NO,NO,NO,NO,SOMETIMES,NO,SOMETIMES,NO,PUBLIC,NO,NO,NO,NO,NO,YES,SOMETIMES,SOMETIMES,SOMETIMES,SOMETIMES,NO,SOMETIMES,NOT_SURE,SOMETIMES,NOT_SURE,NOT_SURE,SOMETIMES,SOMETIMES,NO,SOMETIMES,SOMETIMES,SOMETIMES,NO,NO,NO,SOMETIMES,NO,SOMETIMES,NOT_SURE,NO,YES,YES,YES
SYN-0298,FRIENDS,NOT_SURE,YES,NOT_SURE,NOT_SURE,NOT_SURE,NO,NO,PRIVATE,NOT_SURE,NOT_SURE,NO,YES,SOMETIMES,YES,SOMETIMES,NOT_SURE,NO,NOT_SURE,SOMETIMES,35,MODERATE,29,57,63,25,7,21,33,39,9,41,FRIENDS,NO,PRIVATE,SOMETIMES,NOT_SURE,YES,NOT_SURE,NOT_SURE,NOT_SURE,NO,NO,NOT_SURE,NOT_SURE,NOT_SURE,NOT_SURE,NOT_SURE,YES,PRIVATE,SOMETIMES,SOMETIMES,NO,NO,NO,SOMETIMES,NO,SOMETIMES,YES,NO,SOMETIMES,YES,NOT_SURE,SOMETIMES,SOMETIMES,YES,NOT_SURE,SOMETIMES,SOMETIMES,YES,SOMETIMES,NOT_SURE,NO,NO,NO,NOT_SURE,NO,YES,NOT_SURE,SOMETIMES,YES,SOMETIMES,YES
SYN-0299,PUBLIC,NOT_SURE,NOT_SURE,YES,NOT_SURE,NO,NO,NOT_SURE,FRIENDS,NOT_SURE,SOMETIMES,SOMETIMES,NOT_SURE,SOMETIMES,YES,SOMETIMES,SOMETIMES,SOMETIMES,YES,SOMETIMES,53,HIGH,79,53,56,39,54,63,40,66,51,43,PUBLIC,NOT_SURE,NOT_SURE,NOT_SURE,NOT_SURE,NOT_SURE,YES,NOT_SURE,NO,NO,NOT_SURE,SOMETIMES,NOT_SURE,NOT_SURE,NOT_SURE,SOMETIMES,NOT_SURE,FRIENDS,NO,SOMETIMES,NOT_SURE,SOMETIMES,NOT_SURE,SOMETIMES,NOT_SURE,NOT_SURE,NOT_SURE,SOMETIMES,NOT_SURE,YES,SOMETIMES,NOT_SURE,SOMETIMES,NOT_SURE,NOT_SURE,SOMETIMES,SOMETIMES,NOT_SURE,NOT_SURE,YES,SOMETIMES,SOMETIMES,NOT_SURE,NOT_SURE,NO,SOMETIMES,YES,YES,SOMETIMES,SOMETIMES,SOMETIMES
SYN-0300,NOT_SURE,NOT_SURE,NOT_SURE,NOT_SURE,NOT_SURE,NOT_SURE,NO,NO,PRIVATE,SOMETIMES,SOMETIMES,NO,YES,SOMETIMES,NO,SOMETIMES,NOT_SURE,NO,YES,NOT_SURE,38,MODERATE,46,51,47,0,33,26,63,19,26,27,NOT_SURE,NO,FRIENDS,NOT_SURE,NOT_SURE,NOT_SURE,NOT_SURE,NOT_SURE,NOT_SURE,NO,NO,NOT_SURE,SOMETIMES,NO,NOT_SURE,SOMETIMES,SOMETIMES,PRIVATE,NO,NO,NO,NO,NOT_SURE,SOMETIMES,NOT_SURE,NOT_SURE,YES,NOT_SURE,NO,NO,NOT_SURE,YES,SOMETIMES,SOMETIMES,SOMETIMES,SOMETIMES,SOMETIMES,YES,YES,NO,NOT_SURE,NO,SOMETIMES,NO,SOMETIMES,YES,YES,NO,SOMETIMES,NOT_SURE,YES
SYN-0301,PRIVATE,NOT_SURE,NOT_SURE,NOT_SURE,NOT_SURE,NOT_SURE,NO,NO,PRIVATE,NO,NO,NO,SOMETIMES,SOMETIMES,YES,SOMETIMES,NOT_SURE,SOMETIMES,SOMETIMES,YES,31,MODERATE,17,51,25,34,7,50,35,31,37,14,PRIVATE,NOT_SURE,PRIVATE,NO,NOT_SURE,NOT_SURE,NOT_SURE,NOT_SURE,NOT_SURE,NO,NO,SOMETIMES,NO,NO,NOT_SURE,NO,NO,PRIVATE,SOMETIMES,NOT_SURE,SOMETIMES,NO,NO,YES,SOMETIMES,SOMETIMES,SOMETIMES,NO,YES,YES,NOT_SURE,NOT_SURE,SOMETIMES,SOMETIMES,YES,SOMETIMES,SOMETIMES,YES,SOMETIMES,NO,NOT_SURE,SOMETIMES,SOMETIMES,NO,SOMETIMES,YES,SOMETIMES,NO,YES,YES,YES
SYN-0302,NOT_SURE,YES,YES,NOT_SURE,NOT_SURE,NOT_SURE,YES,YES,NOT_SURE,SOMETIMES,SOMETIMES,NOT_SURE,NOT_SURE,NO,NO,NOT_SURE,YES,NOT_SURE,NO,NOT_SURE,74,CRITICAL,69,89,57,66,60,64,92,93,70,77,NOT_SURE,YES,NOT_SURE,NO,YES,YES,NOT_SURE,YES,NOT_SURE,YES,YES,NOT_SURE,SOMETIMES,NOT_SURE,NOT_SURE,SOMETIMES,NOT_SURE,NOT_SURE,SOMETIMES,NOT_SURE,YES,NOT_SURE,NOT_SURE,NOT_SURE,SOMETIMES,NOT_SURE,NOT_SURE,NOT_SURE,NOT_SURE,NO,YES,NO,NOT_SURE,NOT_SURE,NO,NO,NO,NOT_SURE,NO,YES,YES,NOT_SURE,NOT_SURE,NOT_SURE,YES,NOT_SURE,NO,SOMETIMES,SOMETIMES,NOT_SURE,NO
SYN-0303,NOT_SURE,NOT_SURE,YES,YES,YES,NOT_SURE,YES,YES,PUBLIC,NOT_SURE,YES,SOMETIMES,NOT_SURE,NOT_SURE,NO,NOT_SURE,YES,NOT_SURE,NO,NO,86,CRITICAL,87,86,88,100,79,81,90,69,73,96,NOT_SURE,YES,PUBLIC,YES,NOT_SURE,YES,YES,YES,NOT_SURE,YES,YES,YES,NOT_SURE,NOT_SURE,YES,YES,YES,PUBLIC,YES,YES,YES,SOMETIMES,YES,NO,YES,YES,NOT_SURE,NOT_SURE,YES,NO,YES,NO,NOT_SURE,NOT_SURE,NO,NOT_SURE,NOT_SURE,NOT_SURE,NOT_SURE,NOT_SURE,YES,NOT_SURE,NOT_SURE,SOMETIMES,YES,NO,NO,YES,NOT_SURE,NO,NO
SYN-0304,PRIVATE,NOT_SURE,NOT_SURE,NO,YES,NOT_SURE,YES,NOT_SURE,FRIENDS,NOT_SURE,YES,NOT_SURE,SOMETIMES,SOMETIMES,NO,SOMETIMES,SOMETIMES,SOMETIMES,SOMETIMES,NOT_SURE,54,HIGH,24,54,74,53,50,57,68,19,53,59,PRIVATE,NOT_SURE,FRIENDS,NO,NOT_SURE,NOT_SURE,NO,NOT_SURE,NOT_SURE,YES,NOT_SURE,NOT_SURE,NOT_SURE,SOMETIMES,YES,YES,NOT_SURE,FRIENDS,SOMETIMES,NOT_SURE,SOMETIMES,NOT_SURE,NOT_SURE,SOMETIMES,NO,SOMETIMES,SOMETIMES,YES,SOMETIMES,NO,SOMETIMES,SOMETIMES,SOMETIMES,SOMETIMES,NOT_SURE,NOT_SURE,SOMETIMES,YES,YES,NO,SOMETIMES,SOMETIMES,SOMETIMES,SOMETIMES,SOMETIMES,NOT_SURE,SOMETIMES,SOMETIMES,NOT_SURE,NOT_SURE,SOMETIMES
SYN-0305,PRIVATE,NO,NOT_SURE,NO,NOT_SURE,NO,NO,NOT_SURE,FRIENDS,NO,NO,NOT_SURE,SOMETIMES,YES,SOMETIMES,SOMETIMES,SOMETIMES,SOMETIMES,YES,NOT_SURE,25,MODERATE,30,13,14,31,26,21,39,13,35,20,PRIVATE,SOMETIMES,FRIENDS,NOT_SURE,NO,NOT_SURE,NO,NO,NO,NO,NOT_SURE,NO,NO,NO,NOT_SURE,NO,NO,FRIENDS,SOMETIMES,NO,NO,NOT_SURE,NO,YES,NO,NO,SOMETIMES,NO,NO,SOMETIMES,SOMETIMES,YES,SOMETIMES,SOMETIMES,YES,YES,YES,SOMETIMES,YES,NO,NO,SOMETIMES,SOMETIMES,NO,NO,NOT_SURE,YES,NO,YES,NOT_SURE,YES
SYN-0306,PRIVATE,NOT_SURE,NO,NO,NOT_SURE,NO,NOT_SURE,NOT_SURE,PRIVATE,NO,SOMETIMES,NO,YES,YES,YES,SOMETIMES,NO,NOT_SURE,YES,SOMETIMES,14,LOW,0,21,29,0,7,0,20,0,13,24,PRIVATE,NO,PRIVATE,NO,NOT_SURE,NO,NO,NO,NO,NOT_SURE,NOT_SURE,NO,NO,SOMETIMES,NOT_SURE,SOMETIMES,NO,PRIVATE,NO,NO,NO,NO,NO,SOMETIMES,NO,NO,YES,NO,NO,YES,NO,YES,SOMETIMES,SOMETIMES,SOMETIMES,SOMETIMES,YES,YES,YES,NO,NO,NOT_SURE,NO,NO,NO,YES,YES,NO,NOT_SURE,SOMETIMES,YES
SYN-0307,FRIENDS,YES,NOT_SURE,NO,NOT_SURE,NOT_SURE,YES,NOT_SURE,PRIVATE,SOMETIMES,NOT_SURE,NO,YES,YES,SOMETIMES,YES,NO,SOMETIMES,SOMETIMES,SOMETIMES,31,MODERATE,31,50,64,15,0,24,19,13,25,43,FRIENDS,NO,NOT_SURE,NO,YES,NOT_SURE,NO,NO,NOT_SURE,YES,NOT_SURE,NOT_SURE,SOMETIMES,YES,NOT_SURE,NOT_SURE,SOMETIMES,PRIVATE,NO,NOT_SURE,NO,NO,NO,YES,NO,NOT_SURE,YES,SOMETIMES,NO,SOMETIMES,NO,YES,YES,YES,YES,SOMETIMES,YES,YES,SOMETIMES,NO,NO,SOMETIMES,NO,SOMETIMES,NO,SOMETIMES,SOMETIMES,SOMETIMES,YES,SOMETIMES,SOMETIMES
SYN-0308,FRIENDS,NO,NO,NO,YES,NO,NOT_SURE,NOT_SURE,NOT_SURE,SOMETIMES,NOT_SURE,SOMETIMES,NOT_SURE,SOMETIMES,NOT_SURE,NOT_SURE,SOMETIMES,YES,YES,SOMETIMES,52,HIGH,51,9,66,57,57,60,60,55,74,43,FRIENDS,SOMETIMES,FRIENDS,NOT_SURE,NO,NO,NO,NO,NO,NOT_SURE,NOT_SURE,NOT_SURE,SOMETIMES,SOMETIMES,YES,NOT_SURE,NOT_SURE,NOT_SURE,SOMETIMES,SOMETIMES,SOMETIMES,SOMETIMES,NOT_SURE,NOT_SURE,NOT_SURE,SOMETIMES,NOT_SURE,NOT_SURE,SOMETIMES,NOT_SURE,SOMETIMES,SOMETIMES,NOT_SURE,SOMETIMES,SOMETIMES,NOT_SURE,SOMETIMES,NOT_SURE,SOMETIMES,SOMETIMES,YES,YES,NOT_SURE,SOMETIMES,SOMETIMES,NOT_SURE,YES,NOT_SURE,NOT_SURE,SOMETIMES,NOT_SURE
SYN-0309,PRIVATE,NOT_SURE,NO,NOT_SURE,YES,YES,NO,NOT_SURE,PRIVATE,SOMETIMES,YES,NOT_SURE,NO,SOMETIMES,SOMETIMES,SOMETIMES,SOMETIMES,NOT_SURE,NOT_SURE,NOT_SURE,57,HIGH,19,61,74,40,64,73,50,55,69,70,PRIVATE,NO,NOT_SURE,NOT_SURE,NOT_SURE,NO,NOT_SURE,YES,YES,NO,NOT_SURE,NOT_SURE,SOMETIMES,NOT_SURE,YES,YES,NOT_SURE,PRIVATE,NOT_SURE,SOMETIMES,YES,NOT_SURE,NOT_SURE,SOMETIMES,YES,SOMETIMES,NO,SOMETIMES,NOT_SURE,SOMETIMES,SOMETIMES,SOMETIMES,SOMETIMES,SOMETIMES,SOMETIMES,SOMETIMES,SOMETIMES,NOT_SURE,SOMETIMES,SOMETIMES,NOT_SURE,NOT_SURE,SOMETIMES,YES,NOT_SURE,NO,NOT_SURE,NOT_SURE,NO,NOT_SURE,SOMETIMES
SYN-0310,PRIVATE,NO,NOT_SURE,NO,NO,NO,NO,NOT_SURE,PRIVATE,NOT_SURE,SOMETIMES,NO,SOMETIMES,YES,YES,YES,NO,NO,YES,NOT_SURE,13,LOW,17,26,17,6,0,21,9,0,0,27,PRIVATE,NO,NOT_SURE,SOMETIMES,NO,NOT_SURE,NO,NOT_SURE,NO,NO,NOT_SURE,NO,NOT_SURE,NO,NO,SOMETIMES,NO,PRIVATE,NO,NO,SOMETIMES,NO,NO,YES,NO,NO,SOMETIMES,NO,NO,YES,NO,SOMETIMES,YES,SOMETIMES,YES,YES,YES,YES,YES,NO,NO,NO,NO,NO,NO,YES,YES,SOMETIMES,YES,NOT_SURE,YES
SYN-0311,PRIVATE,NO,NO,NOT_SURE,NO,NO,NOT_SURE,NO,NOT_SURE,SOMETIMES,NOT_SURE,YES,SOMETIMES,NO,SOMETIMES,YES,SOMETIMES,NO,NOT_SURE,NOT_SURE,44,HIGH,21,34,32,54,79,54,46,80,16,69,PRIVATE,SOMETIMES,PRIVATE,SOMETIMES,NO,NO,NOT_SURE,YES,NO,NOT_SURE,NO,SOMETIMES,SOMETIMES,NO,NO,NOT_SURE,SOMETIMES,NOT_SURE,NOT_SURE,SOMETIMES,NO,YES,NOT_SURE,NOT_SURE,NOT_SURE,NOT_SURE,SOMETIMES,NOT_SURE,SOMETIMES,SOMETIMES,SOMETIMES,NOT_SURE,YES,SOMETIMES,SOMETIMES,NOT_SURE,NO,NO,NOT_SURE,NO,NOT_SURE,NO,NO,NO,NO,SOMETIMES,NOT_SURE,NOT_SURE,NOT_SURE,NOT_SURE,NOT_SURE
SYN-0312,FRIENDS,NO,NO,NOT_SURE,NOT_SURE,NO,YES,NOT_SURE,PRIVATE,NO,SOMETIMES,SOMETIMES,NOT_SURE,SOMETIMES,YES,SOMETIMES,SOMETIMES,SOMETIMES,YES,NOT_SURE,41,HIGH,47,33,41,46,40,37,35,44,54,30,FRIENDS,NOT_SURE,PRIVATE,NOT_SURE,NO,NO,NOT_SURE,NOT_SURE,NO,YES,NOT_SURE,SOMETIMES,NO,SOMETIMES,NOT_SURE,SOMETIMES,NO,PRIVATE,NOT_SURE,YES,SOMETIMES,SOMETIMES,NO,NOT_SURE,NOT_SURE,NO,NOT_SURE,NO,SOMETIMES,YES,SOMETIMES,YES,SOMETIMES,NOT_SURE,SOMETIMES,NOT_SURE,SOMETIMES,SOMETIMES,YES,YES,NOT_SURE,SOMETIMES,SOMETIMES,NOT_SURE,NOT_SURE,SOMETIMES,YES,NO,YES,NOT_SURE,NOT_SURE
SYN-0313,NOT_SURE,NO,NO,NOT_SURE,NO,NO,NOT_SURE,NO,NOT_SURE,NO,NO,NO,YES,NOT_SURE,SOMETIMES,NOT_SURE,NO,NOT_SURE,NOT_SURE,YES,31,MODERATE,60,13,14,39,24,7,34,39,59,29,NOT_SURE,SOMETIMES,FRIENDS,NOT_SURE,NO,NO,NOT_SURE,NO,NO,NOT_SURE,NO,NOT_SURE,NO,NO,NO,NO,NO,NOT_SURE,SOMETIMES,NO,NO,NO,NOT_SURE,YES,SOMETIMES,NO,YES,SOMETIMES,NO,SOMETIMES,NO,SOMETIMES,NOT_SURE,SOMETIMES,YES,YES,NOT_SURE,YES,SOMETIMES,NO,NOT_SURE,NOT_SURE,NOT_SURE,NOT_SURE,NOT_SURE,SOMETIMES,NOT_SURE,NOT_SURE,YES,YES,YES
SYN-0314,PUBLIC,NOT_SURE,YES,YES,YES,YES,NOT_SURE,YES,FRIENDS,NOT_SURE,NOT_SURE,YES,NO,SOMETIMES,YES,YES,NOT_SURE,SOMETIMES,SOMETIMES,NOT_SURE,68,HIGH,96,80,76,63,87,89,22,49,64,63,PUBLIC,YES,NOT_SURE,YES,NOT_SURE,YES,YES,NOT_SURE,YES,NOT_SURE,YES,YES,NOT_SURE,SOMETIMES,YES,NOT_SURE,SOMETIMES,FRIENDS,SOMETIMES,YES,SOMETIMES,YES,YES,SOMETIMES,NOT_SURE,NOT_SURE,NO,YES,YES,YES,NOT_SURE,NOT_SURE,YES,YES,YES,SOMETIMES,SOMETIMES,YES,NOT_SURE,YES,YES,SOMETIMES,SOMETIMES,SOMETIMES,YES,NOT_SURE,SOMETIMES,NOT_SURE,NOT_SURE,NOT_SURE,NOT_SURE
SYN-0315,PRIVATE,NOT_SURE,NO,NO,NO,NO,NOT_SURE,NOT_SURE,FRIENDS,NO,NO,SOMETIMES,SOMETIMES,YES,YES,YES,NO,SOMETIMES,NOT_SURE,NOT_SURE,22,MODERATE,17,34,12,31,21,46,6,0,18,64,PRIVATE,NOT_SURE,PRIVATE,NO,NOT_SURE,NO,NO,NOT_SURE,NO,NOT_SURE,NOT_SURE,NO,NO,SOMETIMES,NO,NO,NOT_SURE,FRIENDS,SOMETIMES,NO,NO,SOMETIMES,NO,YES,NO,NOT_SURE,SOMETIMES,SOMETIMES,NO,YES,NO,YES,YES,SOMETIMES,YES,YES,YES,YES,YES,NO,NO,SOMETIMES,NO,SOMETIMES,NO,YES,NOT_SURE,SOMETIMES,SOMETIMES,NOT_SURE,NOT_SURE
SYN-0316,PUBLIC,NOT_SURE,YES,NOT_SURE,NOT_SURE,NOT_SURE,NOT_SURE,NO,PRIVATE,NO,NO,SOMETIMES,SOMETIMES,YES,NOT_SURE,SOMETIMES,NO,NO,NOT_SURE,YES,35,MODERATE,81,49,14,13,39,30,44,13,21,34,PUBLIC,NOT_SURE,PUBLIC,SOMETIMES,NOT_SURE,YES,NOT_SURE,NO,NOT_SURE,NOT_SURE,NO,NO,NO,NO,NOT_SURE,NO,NO,PRIVATE,NO,SOMETIMES,NO,SOMETIMES,NOT_SURE,YES,NO,NO,SOMETIMES,NO,NOT_SURE,NOT_SURE,NO,NOT_SURE,SOMETIMES,YES,NOT_SURE,NOT_SURE,YES,YES,SOMETIMES,NO,SOMETIMES,NO,NO,SOMETIMES,NO,SOMETIMES,NOT_SURE,SOMETIMES,YES,YES,SOMETIMES
SYN-0317,PUBLIC,NOT_SURE,NO,NO,NO,NO,NO,NOT_SURE,PRIVATE,SOMETIMES,NO,NO,NOT_SURE,SOMETIMES,SOMETIMES,SOMETIMES,NO,SOMETIMES,SOMETIMES,NOT_SURE,32,MODERATE,57,17,12,8,24,53,33,54,53,63,PUBLIC,NO,FRIENDS,SOMETIMES,NOT_SURE,NO,NO,NO,NO,NO,NOT_SURE,NO,SOMETIMES,NO,NO,NO,NOT_SURE,PRIVATE,NO,NO,NOT_SURE,NO,NOT_SURE,YES,SOMETIMES,SOMETIMES,NOT_SURE,NOT_SURE,NO,SOMETIMES,NO,NO,SOMETIMES,YES,SOMETIMES,YES,SOMETIMES,NOT_SURE,NOT_SURE,NO,SOMETIMES,SOMETIMES,SOMETIMES,SOMETIMES,SOMETIMES,NOT_SURE,SOMETIMES,YES,SOMETIMES,NOT_SURE,SOMETIMES
SYN-0318,PUBLIC,YES,YES,YES,YES,YES,YES,YES,PUBLIC,NOT_SURE,YES,YES,NOT_SURE,SOMETIMES,NO,NOT_SURE,NOT_SURE,YES,SOMETIMES,NO,87,CRITICAL,100,100,85,83,90,70,84,56,96,79,PUBLIC,YES,PUBLIC,YES,YES,YES,YES,YES,YES,YES,YES,NOT_SURE,NOT_SURE,YES,YES,YES,YES,PUBLIC,SOMETIMES,YES,NOT_SURE,YES,YES,NOT_SURE,NOT_SURE,NOT_SURE,NOT_SURE,YES,NOT_SURE,NO,NOT_SURE,NO,NOT_SURE,NO,NO,NOT_SURE,SOMETIMES,SOMETIMES,NOT_SURE,NOT_SURE,YES,YES,YES,YES,YES,NOT_SURE,SOMETIMES,YES,NO,NO,SOMETIMES
SYN-0319,FRIENDS,NOT_SURE,NO,NO,NOT_SURE,NO,NOT_SURE,NOT_SURE,PRIVATE,SOMETIMES,YES,NO,YES,SOMETIMES,SOMETIMES,YES,NO,NOT_SURE,YES,SOMETIMES,28,MODERATE,36,21,45,21,7,0,19,55,52,29,FRIENDS,SOMETIMES,PRIVATE,NO,NOT_SURE,NO,NO,NO,NO,NOT_SURE,NOT_SURE,NO,SOMETIMES,SOMETIMES,NOT_SURE,YES,NO,PRIVATE,NO,NOT_SURE,SOMETIMES,NO,NO,YES,SOMETIMES,NO,YES,NO,NO,SOMETIMES,NO,YES,YES,YES,YES,SOMETIMES,SOMETIMES,SOMETIMES,NOT_SURE,SOMETIMES,SOMETIMES,NOT_SURE,SOMETIMES,SOMETIMES,SOMETIMES,SOMETIMES,YES,SOMETIMES,YES,SOMETIMES,SOMETIMES
SYN-0320,PUBLIC,NOT_SURE,NO,NOT_SURE,NOT_SURE,NOT_SURE,NO,NO,PRIVATE,SOMETIMES,NOT_SURE,SOMETIMES,YES,NOT_SURE,SOMETIMES,YES,NOT_SURE,NOT_SURE,YES,YES,43,HIGH,81,30,57,28,40,21,32,68,51,17,PUBLIC,SOMETIMES,NOT_SURE,YES,NOT_SURE,NO,NOT_SURE,NO,NOT_SURE,NO,NO,NOT_SURE,SOMETIMES,SOMETIMES,NOT_SURE,NOT_SURE,NOT_SURE,PRIVATE,NOT_SURE,SOMETIMES,NO,SOMETIMES,NO,NOT_SURE,NOT_SURE,SOMETIMES,YES,SOMETIMES,NO,SOMETIMES,NOT_SURE,YES,YES,YES,SOMETIMES,YES,NOT_SURE,NOT_SURE,NOT_SURE,SOMETIMES,SOMETIMES,NOT_SURE,NOT_SURE,NO,SOMETIMES,NOT_SURE,YES,NO,NOT_SURE,YES,SOMETIMES
SYN-0321,PUBLIC,YES,NOT_SURE,NOT_SURE,NOT_SURE,YES,YES,YES,NOT_SURE,SOMETIMES,NOT_SURE,YES,SOMETIMES,NO,NOT_SURE,NO,NOT_SURE,NOT_SURE,SOMETIMES,NOT_SURE,73,CRITICAL,89,80,74,79,64,30,80,100,55,64,PUBLIC,NOT_SURE,PUBLIC,YES,YES,NOT_SURE,NOT_SURE,NOT_SURE,YES,YES,YES,YES,SOMETIMES,YES,NOT_SURE,NOT_SURE,NOT_SURE,NOT_SURE,NOT_SURE,YES,YES,YES,NO,SOMETIMES,YES,NO,SOMETIMES,NO,NOT_SURE,NOT_SURE,NOT_SURE,NO,NO,NO,NO,NOT_SURE,NO,NO,NO,YES,SOMETIMES,NOT_SURE,NOT_SURE,SOMETIMES,SOMETIMES,SOMETIMES,SOMETIMES,NOT_SURE,SOMETIMES,NOT_SURE,NO
SYN-0322,PRIVATE,YES,NOT_SURE,NOT_SURE,YES,NOT_SURE,NOT_SURE,NO,PRIVATE,NOT_SURE,NOT_SURE,SOMETIMES,NOT_SURE,NOT_SURE,NOT_SURE,NOT_SURE,SOMETIMES,NOT_SURE,NOT_SURE,SOMETIMES,49,HIGH,21,64,61,35,29,69,59,45,43,66,PRIVATE,SOMETIMES,FRIENDS,NO,YES,NOT_SURE,NOT_SURE,NOT_SURE,NOT_SURE,NOT_SURE,NO,SOMETIMES,NOT_SURE,SOMETIMES,YES,NOT_SURE,NO,PRIVATE,NOT_SURE,SOMETIMES,NOT_SURE,SOMETIMES,NO,YES,SOMETIMES,NOT_SURE,NOT_SURE,SOMETIMES,YES,NOT_SURE,SOMETIMES,SOMETIMES,NOT_SURE,SOMETIMES,SOMETIMES,SOMETIMES,NOT_SURE,YES,SOMETIMES,SOMETIMES,NOT_SURE,NOT_SURE,SOMETIMES,SOMETIMES,NO,YES,NOT_SURE,YES,SOMETIMES,SOMETIMES,NOT_SURE
SYN-0323,NOT_SURE,NO,NO,NO,NO,NO,NO,NO,PRIVATE,SOMETIMES,SOMETIMES,SOMETIMES,YES,NOT_SURE,NOT_SURE,SOMETIMES,NO,NO,SOMETIMES,SOMETIMES,29,MODERATE,30,0,31,15,67,0,41,64,20,44,NOT_SURE,NO,PRIVATE,NO,NO,NO,NO,NO,NO,NO,NO,SOMETIMES,SOMETIMES,NO,NO,SOMETIMES,SOMETIMES,PRIVATE,NO,NOT_SURE,NO,SOMETIMES,YES,NOT_SURE,SOMETIMES,NO,YES,NO,NO,NOT_SURE,NO,YES,SOMETIMES,SOMETIMES,SOMETIMES,SOMETIMES,NOT_SURE,SOMETIMES,SOMETIMES,YES,NOT_SURE,NO,NO,SOMETIMES,NOT_SURE,YES,SOMETIMES,NOT_SURE,SOMETIMES,SOMETIMES,YES
SYN-0324,PUBLIC,NOT_SURE,NOT_SURE,NOT_SURE,NOT_SURE,YES,YES,YES,PUBLIC,SOMETIMES,NOT_SURE,SOMETIMES,NOT_SURE,NO,SOMETIMES,SOMETIMES,NOT_SURE,YES,NO,NO,75,CRITICAL,100,71,65,73,67,81,60,85,89,93,PUBLIC,YES,PUBLIC,YES,NOT_SURE,NOT_SURE,NOT_SURE,NOT_SURE,YES,YES,YES,NOT_SURE,SOMETIMES,YES,NOT_SURE,NOT_SURE,NOT_SURE,PUBLIC,SOMETIMES,NOT_SURE,NOT_SURE,SOMETIMES,NOT_SURE,NO,YES,YES,NOT_SURE,YES,NOT_SURE,SOMETIMES,NOT_SURE,NO,SOMETIMES,NOT_SURE,NOT_SURE,SOMETIMES,NO,NOT_SURE,NOT_SURE,YES,YES,YES,YES,SOMETIMES,YES,NOT_SURE,NO,YES,SOMETIMES,NO,NO
SYN-0325,NOT_SURE,YES,NOT_SURE,NOT_SURE,NOT_SURE,NOT_SURE,NOT_SURE,NOT_SURE,PRIVATE,SOMETIMES,SOMETIMES,NO,NOT_SURE,NOT_SURE,YES,YES,NOT_SURE,NO,SOMETIMES,SOMETIMES,42,HIGH,47,69,55,13,27,66,35,59,7,53,NOT_SURE,NO,NOT_SURE,SOMETIMES,YES,NOT_SURE,NOT_SURE,NOT_SURE,NOT_SURE,NOT_SURE,NOT_SURE,NOT_SURE,SOMETIMES,SOMETIMES,NOT_SURE,SOMETIMES,NOT_SURE,PRIVATE,NO,SOMETIMES,NO,NO,NOT_SURE,NOT_SURE,NO,SOMETIMES,NOT_SURE,SOMETIMES,YES,YES,NOT_SURE,SOMETIMES,YES,NOT_SURE,NOT_SURE,NOT_SURE,NOT_SURE,SOMETIMES,SOMETIMES,NOT_SURE,SOMETIMES,NO,NO,NO,NO,YES,SOMETIMES,SOMETIMES,NOT_SURE,SOMETIMES,SOMETIMES
SYN-0326,PRIVATE,NO,NO,NO,NO,NO,NO,NOT_SURE,FRIENDS,SOMETIMES,NOT_SURE,NOT_SURE,SOMETIMES,NOT_SURE,YES,SOMETIMES,SOMETIMES,NO,YES,YES,30,MODERATE,16,17,40,53,50,29,30,46,0,21,PRIVATE,NO,FRIENDS,NOT_SURE,NO,NO,NO,NOT_SURE,NO,NO,NOT_SURE,YES,SOMETIMES,NO,NO,NOT_SURE,NO,FRIENDS,NOT_SURE,SOMETIMES,SOMETIMES,NOT_SURE,NOT_SURE,SOMETIMES,NO,NO,SOMETIMES,NO,SOMETIMES,YES,SOMETIMES,SOMETIMES,SOMETIMES,NOT_SURE,YES,YES,NOT_SURE,YES,SOMETIMES,NOT_SURE,NO,NO,NO,NO,NO,YES,YES,SOMETIMES,SOMETIMES,YES,SOMETIMES
SYN-0327,FRIENDS,NO,NO,NO,NO,NOT_SURE,NO,NO,NOT_SURE,NO,NO,SOMETIMES,SOMETIMES,NOT_SURE,YES,YES,SOMETIMES,NOT_SURE,NOT_SURE,YES,28,MODERATE,46,21,4,41,39,30,20,39,33,46,FRIENDS,NOT_SURE,FRIENDS,NO,NO,NO,NO,NOT_SURE,NOT_SURE,NO,NO,NO,NO,NO,NO,NO,SOMETIMES,NOT_SURE,NO,NOT_SURE,NO,SOMETIMES,NOT_SURE,YES,NO,NO,SOMETIMES,NO,NOT_SURE,YES,SOMETIMES,SOMETIMES,YES,YES,YES,NOT_SURE,NOT_SURE,YES,SOMETIMES,NO,NOT_SURE,NOT_SURE,NO,NO,NOT_SURE,SOMETIMES,NOT_SURE,NOT_SURE,NOT_SURE,YES,SOMETIMES
SYN-0328,FRIENDS,NOT_SURE,YES,YES,NOT_SURE,NOT_SURE,NOT_SURE,YES,PUBLIC,NOT_SURE,NOT_SURE,YES,NO,NO,NO,NOT_SURE,SOMETIMES,SOMETIMES,NOT_SURE,NO,73,CRITICAL,54,83,65,60,76,100,77,80,73,86,FRIENDS,NOT_SURE,FRIENDS,NOT_SURE,NOT_SURE,YES,YES,YES,NOT_SURE,NOT_SURE,YES,NOT_SURE,NOT_SURE,YES,NOT_SURE,NOT_SURE,SOMETIMES,PUBLIC,NOT_SURE,NO,NOT_SURE,YES,NOT_SURE,SOMETIMES,NOT_SURE,YES,NO,YES,YES,NO,SOMETIMES,NO,NOT_SURE,SOMETIMES,NO,NOT_SURE,NO,NOT_SURE,SOMETIMES,YES,YES,SOMETIMES,YES,NOT_SURE,SOMETIMES,SOMETIMES,NOT_SURE,NOT_SURE,NO,NO,NO
SYN-0329,NOT_SURE,NOT_SURE,NO,NOT_SURE,NOT_SURE,NO,NO,NOT_SURE,FRIENDS,NOT_SURE,SOMETIMES,SOMETIMES,SOMETIMES,SOMETIMES,SOMETIMES,YES,NO,SOMETIMES,NOT_SURE,NOT_SURE,37,MODERATE,51,26,58,39,21,30,19,38,42,67,NOT_SURE,SOMETIMES,FRIENDS,NO,NOT_SURE,NO,NOT_SURE,NO,NO,NO,NOT_SURE,NOT_SURE,NOT_SURE,NOT_SURE,NOT_SURE,SOMETIMES,SOMETIMES,FRIENDS,SOMETIMES,NO,NOT_SURE,SOMETIMES,NO,YES,NO,NO,SOMETIMES,NO,NOT_SURE,SOMETIMES,NO,YES,YES,YES,SOMETIMES,YES,SOMETIMES,YES,SOMETIMES,SOMETIMES,NOT_SURE,SOMETIMES,NO,NOT_SURE,NOT_SURE,NOT_SURE,NOT_SURE,SOMETIMES,NOT_SURE,NOT_SURE,NOT_SURE
SYN-0330,NOT_SURE,NOT_SURE,YES,NOT_SURE,NOT_SURE,YES,YES,NOT_SURE,NOT_SURE,NOT_SURE,SOMETIMES,NOT_SURE,NO,SOMETIMES,SOMETIMES,NO,YES,NOT_SURE,NO,NO,74,CRITICAL,71,83,48,84,77,94,77,63,69,94,NOT_SURE,NOT_SURE,NOT_SURE,YES,NOT_SURE,YES,NOT_SURE,YES,YES,YES,NOT_SURE,NOT_SURE,NOT_SURE,NO,NOT_SURE,SOMETIMES,SOMETIMES,NOT_SURE,YES,YES,NOT_SURE,NOT_SURE,YES,NO,NOT_SURE,YES,NO,YES,NOT_SURE,SOMETIMES,YES,NOT_SURE,NO,SOMETIMES,NO,NO,SOMETIMES,NO,SOMETIMES,SOMETIMES,NOT_SURE,NOT_SURE,YES,NOT_SURE,SOMETIMES,SOMETIMES,NO,NOT_SURE,NO,NO,NO
SYN-0331,PRIVATE,NOT_SURE,NOT_SURE,NOT_SURE,NOT_SURE,NOT_SURE,NOT_SURE,NOT_SURE,NOT_SURE,SOMETIMES,SOMETIMES,NOT_SURE,SOMETIMES,NOT_SURE,NOT_SURE,NOT_SURE,NO,NOT_SURE,NO,SOMETIMES,55,HIGH,31,60,55,61,70,57,42,57,59,71,PRIVATE,NOT_SURE,PRIVATE,YES,NOT_SURE,NOT_SURE,NOT_SURE,NOT_SURE,NOT_SURE,NOT_SURE,NOT_SURE,NOT_SURE,SOMETIMES,SOMETIMES,NOT_SURE,SOMETIMES,SOMETIMES,NOT_SURE,SOMETIMES,NOT_SURE,NOT_SURE,NOT_SURE,YES,SOMETIMES,NOT_SURE,SOMETIMES,SOMETIMES,YES,SOMETIMES,NOT_SURE,NO,YES,NOT_SURE,SOMETIMES,NOT_SURE,YES,NOT_SURE,SOMETIMES,SOMETIMES,SOMETIMES,SOMETIMES,NOT_SURE,SOMETIMES,YES,NO,NOT_SURE,NO,SOMETIMES,NO,SOMETIMES,SOMETIMES
SYN-0332,FRIENDS,NO,NO,NO,NOT_SURE,NO,NO,NO,FRIENDS,NOT_SURE,NOT_SURE,SOMETIMES,YES,YES,YES,NOT_SURE,SOMETIMES,NOT_SURE,NOT_SURE,SOMETIMES,37,MODERATE,36,0,55,55,31,24,41,36,51,50,FRIENDS,NO,FRIENDS,SOMETIMES,NO,NO,NO,NO,NO,NO,NO,NOT_SURE,NOT_SURE,NOT_SURE,NOT_SURE,NOT_SURE,NO,FRIENDS,NOT_SURE,NOT_SURE,SOMETIMES,SOMETIMES,NO,NOT_SURE,NO,NOT_SURE,YES,SOMETIMES,NO,YES,SOMETIMES,NOT_SURE,NOT_SURE,SOMETIMES,NOT_SURE,SOMETIMES,YES,NOT_SURE,SOMETIMES,SOMETIMES,SOMETIMES,NOT_SURE,NOT_SURE,SOMETIMES,NO,SOMETIMES,NOT_SURE,NOT_SURE,YES,SOMETIMES,SOMETIMES
SYN-0333,FRIENDS,NOT_SURE,NOT_SURE,NOT_SURE,NOT_SURE,NOT_SURE,NOT_SURE,NOT_SURE,PUBLIC,NO,NOT_SURE,SOMETIMES,YES,YES,SOMETIMES,NOT_SURE,YES,SOMETIMES,YES,NOT_SURE,58,HIGH,61,69,47,85,60,23,62,35,58,34,FRIENDS,NOT_SURE,PUBLIC,NOT_SURE,NOT_SURE,NOT_SURE,NOT_SURE,YES,NOT_SURE,NOT_SURE,NOT_SURE,SOMETIMES,NO,SOMETIMES,NOT_SURE,NOT_SURE,NOT_SURE,PUBLIC,NOT_SURE,YES,NOT_SURE,SOMETIMES,NOT_SURE,SOMETIMES,YES,SOMETIMES,YES,NO,NOT_SURE,SOMETIMES,YES,NOT_SURE,NOT_SURE,SOMETIMES,YES,SOMETIMES,YES,NOT_SURE,NOT_SURE,NO,SOMETIMES,SOMETIMES,YES,SOMETIMES,NOT_SURE,YES,YES,NO,SOMETIMES,NOT_SURE,SOMETIMES
SYN-0334,NOT_SURE,YES,NOT_SURE,NOT_SURE,NOT_SURE,NO,NOT_SURE,NOT_SURE,FRIENDS,NOT_SURE,YES,YES,NOT_SURE,NO,SOMETIMES,NOT_SURE,YES,NOT_SURE,NOT_SURE,NO,68,HIGH,69,60,63,63,77,63,60,93,76,80,NOT_SURE,SOMETIMES,NOT_SURE,YES,YES,NOT_SURE,NOT_SURE,NOT_SURE,NO,NOT_SURE,NOT_SURE,SOMETIMES,NOT_SURE,NOT_SURE,NOT_SURE,YES,SOMETIMES,FRIENDS,SOMETIMES,YES,SOMETIMES,YES,NOT_SURE,NOT_SURE,SOMETIMES,NOT_SURE,NOT_SURE,NOT_SURE,SOMETIMES,SOMETIMES,YES,YES,NOT_SURE,NOT_SURE,NOT_SURE,YES,NO,NO,NOT_SURE,YES,NOT_SURE,NOT_SURE,YES,NOT_SURE,YES,NOT_SURE,NOT_SURE,YES,NOT_SURE,NO,SOMETIMES
SYN-0335,PUBLIC,YES,NOT_SURE,YES,YES,YES,YES,YES,NOT_SURE,YES,NOT_SURE,YES,SOMETIMES,SOMETIMES,NOT_SURE,NO,YES,YES,NO,NO,90,CRITICAL,96,94,94,79,100,73,89,61,100,96,PUBLIC,YES,NOT_SURE,YES,YES,NOT_SURE,YES,YES,YES,YES,YES,YES,YES,YES,YES,NOT_SURE,YES,NOT_SURE,YES,NOT_SURE,YES,YES,YES,NO,YES,YES,SOMETIMES,YES,NOT_SURE,NOT_SURE,YES,NO,NO,NO,NO,NOT_SURE,SOMETIMES,NOT_SURE,NOT_SURE,NOT_SURE,YES,YES,YES,YES,YES,NO,NO,YES,NO,NO,NOT_SURE
SYN-0336,FRIENDS,NO,NO,NOT_SURE,NOT_SURE,NO,NO,NOT_SURE,PUBLIC,SOMETIMES,SOMETIMES,SOMETIMES,NOT_SURE,YES,SOMETIMES,NO,SOMETIMES,NO,YES,YES,49,HIGH,50,26,58,73,69,61,63,44,22,16,FRIENDS,SOMETIMES,FRIENDS,SOMETIMES,NO,NO,NOT_SURE,NOT_SURE,NO,NO,NOT_SURE,SOMETIMES,SOMETIMES,NOT_SURE,NOT_SURE,SOMETIMES,YES,PUBLIC,SOMETIMES,NOT_SURE,NOT_SURE,SOMETIMES,YES,NOT_SURE,NOT_SURE,SOMETIMES,NOT_SURE,NOT_SURE,NOT_SURE,SOMETIMES,SOMETIMES,NOT_SURE,NO,NOT_SURE,SOMETIMES,NOT_SURE,YES,NO,SOMETIMES,SOMETIMES,NOT_SURE,NO,NO,NO,SOMETIMES,NOT_SURE,YES,NOT_SURE,SOMETIMES,YES,YES
SYN-0337,PRIVATE,NOT_SURE,NOT_SURE,NO,YES,NOT_SURE,NO,NOT_SURE,PRIVATE,YES,SOMETIMES,NOT_SURE,YES,SOMETIMES,SOMETIMES,NO,SOMETIMES,NOT_SURE,YES,SOMETIMES,48,HIGH,17,47,81,35,61,17,50,39,60,23,PRIVATE,NO,NOT_SURE,SOMETIMES,NOT_SURE,NOT_SURE,NO,NOT_SURE,NOT_SURE,NO,NOT_SURE,YES,YES,SOMETIMES,YES,SOMETIMES,SOMETIMES,PRIVATE,SOMETIMES,NOT_SURE,NOT_SURE,NOT_SURE,NOT_SURE,NOT_SURE,NOT_SURE,NOT_SURE,YES,NO,NO,SOMETIMES,SOMETIMES,YES,NO,SOMETIMES,SOMETIMES,YES,SOMETIMES,YES,SOMETIMES,NOT_SURE,NOT_SURE,NOT_SURE,SOMETIMES,YES,NO,NOT_SURE,YES,NOT_SURE,YES,SOMETIMES,YES
SYN-0338,PUBLIC,YES,YES,NOT_SURE,YES,NOT_SURE,YES,YES,FRIENDS,YES,YES,YES,NO,NO,NO,NO,SOMETIMES,YES,NO,NO,87,CRITICAL,96,89,91,69,93,100,82,80,89,94,PUBLIC,YES,NOT_SURE,YES,YES,YES,NOT_SURE,YES,NOT_SURE,YES,YES,NOT_SURE,YES,YES,YES,YES,YES,FRIENDS,SOMETIMES,YES,YES,YES,YES,NO,SOMETIMES,YES,NO,YES,YES,NO,SOMETIMES,NO,NO,NOT_SURE,SOMETIMES,NO,NO,NOT_SURE,NOT_SURE,NOT_SURE,SOMETIMES,YES,YES,YES,YES,NOT_SURE,NO,NOT_SURE,NO,NO,NO
SYN-0339,FRIENDS,NOT_SURE,NO,NOT_SURE,NOT_SURE,NO,NOT_SURE,NOT_SURE,PUBLIC,NO,NOT_SURE,NOT_SURE,YES,YES,NOT_SURE,SOMETIMES,NOT_SURE,SOMETIMES,SOMETIMES,NOT_SURE,49,HIGH,36,43,46,81,43,31,60,18,56,49,FRIENDS,NO,FRIENDS,SOMETIMES,NOT_SURE,NO,NOT_SURE,NOT_SURE,NO,NOT_SURE,NOT_SURE,NOT_SURE,NO,NOT_SURE,NOT_SURE,NOT_SURE,NO,PUBLIC,YES,SOMETIMES,SOMETIMES,NOT_SURE,NO,NOT_SURE,SOMETIMES,SOMETIMES,YES,NOT_SURE,NOT_SURE,NOT_SURE,NOT_SURE,NOT_SURE,SOMETIMES,SOMETIMES,SOMETIMES,SOMETIMES,YES,YES,NOT_SURE,NO,NOT_SURE,SOMETIMES,SOMETIMES,NOT_SURE,SOMETIMES,NOT_SURE,SOMETIMES,SOMETIMES,SOMETIMES,NOT_SURE,YES
SYN-0340,PUBLIC,NOT_SURE,NOT_SURE,NOT_SURE,NOT_SURE,NOT_SURE,NOT_SURE,YES,FRIENDS,NOT_SURE,SOMETIMES,YES,SOMETIMES,SOMETIMES,SOMETIMES,NOT_SURE,NO,NOT_SURE,NOT_SURE,SOMETIMES,58,HIGH,76,63,35,50,83,51,40,51,79,73,PUBLIC,SOMETIMES,NOT_SURE,NOT_SURE,NOT_SURE,NOT_SURE,NOT_SURE,NOT_SURE,NOT_SURE,NOT_SURE,YES,NO,NOT_SURE,NO,NOT_SURE,SOMETIMES,SOMETIMES,FRIENDS,SOMETIMES,SOMETIMES,SOMETIMES,YES,NOT_SURE,NO,NOT_SURE,SOMETIMES,SOMETIMES,NOT_SURE,SOMETIMES,SOMETIMES,NO,SOMETIMES,NOT_SURE,YES,NO,SOMETIMES,SOMETIMES,SOMETIMES,SOMETIMES,NOT_SURE,SOMETIMES,NOT_SURE,YES,NOT_SURE,YES,NO,NOT_SURE,YES,NOT_SURE,SOMETIMES,NO
SYN-0341,PUBLIC,NOT_SURE,NOT_SURE,YES,YES,NOT_SURE,YES,NOT_SURE,PUBLIC,YES,SOMETIMES,NO,NOT_SURE,NO,NOT_SURE,NOT_SURE,YES,NOT_SURE,SOMETIMES,NOT_SURE,74,CRITICAL,76,77,92,95,33,60,73,80,67,73,PUBLIC,NOT_SURE,FRIENDS,NOT_SURE,NOT_SURE,NOT_SURE,YES,YES,NOT_SURE,YES,NOT_SURE,YES,YES,YES,YES,SOMETIMES,YES,PUBLIC,YES,YES,NOT_SURE,NO,NOT_SURE,SOMETIMES,NOT_SURE,SOMETIMES,NOT_SURE,SOMETIMES,NOT_SURE,NOT_SURE,YES,SOMETIMES,NOT_SURE,SOMETIMES,NOT_SURE,NOT_SURE,NO,NOT_SURE,SOMETIMES,YES,NOT_SURE,NOT_SURE,YES,NO,YES,NOT_SURE,SOMETIMES,YES,NOT_SURE,NOT_SURE,NO
SYN-0342,PRIVATE,NO,NO,NO,NO,NOT_SURE,NO,NO,PRIVATE,NO,NO,NOT_SURE,YES,SOMETIMES,YES,YES,NO,SOMETIMES,YES,SOMETIMES,15,LOW,7,9,0,13,33,9,8,36,36,21,PRIVATE,NO,FRIENDS,NO,NO,NO,NO,NO,NOT_SURE,NO,NO,NO,NO,NO,NO,NO,NO,PRIVATE,SOMETIMES,NO,NO,NOT_SURE,NO,SOMETIMES,NO,NO,YES,NO,NOT_SURE,YES,NO,YES,YES,NOT_SURE,YES,YES,SOMETIMES,YES,NOT_SURE,NO,SOMETIMES,SOMETIMES,NO,SOMETIMES,SOMETIMES,SOMETIMES,YES,NO,YES,SOMETIMES,SOMETIMES
SYN-0343,FRIENDS,NOT_SURE,NOT_SURE,YES,YES,NOT_SURE,YES,NOT_SURE,NOT_SURE,SOMETIMES,NOT_SURE,NOT_SURE,SOMETIMES,NOT_SURE,YES,NOT_SURE,NO,NOT_SURE,SOMETIMES,SOMETIMES,54,HIGH,57,69,67,59,40,43,34,64,57,44,FRIENDS,SOMETIMES,PUBLIC,SOMETIMES,NOT_SURE,NOT_SURE,YES,NOT_SURE,NOT_SURE,YES,NOT_SURE,NOT_SURE,SOMETIMES,NOT_SURE,YES,NOT_SURE,SOMETIMES,NOT_SURE,YES,NO,NOT_SURE,NOT_SURE,NO,SOMETIMES,SOMETIMES,SOMETIMES,SOMETIMES,SOMETIMES,NO,YES,NO,NOT_SURE,NOT_SURE,NOT_SURE,SOMETIMES,NO,NOT_SURE,NOT_SURE,SOMETIMES,NOT_SURE,SOMETIMES,NOT_SURE,NOT_SURE,NOT_SURE,NOT_SURE,SOMETIMES,SOMETIMES,NOT_SURE,SOMETIMES,SOMETIMES,YES
SYN-0344,FRIENDS,YES,NOT_SURE,YES,NOT_SURE,NOT_SURE,NOT_SURE,NOT_SURE,PRIVATE,YES,NOT_SURE,YES,NOT_SURE,NO,NO,SOMETIMES,NOT_SURE,NOT_SURE,SOMETIMES,SOMETIMES,71,CRITICAL,73,74,75,50,87,67,69,88,66,60,FRIENDS,YES,PUBLIC,NOT_SURE,YES,NOT_SURE,YES,NOT_SURE,NOT_SURE,NOT_SURE,NOT_SURE,YES,YES,NOT_SURE,NOT_SURE,NOT_SURE,NOT_SURE,PRIVATE,SOMETIMES,YES,YES,YES,YES,SOMETIMES,NOT_SURE,SOMETIMES,NOT_SURE,YES,NOT_SURE,NO,NOT_SURE,SOMETIMES,SOMETIMES,SOMETIMES,SOMETIMES,NOT_SURE,NO,NOT_SURE,NO,NOT_SURE,SOMETIMES,NOT_SURE,YES,SOMETIMES,SOMETIMES,SOMETIMES,SOMETIMES,YES,SOMETIMES,SOMETIMES,NOT_SURE
SYN-0345,PRIVATE,NOT_SURE,NOT_SURE,NOT_SURE,NOT_SURE,NO,NOT_SURE,NOT_SURE,FRIENDS,NO,SOMETIMES,NO,YES,YES,SOMETIMES,YES,NO,NO,YES,NOT_SURE,26,MODERATE,29,51,31,25,0,7,24,0,32,27,PRIVATE,SOMETIMES,FRIENDS,SOMETIMES,NOT_SURE,NOT_SURE,NOT_SURE,NOT_SURE,NO,NOT_SURE,NOT_SURE,NO,NO,NOT_SURE,NOT_SURE,SOMETIMES,NO,FRIENDS,NO,NO,SOMETIMES,NO,NO,YES,NO,NO,YES,NO,SOMETIMES,SOMETIMES,NO,NOT_SURE,YES,YES,YES,SOMETIMES,YES,YES,YES,NO,NO,NO,SOMETIMES,SOMETIMES,SOMETIMES,SOMETIMES,YES,NO,SOMETIMES,NOT_SURE,YES
SYN-0346,FRIENDS,NOT_SURE,NOT_SURE,NO,NOT_SURE,NO,NOT_SURE,NO,NOT_SURE,NOT_SURE,SOMETIMES,NOT_SURE,SOMETIMES,NOT_SURE,YES,NOT_SURE,NO,NOT_SURE,YES,NOT_SURE,46,HIGH,37,26,55,59,60,53,29,57,57,51,FRIENDS,NO,FRIENDS,NOT_SURE,NOT_SURE,NOT_SURE,NO,NO,NO,NOT_SURE,NO,SOMETIMES,NOT_SURE,NOT_SURE,NOT_SURE,SOMETIMES,SOMETIMES,NOT_SURE,SOMETIMES,SOMETIMES,NOT_SURE,NOT_SURE,NOT_SURE,NOT_SURE,SOMETIMES,NOT_SURE,SOMETIMES,SOMETIMES,SOMETIMES,YES,NO,NOT_SURE,NOT_SURE,SOMETIMES,SOMETIMES,SOMETIMES,NOT_SURE,NO,YES,SOMETIMES,SOMETIMES,NOT_SURE,NOT_SURE,NOT_SURE,NOT_SURE,SOMETIMES,YES,YES,SOMETIMES,NOT_SURE,NOT_SURE
SYN-0347,NOT_SURE,NOT_SURE,YES,NOT_SURE,NOT_SURE,NOT_SURE,NOT_SURE,NOT_SURE,NOT_SURE,YES,NOT_SURE,YES,NOT_SURE,SOMETIMES,NO,NOT_SURE,YES,YES,SOMETIMES,NOT_SURE,75,CRITICAL,77,66,62,73,94,66,87,60,90,66,NOT_SURE,YES,NOT_SURE,NOT_SURE,NOT_SURE,YES,NOT_SURE,NOT_SURE,NOT_SURE,NOT_SURE,NOT_SURE,SOMETIMES,YES,SOMETIMES,NOT_SURE,NOT_SURE,NOT_SURE,NOT_SURE,YES,NOT_SURE,SOMETIMES,YES,YES,NO,NOT_SURE,SOMETIMES,NOT_SURE,SOMETIMES,YES,NO,YES,NOT_SURE,NOT_SURE,NO,NOT_SURE,SOMETIMES,SOMETIMES,NOT_SURE,NOT_SURE,SOMETIMES,NOT_SURE,YES,YES,YES,YES,NOT_SURE,SOMETIMES,SOMETIMES,NO,NOT_SURE,NOT_SURE
SYN-0348,NOT_SURE,NOT_SURE,YES,YES,NOT_SURE,YES,YES,YES,NOT_SURE,SOMETIMES,YES,NOT_SURE,SOMETIMES,SOMETIMES,NOT_SURE,NOT_SURE,NOT_SURE,YES,NOT_SURE,NO,74,CRITICAL,80,91,72,59,76,50,68,56,84,74,NOT_SURE,YES,PUBLIC,SOMETIMES,NOT_SURE,YES,YES,YES,YES,YES,YES,SOMETIMES,SOMETIMES,YES,NOT_SURE,YES,YES,NOT_SURE,SOMETIMES,SOMETIMES,NOT_SURE,NOT_SURE,YES,SOMETIMES,YES,SOMETIMES,SOMETIMES,SOMETIMES,SOMETIMES,NOT_SURE,NOT_SURE,NOT_SURE,NOT_SURE,NOT_SURE,NOT_SURE,NOT_SURE,SOMETIMES,NOT_SURE,SOMETIMES,NOT_SURE,NOT_SURE,YES,YES,NOT_SURE,YES,NOT_SURE,NOT_SURE,NOT_SURE,SOMETIMES,NO,NOT_SURE
SYN-0349,PRIVATE,NOT_SURE,NO,NOT_SURE,NO,NO,NOT_SURE,NOT_SURE,FRIENDS,NOT_SURE,NO,SOMETIMES,YES,YES,SOMETIMES,YES,NO,NO,YES,YES,23,MODERATE,14,30,18,19,53,24,27,19,0,27,PRIVATE,NO,FRIENDS,SOMETIMES,NOT_SURE,NO,NOT_SURE,NO,NO,NOT_SURE,NOT_SURE,NO,NOT_SURE,NOT_SURE,NO,NO,NO,FRIENDS,NO,NO,NO,SOMETIMES,NOT_SURE,SOMETIMES,SOMETIMES,NOT_SURE,YES,NO,SOMETIMES,SOMETIMES,NO,SOMETIMES,YES,YES,SOMETIMES,NOT_SURE,YES,SOMETIMES,YES,SOMETIMES,NO,NO,NO,NO,NO,YES,YES,SOMETIMES,NOT_SURE,YES,NOT_SURE
SYN-0350,FRIENDS,NO,NOT_SURE,YES,NO,NOT_SURE,NOT_SURE,NO,PRIVATE,NO,NO,NO,YES,YES,YES,YES,NO,NOT_SURE,YES,YES,17,LOW,54,36,0,0,27,7,9,8,16,0,FRIENDS,NOT_SURE,FRIENDS,NOT_SURE,NO,NOT_SURE,YES,NO,NOT_SURE,NOT_SURE,NO,NO,NO,NO,NO,NO,NO,PRIVATE,NO,NO,NO,NO,NOT_SURE,NOT_SURE,NO,NO,YES,SOMETIMES,NO,YES,NO,YES,YES,SOMETIMES,YES,SOMETIMES,YES,YES,YES,NOT_SURE,NO,NOT_SURE,NO,NO,SOMETIMES,YES,YES,NO,YES,YES,YES
SYN-0351,PRIVATE,YES,NOT_SURE,YES,NOT_SURE,NOT_SURE,NOT_SURE,YES,FRIENDS,NOT_SURE,NOT_SURE,NOT_SURE,SOMETIMES,SOMETIMES,YES,NOT_SURE,NOT_SURE,NO,SOMETIMES,YES,48,HIGH,34,86,55,56,59,51,37,25,18,21,PRIVATE,NOT_SURE,NOT_SURE,SOMETIMES,YES,NOT_SURE,YES,YES,NOT_SURE,NOT_SURE,YES,SOMETIMES,NOT_SURE,SOMETIMES,NOT_SURE,NOT_SURE,SOMETIMES,FRIENDS,YES,SOMETIMES,NO,NOT_SURE,NOT_SURE,SOMETIMES,NOT_SURE,SOMETIMES,SOMETIMES,NOT_SURE,SOMETIMES,YES,NOT_SURE,YES,NOT_SURE,SOMETIMES,SOMETIMES,SOMETIMES,SOMETIMES,YES,YES,SOMETIMES,SOMETIMES,NO,NO,SOMETIMES,SOMETIMES,YES,SOMETIMES,NO,YES,YES,SOMETIMES
SYN-0352,PRIVATE,NOT_SURE,NO,NO,NOT_SURE,NO,NO,NOT_SURE,PRIVATE,NOT_SURE,NO,SOMETIMES,YES,SOMETIMES,NOT_SURE,SOMETIMES,NOT_SURE,NOT_SURE,YES,YES,27,MODERATE,14,17,23,15,29,21,53,43,39,0,PRIVATE,NO,FRIENDS,SOMETIMES,NOT_SURE,NO,NO,NO,NO,NO,NOT_SURE,NO,NOT_SURE,NO,NOT_SURE,NO,NO,PRIVATE,NOT_SURE,NO,NO,SOMETIMES,NO,YES,SOMETIMES,SOMETIMES,YES,NO,SOMETIMES,NOT_SURE,NOT_SURE,SOMETIMES,SOMETIMES,YES,SOMETIMES,SOMETIMES,SOMETIMES,YES,NOT_SURE,SOMETIMES,NOT_SURE,NOT_SURE,SOMETIMES,NO,SOMETIMES,YES,YES,NO,YES,YES,YES
SYN-0353,PUBLIC,YES,YES,YES,NOT_SURE,YES,NOT_SURE,YES,NOT_SURE,NOT_SURE,YES,NOT_SURE,NO,NO,NOT_SURE,NOT_SURE,SOMETIMES,SOMETIMES,NO,NO,76,CRITICAL,83,97,75,57,59,93,61,69,79,96,PUBLIC,NOT_SURE,PUBLIC,NOT_SURE,YES,YES,YES,YES,YES,NOT_SURE,YES,NOT_SURE,NOT_SURE,YES,NOT_SURE,YES,YES,NOT_SURE,SOMETIMES,SOMETIMES,SOMETIMES,NOT_SURE,NOT_SURE,SOMETIMES,NOT_SURE,YES,NO,YES,SOMETIMES,NOT_SURE,SOMETIMES,SOMETIMES,NOT_SURE,NOT_SURE,SOMETIMES,SOMETIMES,NO,SOMETIMES,SOMETIMES,SOMETIMES,YES,SOMETIMES,YES,YES,NOT_SURE,SOMETIMES,NO,YES,NO,NO,NOT_SURE
SYN-0354,PUBLIC,NO,NOT_SURE,NOT_SURE,NOT_SURE,NOT_SURE,YES,NOT_SURE,NOT_SURE,YES,YES,YES,NOT_SURE,NO,NOT_SURE,NOT_SURE,SOMETIMES,SOMETIMES,SOMETIMES,NO,72,CRITICAL,89,50,82,73,83,67,68,93,68,60,PUBLIC,YES,NOT_SURE,SOMETIMES,NO,NOT_SURE,NOT_SURE,NOT_SURE,NOT_SURE,YES,NOT_SURE,NOT_SURE,YES,YES,NOT_SURE,YES,YES,NOT_SURE,YES,NOT_SURE,SOMETIMES,YES,NOT_SURE,NO,NOT_SURE,SOMETIMES,NOT_SURE,NOT_SURE,YES,NOT_SURE,SOMETIMES,NO,NOT_SURE,NOT_SURE,NOT_SURE,NOT_SURE,NO,NO,NOT_SURE,YES,NOT_SURE,SOMETIMES,NOT_SURE,YES,YES,NOT_SURE,SOMETIMES,NO,SOMETIMES,NO,NOT_SURE
SYN-0355,NOT_SURE,NOT_SURE,YES,YES,NOT_SURE,YES,NOT_SURE,NOT_SURE,PUBLIC,YES,YES,YES,NOT_SURE,SOMETIMES,SOMETIMES,NOT_SURE,SOMETIMES,YES,SOMETIMES,NO,77,CRITICAL,87,77,83,75,77,63,65,69,94,71,NOT_SURE,YES,PUBLIC,YES,NOT_SURE,YES,YES,NOT_SURE,YES,NOT_SURE,NOT_SURE,YES,YES,SOMETIMES,NOT_SURE,YES,YES,PUBLIC,NOT_SURE,NOT_SURE,NOT_SURE,YES,NOT_SURE,NOT_SURE,SOMETIMES,NOT_SURE,NOT_SURE,SOMETIMES,NOT_SURE,SOMETIMES,SOMETIMES,NOT_SURE,NOT_SURE,NO,NOT_SURE,NO,SOMETIMES,NO,NOT_SURE,NOT_SURE,NOT_SURE,YES,YES,YES,YES,NO,SOMETIMES,SOMETIMES,SOMETIMES,NO,NO
SYN-0356,NOT_SURE,YES,YES,NOT_SURE,NOT_SURE,NOT_SURE,YES,YES,NOT_SURE,SOMETIMES,NOT_SURE,YES,NO,NO,NO,SOMETIMES,YES,NOT_SURE,NO,NOT_SURE,76,CRITICAL,61,80,57,79,89,81,90,75,64,87,NOT_SURE,NOT_SURE,PUBLIC,NO,YES,YES,NOT_SURE,NOT_SURE,NOT_SURE,YES,YES,NOT_SURE,SOMETIMES,SOMETIMES,NOT_SURE,NOT_SURE,NOT_SURE,NOT_SURE,NOT_SURE,YES,YES,YES,NOT_SURE,NO,YES,NOT_SURE,NO,YES,SOMETIMES,NO,YES,NO,SOMETIMES,NO,NOT_SURE,NO,NO,NOT_SURE,SOMETIMES,NOT_SURE,NOT_SURE,NOT_SURE,NOT_SURE,YES,NOT_SURE,SOMETIMES,NO,YES,NO,NOT_SURE,NOT_SURE
SYN-0357,NOT_SURE,NOT_SURE,NO,NO,NO,NO,NOT_SURE,NO,PRIVATE,SOMETIMES,SOMETIMES,NO,YES,YES,SOMETIMES,SOMETIMES,NO,NOT_SURE,YES,YES,22,MODERATE,54,17,15,28,10,16,26,0,31,0,NOT_SURE,NOT_SURE,PRIVATE,SOMETIMES,NOT_SURE,NO,NO,NO,NO,NOT_SURE,NO,NO,SOMETIMES,NO,NO,SOMETIMES,NO,PRIVATE,NOT_SURE,SOMETIMES,NO,NO,NO,NOT_SURE,NO,NO,YES,SOMETIMES,NOT_SURE,SOMETIMES,NO,YES,SOMETIMES,YES,YES,SOMETIMES,YES,YES,YES,NO,NO,NOT_SURE,SOMETIMES,NO,SOMETIMES,YES,YES,NO,YES,YES,YES
SYN-0358,PRIVATE,NOT_SURE,NOT_SURE,NO,NO,NO,NOT_SURE,NOT_SURE,PRIVATE,NO,SOMETIMES,NOT_SURE,YES,SOMETIMES,YES,YES,NO,SOMETIMES,YES,YES,25,MODERATE,31,30,19,21,41,21,6,50,39,7,PRIVATE,SOMETIMES,NOT_SURE,SOMETIMES,NOT_SURE,NOT_SURE,NO,NO,NO,NOT_SURE,NOT_SURE,NO,NO,SOMETIMES,NO,SOMETIMES,SOMETIMES,PRIVATE,NO,NOT_SURE,SOMETIMES,NOT_SURE,NO,SOMETIMES,NOT_SURE,SOMETIMES,YES,NO,SOMETIMES,YES,NO,YES,YES,SOMETIMES,YES,YES,SOMETIMES,NO,YES,SOMETIMES,NO,SOMETIMES,NOT_SURE,NO,NOT_SURE,SOMETIMES,YES,NO,YES,YES,SOMETIMES
SYN-0359,FRIENDS,YES,NOT_SURE,NOT_SURE,NOT_SURE,NOT_SURE,YES,NOT_SURE,PRIVATE,YES,NOT_SURE,NOT_SURE,NOT_SURE,NOT_SURE,YES,YES,SOMETIMES,SOMETIMES,SOMETIMES,SOMETIMES,52,HIGH,59,71,64,19,71,60,26,45,51,51,FRIENDS,YES,PRIVATE,NOT_SURE,YES,NOT_SURE,NOT_SURE,NOT_SURE,NOT_SURE,YES,NOT_SURE,NOT_SURE,YES,SOMETIMES,NOT_SURE,NOT_SURE,SOMETIMES,PRIVATE,SOMETIMES,NO,SOMETIMES,NOT_SURE,YES,NOT_SURE,SOMETIMES,SOMETIMES,NOT_SURE,SOMETIMES,NOT_SURE,YES,SOMETIMES,SOMETIMES,YES,SOMETIMES,NOT_SURE,YES,NOT_SURE,YES,SOMETIMES,SOMETIMES,SOMETIMES,SOMETIMES,SOMETIMES,NOT_SURE,SOMETIMES,SOMETIMES,SOMETIMES,NOT_SURE,SOMETIMES,SOMETIMES,SOMETIMES
SYN-0360,PUBLIC,NOT_SURE,YES,NOT_SURE,NOT_SURE,YES,NOT_SURE,NOT_SURE,PUBLIC,NOT_SURE,SOMETIMES,YES,NO,NO,SOMETIMES,NO,NOT_SURE,NOT_SURE,NO,SOMETIMES,81,CRITICAL,90,71,71,100,100,81,74,88,74,73,PUBLIC,YES,NOT_SURE,NOT_SURE,NOT_SURE,YES,NOT_SURE,NOT_SURE,YES,NOT_SURE,NOT_SURE,YES,NOT_SURE,NOT_SURE,NOT_SURE,SOMETIMES,YES,PUBLIC,YES,YES,YES,YES,YES,NO,YES,NOT_SURE,NO,YES,SOMETIMES,SOMETIMES,NOT_SURE,NO,NO,NO,NOT_SURE,NO,NO,NO,NOT_SURE,NOT_SURE,NOT_SURE,NOT_SURE,YES,SOMETIMES,YES,NOT_SURE,NO,NOT_SURE,NO,SOMETIMES,SOMETIMES
SYN-0361,FRIENDS,NOT_SURE,NOT_SURE,YES,NOT_SURE,NOT_SURE,NO,NO,PRIVATE,NOT_SURE,SOMETIMES,SOMETIMES,YES,NOT_SURE,SOMETIMES,SOMETIMES,SOMETIMES,SOMETIMES,NOT_SURE,NO,57,HIGH,71,57,77,21,71,21,52,69,46,80,FRIENDS,YES,FRIENDS,YES,NOT_SURE,NOT_SURE,YES,NOT_SURE,NOT_SURE,NO,NO,YES,NOT_SURE,YES,NOT_SURE,SOMETIMES,YES,PRIVATE,NOT_SURE,NO,SOMETIMES,SOMETIMES,YES,SOMETIMES,YES,SOMETIMES,YES,NO,SOMETIMES,SOMETIMES,SOMETIMES,SOMETIMES,SOMETIMES,NOT_SURE,SOMETIMES,SOMETIMES,NOT_SURE,NOT_SURE,NOT_SURE,NOT_SURE,NO,SOMETIMES,NOT_SURE,SOMETIMES,SOMETIMES,SOMETIMES,NOT_SURE,SOMETIMES,NOT_SURE,NO,NO
SYN-0362,FRIENDS,NO,NO,NO,NO,NO,NO,NO,NOT_SURE,SOMETIMES,SOMETIMES,NOT_SURE,YES,SOMETIMES,SOMETIMES,YES,SOMETIMES,SOMETIMES,NOT_SURE,YES,34,MODERATE,54,0,39,48,33,24,26,50,53,36,FRIENDS,NOT_SURE,FRIENDS,NOT_SURE,NO,NO,NO,NO,NO,NO,NO,SOMETIMES,SOMETIMES,SOMETIMES,NO,SOMETIMES,NOT_SURE,NOT_SURE,NOT_SURE,NO,SOMETIMES,NOT_SURE,NO,SOMETIMES,NO,NOT_SURE,YES,SOMETIMES,NO,SOMETIMES,SOMETIMES,YES,YES,YES,YES,YES,SOMETIMES,YES,NO,SOMETIMES,SOMETIMES,SOMETIMES,SOMETIMES,SOMETIMES,SOMETIMES,NOT_SURE,NOT_SURE,NOT_SURE,SOMETIMES,YES,YES
SYN-0363,PRIVATE,NO,NOT_SURE,NOT_SURE,NO,NO,NO,NOT_SURE,PUBLIC,YES,NOT_SURE,SOMETIMES,SOMETIMES,SOMETIMES,SOMETIMES,YES,SOMETIMES,SOMETIMES,YES,SOMETIMES,39,MODERATE,33,21,52,59,47,44,35,25,39,31,PRIVATE,NOT_SURE,FRIENDS,NOT_SURE,NO,NOT_SURE,NOT_SURE,NO,NO,NO,NOT_SURE,NOT_SURE,YES,NOT_SURE,NO,NOT_SURE,SOMETIMES,PUBLIC,NOT_SURE,NO,SOMETIMES,SOMETIMES,NOT_SURE,YES,NOT_SURE,SOMETIMES,SOMETIMES,NOT_SURE,NO,SOMETIMES,SOMETIMES,SOMETIMES,YES,SOMETIMES,YES,YES,SOMETIMES,YES,YES,SOMETIMES,NO,SOMETIMES,SOMETIMES,NO,SOMETIMES,NOT_SURE,YES,NO,NOT_SURE,SOMETIMES,SOMETIMES
SYN-0364,NOT_SURE,NOT_SURE,NO,NOT_SURE,NOT_SURE,NOT_SURE,NOT_SURE,NOT_SURE,NOT_SURE,YES,NOT_SURE,SOMETIMES,SOMETIMES,NOT_SURE,YES,NOT_SURE,NOT_SURE,YES,SOMETIMES,NOT_SURE,61,HIGH,63,51,62,76,57,64,46,76,78,56,NOT_SURE,SOMETIMES,NOT_SURE,NOT_SURE,NOT_SURE,NO,NOT_SURE,NOT_SURE,NOT_SURE,NOT_SURE,NOT_SURE,SOMETIMES,YES,SOMETIMES,NOT_SURE,NOT_SURE,SOMETIMES,NOT_SURE,SOMETIMES,YES,YES,SOMETIMES,NOT_SURE,NOT_SURE,NOT_SURE,YES,SOMETIMES,SOMETIMES,SOMETIMES,YES,NOT_SURE,NOT_SURE,NOT_SURE,NOT_SURE,NOT_SURE,SOMETIMES,NOT_SURE,SOMETIMES,NO,YES,SOMETIMES,YES,NOT_SURE,YES,SOMETIMES,NO,SOMETIMES,SOMETIMES,SOMETIMES,NOT_SURE,SOMETIMES
SYN-0365,FRIENDS,YES,NOT_SURE,YES,NOT_SURE,YES,YES,NOT_SURE,NOT_SURE,YES,SOMETIMES,NOT_SURE,SOMETIMES,SOMETIMES,NOT_SURE,NOT_SURE,SOMETIMES,SOMETIMES,NO,NO,69,HIGH,53,83,71,59,66,53,69,64,75,96,FRIENDS,NOT_SURE,FRIENDS,SOMETIMES,YES,NOT_SURE,YES,NOT_SURE,YES,YES,NOT_SURE,NOT_SURE,YES,YES,NOT_SURE,SOMETIMES,NOT_SURE,NOT_SURE,SOMETIMES,SOMETIMES,NOT_SURE,NOT_SURE,NOT_SURE,NO,NOT_SURE,NOT_SURE,SOMETIMES,SOMETIMES,SOMETIMES,NOT_SURE,SOMETIMES,SOMETIMES,NOT_SURE,NOT_SURE,NO,NO,SOMETIMES,NO,SOMETIMES,NOT_SURE,YES,SOMETIMES,YES,SOMETIMES,YES,SOMETIMES,NO,YES,NO,NO,NOT_SURE
SYN-0366,FRIENDS,NO,NOT_SURE,NOT_SURE,NOT_SURE,YES,NO,NO,FRIENDS,NOT_SURE,SOMETIMES,NO,YES,YES,YES,SOMETIMES,SOMETIMES,NOT_SURE,NOT_SURE,SOMETIMES,34,MODERATE,50,31,45,53,24,0,30,13,27,49,FRIENDS,SOMETIMES,FRIENDS,SOMETIMES,NO,NOT_SURE,NOT_SURE,NO,YES,NO,NO,NOT_SURE,NOT_SURE,NO,NOT_SURE,SOMETIMES,NO,FRIENDS,SOMETIMES,NOT_SURE,SOMETIMES,NO,NOT_SURE,YES,SOMETIMES,NO,YES,NO,NO,YES,SOMETIMES,SOMETIMES,SOMETIMES,YES,SOMETIMES,SOMETIMES,YES,YES,SOMETIMES,NO,SOMETIMES,NOT_SURE,NO,SOMETIMES,NO,YES,NOT_SURE,SOMETIMES,SOMETIMES,SOMETIMES,YES
SYN-0367,FRIENDS,NO,NOT_SURE,NOT_SURE,NO,NOT_SURE,NOT_SURE,NO,PRIVATE,NOT_SURE,SOMETIMES,SOMETIMES,NOT_SURE,SOMETIMES,SOMETIMES,SOMETIMES,SOMETIMES,NOT_SURE,SOMETIMES,NOT_SURE,44,HIGH,54,43,31,0,39,63,53,68,64,49,FRIENDS,SOMETIMES,NOT_SURE,NOT_SURE,NO,NOT_SURE,NOT_SURE,NOT_SURE,NOT_SURE,NOT_SURE,NO,NO,NOT_SURE,NOT_SURE,NO,SOMETIMES,NOT_SURE,PRIVATE,NO,NO,NO,SOMETIMES,NOT_SURE,YES,NO,NOT_SURE,NOT_SURE,NOT_SURE,SOMETIMES,SOMETIMES,SOMETIMES,NOT_SURE,SOMETIMES,SOMETIMES,SOMETIMES,NOT_SURE,SOMETIMES,NO,NOT_SURE,SOMETIMES,NOT_SURE,NOT_SURE,YES,SOMETIMES,NO,SOMETIMES,SOMETIMES,NO,SOMETIMES,NOT_SURE,SOMETIMES
SYN-0368,PRIVATE,NO,NO,NO,NO,NO,NO,NO,PRIVATE,NO,NO,NO,YES,YES,NOT_SURE,SOMETIMES,SOMETIMES,SOMETIMES,NO,SOMETIMES,19,LOW,26,0,0,0,0,23,56,20,29,57,PRIVATE,NOT_SURE,PRIVATE,NOT_SURE,NO,NO,NO,NO,NO,NO,NO,NO,NO,NO,NO,NO,NO,PRIVATE,NO,NO,NO,NO,NO,YES,NO,SOMETIMES,YES,NOT_SURE,NO,NOT_SURE,SOMETIMES,SOMETIMES,SOMETIMES,SOMETIMES,SOMETIMES,SOMETIMES,YES,YES,SOMETIMES,NOT_SURE,SOMETIMES,SOMETIMES,NO,SOMETIMES,NOT_SURE,YES,NO,SOMETIMES,YES,SOMETIMES,SOMETIMES
SYN-0369,NOT_SURE,NOT_SURE,NOT_SURE,NOT_SURE,NOT_SURE,NOT_SURE,NOT_SURE,NO,FRIENDS,SOMETIMES,NOT_SURE,SOMETIMES,NOT_SURE,NOT_SURE,SOMETIMES,NO,SOMETIMES,SOMETIMES,SOMETIMES,YES,54,HIGH,67,56,54,56,36,76,66,64,39,21,NOT_SURE,YES,PRIVATE,NOT_SURE,NOT_SURE,NOT_SURE,NOT_SURE,NOT_SURE,NOT_SURE,NOT_SURE,NO,SOMETIMES,SOMETIMES,SOMETIMES,NOT_SURE,NOT_SURE,SOMETIMES,FRIENDS,NOT_SURE,NOT_SURE,NOT_SURE,SOMETIMES,NO,SOMETIMES,SOMETIMES,YES,NOT_SURE,NOT_SURE,NOT_SURE,SOMETIMES,SOMETIMES,NOT_SURE,NO,NO,SOMETIMES,NOT_SURE,NOT_SURE,NOT_SURE,SOMETIMES,NOT_SURE,NO,SOMETIMES,NOT_SURE,SOMETIMES,NOT_SURE,YES,SOMETIMES,SOMETIMES,YES,YES,YES
SYN-0370,FRIENDS,NOT_SURE,NOT_SURE,NO,NOT_SURE,NOT_SURE,NOT_SURE,NOT_SURE,PRIVATE,NOT_SURE,NOT_SURE,SOMETIMES,YES,SOMETIMES,SOMETIMES,SOMETIMES,NOT_SURE,NO,SOMETIMES,NOT_SURE,45,HIGH,46,51,52,35,60,7,54,60,14,50,FRIENDS,SOMETIMES,NOT_SURE,NO,NOT_SURE,NOT_SURE,NO,NOT_SURE,NOT_SURE,NOT_SURE,NOT_SURE,SOMETIMES,NOT_SURE,SOMETIMES,NOT_SURE,NOT_SURE,NO,PRIVATE,NOT_SURE,SOMETIMES,NOT_SURE,SOMETIMES,NOT_SURE,SOMETIMES,YES,NO,YES,NO,SOMETIMES,SOMETIMES,NOT_SURE,SOMETIMES,SOMETIMES,SOMETIMES,SOMETIMES,NOT_SURE,SOMETIMES,NOT_SURE,NOT_SURE,SOMETIMES,NO,NO,NO,NO,SOMETIMES,NOT_SURE,SOMETIMES,NOT_SURE,YES,NOT_SURE,SOMETIMES
SYN-0371,FRIENDS,NOT_SURE,NOT_SURE,NOT_SURE,NOT_SURE,NO,NO,NOT_SURE,FRIENDS,NO,NO,SOMETIMES,SOMETIMES,NO,NO,NOT_SURE,SOMETIMES,YES,SOMETIMES,SOMETIMES,54,HIGH,54,47,37,56,46,51,75,70,70,37,FRIENDS,SOMETIMES,NOT_SURE,NOT_SURE,NOT_SURE,NOT_SURE,NOT_SURE,NOT_SURE,NO,NO,NOT_SURE,NOT_SURE,NO,NOT_SURE,NOT_SURE,NO,NO,FRIENDS,SOMETIMES,SOMETIMES,YES,SOMETIMES,NOT_SURE,SOMETIMES,NO,SOMETIMES,SOMETIMES,NOT_SURE,SOMETIMES,NO,SOMETIMES,NO,NOT_SURE,NOT_SURE,NOT_SURE,SOMETIMES,NO,SOMETIMES,SOMETIMES,NOT_SURE,NOT_SURE,YES,NOT_SURE,NOT_SURE,NOT_SURE,NOT_SURE,SOMETIMES,NOT_SURE,YES,SOMETIMES,YES
SYN-0372,FRIENDS,NOT_SURE,NOT_SURE,NOT_SURE,NOT_SURE,NOT_SURE,NOT_SURE,YES,NOT_SURE,NO,YES,SOMETIMES,SOMETIMES,NOT_SURE,NOT_SURE,SOMETIMES,SOMETIMES,YES,NOT_SURE,NOT_SURE,60,HIGH,57,63,55,66,57,79,57,57,53,66,FRIENDS,NOT_SURE,NOT_SURE,NOT_SURE,NOT_SURE,NOT_SURE,NOT_SURE,NOT_SURE,NOT_SURE,NOT_SURE,YES,NOT_SURE,NO,SOMETIMES,NOT_SURE,YES,NOT_SURE,NOT_SURE,SOMETIMES,NOT_SURE,YES,SOMETIMES,NOT_SURE,NOT_SURE,NOT_SURE,YES,SOMETIMES,YES,YES,NOT_SURE,SOMETIMES,NOT_SURE,SOMETIMES,SOMETIMES,YES,NO,NOT_SURE,SOMETIMES,SOMETIMES,SOMETIMES,NO,YES,NOT_SURE,SOMETIMES,NO,SOMETIMES,NOT_SURE,NOT_SURE,NOT_SURE,NOT_SURE,SOMETIMES
SYN-0373,PRIVATE,NO,NO,NO,NOT_SURE,NOT_SURE,NO,YES,FRIENDS,NO,NOT_SURE,NO,SOMETIMES,YES,YES,YES,SOMETIMES,SOMETIMES,YES,YES,22,MODERATE,36,16,31,40,16,37,11,13,18,0,PRIVATE,YES,PRIVATE,SOMETIMES,NO,NO,NO,NO,NOT_SURE,NO,YES,NO,NO,SOMETIMES,NOT_SURE,NOT_SURE,NO,FRIENDS,NO,NOT_SURE,SOMETIMES,NO,NO,SOMETIMES,NOT_SURE,NO,SOMETIMES,SOMETIMES,NOT_SURE,YES,SOMETIMES,YES,YES,YES,YES,YES,YES,YES,SOMETIMES,NO,NO,SOMETIMES,NO,NO,NO,SOMETIMES,YES,NO,YES,YES,YES
SYN-0374,PRIVATE,NO,NO,NO,NOT_SURE,NO,NO,NO,PRIVATE,NOT_SURE,NO,NO,YES,YES,YES,YES,NO,NO,YES,SOMETIMES,9,LOW,7,0,28,0,7,7,0,0,17,21,PRIVATE,NO,PRIVATE,SOMETIMES,NO,NO,NO,NO,NO,NO,NO,NO,NOT_SURE,NO,NOT_SURE,NO,NOT_SURE,PRIVATE,NO,NO,NO,NO,NO,YES,SOMETIMES,NO,YES,NO,SOMETIMES,YES,NO,YES,YES,YES,YES,YES,YES,YES,YES,NO,NO,NO,NOT_SURE,NO,NO,YES,YES,NO,SOMETIMES,SOMETIMES,YES
SYN-0375,FRIENDS,NO,NO,NO,NO,NO,NOT_SURE,NO,PRIVATE,NO,NO,NO,YES,NO,YES,YES,NO,SOMETIMES,YES,SOMETIMES,15,LOW,21,4,0,30,0,7,4,57,36,30,FRIENDS,NO,PRIVATE,NO,NO,NO,NO,NO,NO,NOT_SURE,NO,NO,NO,NO,NO,NO,NO,PRIVATE,NOT_SURE,NOT_SURE,NO,NO,NO,YES,NO,NO,YES,NO,SOMETIMES,YES,NO,YES,YES,YES,SOMETIMES,YES,NO,YES,SOMETIMES,NOT_SURE,SOMETIMES,SOMETIMES,SOMETIMES,NO,SOMETIMES,YES,YES,NOT_SURE,SOMETIMES,SOMETIMES,YES
SYN-0376,FRIENDS,YES,NOT_SURE,YES,NOT_SURE,NOT_SURE,NOT_SURE,YES,PUBLIC,NOT_SURE,NOT_SURE,NOT_SURE,NO,SOMETIMES,NO,NOT_SURE,YES,YES,SOMETIMES,NOT_SURE,69,HIGH,56,86,44,88,57,81,82,68,61,69,FRIENDS,NOT_SURE,NOT_SURE,SOMETIMES,YES,NOT_SURE,YES,YES,NOT_SURE,NOT_SURE,YES,NO,NOT_SURE,SOMETIMES,NOT_SURE,NOT_SURE,SOMETIMES,PUBLIC,SOMETIMES,YES,YES,NOT_SURE,NOT_SURE,SOMETIMES,SOMETIMES,NOT_SURE,NO,SOMETIMES,YES,NO,YES,NOT_SURE,NOT_SURE,SOMETIMES,SOMETIMES,NOT_SURE,SOMETIMES,NOT_SURE,NO,SOMETIMES,NOT_SURE,YES,NOT_SURE,SOMETIMES,NO,SOMETIMES,SOMETIMES,YES,NOT_SURE,NOT_SURE,NOT_SURE
SYN-0377,FRIENDS,NOT_SURE,NO,NO,NOT_SURE,NOT_SURE,NOT_SURE,NOT_SURE,NOT_SURE,NOT_SURE,YES,NOT_SURE,YES,NOT_SURE,NOT_SURE,YES,NOT_SURE,NOT_SURE,SOMETIMES,NOT_SURE,54,HIGH,56,30,66,46,76,37,49,74,58,64,FRIENDS,NOT_SURE,NOT_SURE,SOMETIMES,NOT_SURE,NO,NO,NO,NOT_SURE,NOT_SURE,NOT_SURE,NOT_SURE,NOT_SURE,NOT_SURE,NOT_SURE,YES,NOT_SURE,NOT_SURE,NO,SOMETIMES,NOT_SURE,NOT_SURE,YES,NO,SOMETIMES,SOMETIMES,YES,NOT_SURE,YES,NOT_SURE,NOT_SURE,NO,YES,YES,SOMETIMES,SOMETIMES,NOT_SURE,NOT_SURE,NOT_SURE,YES,NOT_SURE,NOT_SURE,SOMETIMES,NOT_SURE,SOMETIMES,NOT_SURE,SOMETIMES,NOT_SURE,NO,NOT_SURE,SOMETIMES
SYN-0378,FRIENDS,YES,NOT_SURE,NO,NO,NOT_SURE,NOT_SURE,NOT_SURE,FRIENDS,SOMETIMES,NOT_SURE,NOT_SURE,NO,NOT_SURE,YES,SOMETIMES,NO,SOMETIMES,NOT_SURE,NOT_SURE,51,HIGH,50,60,45,54,60,94,26,63,39,66,FRIENDS,SOMETIMES,FRIENDS,SOMETIMES,YES,NOT_SURE,NO,NOT_SURE,NOT_SURE,NOT_SURE,NOT_SURE,YES,SOMETIMES,NO,NO,NOT_SURE,NOT_SURE,FRIENDS,SOMETIMES,NOT_SURE,NOT_SURE,NOT_SURE,NOT_SURE,NOT_SURE,SOMETIMES,YES,NO,YES,NOT_SURE,YES,NO,SOMETIMES,SOMETIMES,SOMETIMES,SOMETIMES,NOT_SURE,NOT_SURE,SOMETIMES,NOT_SURE,SOMETIMES,NOT_SURE,SOMETIMES,NO,NOT_SURE,NOT_SURE,SOMETIMES,NOT_SURE,NOT_SURE,NOT_SURE,NOT_SURE,SOMETIMES
SYN-0379,PRIVATE,NO,NOT_SURE,NOT_SURE,NO,NO,NO,YES,FRIENDS,NOT_SURE,NOT_SURE,SOMETIMES,YES,SOMETIMES,NOT_SURE,YES,NO,NO,NOT_SURE,SOMETIMES,33,MODERATE,0,37,36,39,53,31,28,38,24,59,PRIVATE,NO,PRIVATE,NO,NO,NOT_SURE,NOT_SURE,NOT_SURE,NO,NO,YES,NOT_SURE,NOT_SURE,NO,NO,NOT_SURE,SOMETIMES,FRIENDS,NO,SOMETIMES,NOT_SURE,SOMETIMES,NOT_SURE,SOMETIMES,SOMETIMES,NOT_SURE,YES,SOMETIMES,SOMETIMES,NOT_SURE,NO,SOMETIMES,YES,YES,YES,SOMETIMES,SOMETIMES,YES,SOMETIMES,SOMETIMES,SOMETIMES,NO,NO,SOMETIMES,NO,NOT_SURE,NOT_SURE,SOMETIMES,NOT_SURE,SOMETIMES,SOMETIMES
SYN-0380,NOT_SURE,YES,NOT_SURE,NOT_SURE,NOT_SURE,NOT_SURE,NOT_SURE,YES,NOT_SURE,NOT_SURE,NOT_SURE,SOMETIMES,SOMETIMES,NOT_SURE,NOT_SURE,NOT_SURE,SOMETIMES,SOMETIMES,NO,NO,73,CRITICAL,76,80,61,89,63,67,67,74,75,81,NOT_SURE,YES,NOT_SURE,SOMETIMES,YES,NOT_SURE,NOT_SURE,YES,NOT_SURE,NOT_SURE,YES,SOMETIMES,NOT_SURE,NOT_SURE,NOT_SURE,NOT_SURE,YES,NOT_SURE,YES,YES,YES,SOMETIMES,NOT_SURE,NOT_SURE,YES,NOT_SURE,SOMETIMES,YES,YES,NOT_SURE,SOMETIMES,SOMETIMES,NOT_SURE,NO,NOT_SURE,NOT_SURE,NOT_SURE,NOT_SURE,NOT_SURE,YES,SOMETIMES,SOMETIMES,YES,YES,NOT_SURE,NOT_SURE,NO,SOMETIMES,SOMETIMES,NO,NOT_SURE
SYN-0381,NOT_SURE,NOT_SURE,YES,NOT_SURE,YES,YES,YES,YES,NOT_SURE,NOT_SURE,YES,YES,SOMETIMES,SOMETIMES,SOMETIMES,SOMETIMES,NOT_SURE,NOT_SURE,SOMETIMES,NOT_SURE,74,CRITICAL,80,77,91,60,87,64,61,44,84,60,NOT_SURE,YES,FRIENDS,YES,NOT_SURE,YES,NOT_SURE,NOT_SURE,YES,YES,YES,YES,NOT_SURE,YES,YES,YES,NOT_SURE,NOT_SURE,SOMETIMES,NOT_SURE,SOMETIMES,YES,YES,SOMETIMES,NOT_SURE,SOMETIMES,SOMETIMES,YES,YES,SOMETIMES,NOT_SURE,SOMETIMES,SOMETIMES,NO,NOT_SURE,NOT_SURE,SOMETIMES,NOT_SURE,YES,NOT_SURE,YES,NOT_SURE,YES,SOMETIMES,YES,NO,SOMETIMES,NOT_SURE,NOT_SURE,NOT_SURE,SOMETIMES
SYN-0382,FRIENDS,NOT_SURE,NOT_SURE,NOT_SURE,NO,NOT_SURE,NOT_SURE,NOT_SURE,FRIENDS,NOT_SURE,YES,SOMETIMES,SOMETIMES,YES,SOMETIMES,NOT_SURE,NO,SOMETIMES,NOT_SURE,NOT_SURE,51,HIGH,51,60,48,53,66,47,40,31,49,61,FRIENDS,SOMETIMES,FRIENDS,NOT_SURE,NOT_SURE,NOT_SURE,NOT_SURE,NOT_SURE,NOT_SURE,NOT_SURE,NOT_SURE,SOMETIMES,NOT_SURE,SOMETIMES,NO,YES,SOMETIMES,FRIENDS,NOT_SURE,SOMETIMES,SOMETIMES,SOMETIMES,YES,SOMETIMES,NOT_SURE,NOT_SURE,SOMETIMES,NOT_SURE,NO,SOMETIMES,NO,YES,NOT_SURE,NOT_SURE,SOMETIMES,SOMETIMES,YES,SOMETIMES,SOMETIMES,SOMETIMES,NOT_SURE,SOMETIMES,SOMETIMES,NOT_SURE,NO,SOMETIMES,NOT_SURE,SOMETIMES,SOMETIMES,NOT_SURE,SOMETIMES
SYN-0383,NOT_SURE,YES,NOT_SURE,NOT_SURE,NOT_SURE,NOT_SURE,YES,NOT_SURE,NOT_SURE,SOMETIMES,SOMETIMES,SOMETIMES,NOT_SURE,YES,SOMETIMES,SOMETIMES,SOMETIMES,SOMETIMES,NOT_SURE,NOT_SURE,59,HIGH,69,71,54,49,74,60,57,31,44,71,NOT_SURE,NOT_SURE,FRIENDS,YES,YES,NOT_SURE,NOT_SURE,NOT_SURE,NOT_SURE,YES,NOT_SURE,SOMETIMES,SOMETIMES,NOT_SURE,NOT_SURE,SOMETIMES,SOMETIMES,NOT_SURE,NO,NOT_SURE,NOT_SURE,SOMETIMES,YES,NOT_SURE,YES,SOMETIMES,NOT_SURE,NOT_SURE,SOMETIMES,SOMETIMES,SOMETIMES,NOT_SURE,SOMETIMES,NOT_SURE,SOMETIMES,NO,YES,SOMETIMES,SOMETIMES,SOMETIMES,SOMETIMES,SOMETIMES,SOMETIMES,NO,NOT_SURE,SOMETIMES,NOT_SURE,YES,NOT_SURE,NOT_SURE,SOMETIMES
SYN-0384,FRIENDS,NO,NO,NO,NO,NO,NO,NO,PRIVATE,NO,NO,NO,NOT_SURE,NOT_SURE,YES,SOMETIMES,NO,NO,SOMETIMES,SOMETIMES,17,LOW,36,0,4,6,7,37,15,59,24,43,FRIENDS,NO,FRIENDS,SOMETIMES,NO,NO,NO,NO,NO,NO,NO,NO,NO,NO,NO,NO,SOMETIMES,PRIVATE,NO,NO,SOMETIMES,NO,NO,YES,SOMETIMES,NO,NOT_SURE,SOMETIMES,NO,YES,NO,SOMETIMES,SOMETIMES,YES,SOMETIMES,YES,NOT_SURE,SOMETIMES,SOMETIMES,NOT_SURE,NOT_SURE,NO,NO,NOT_SURE,NO,SOMETIMES,SOMETIMES,SOMETIMES,SOMETIMES,SOMETIMES,YES
SYN-0385,FRIENDS,NO,NO,NO,NO,NO,NO,NO,FRIENDS,SOMETIMES,NO,SOMETIMES,YES,SOMETIMES,SOMETIMES,NOT_SURE,NOT_SURE,SOMETIMES,YES,NOT_SURE,31,MODERATE,31,13,27,34,30,0,51,50,36,29,FRIENDS,NO,NOT_SURE,NO,NO,NO,NO,NOT_SURE,NO,NO,NO,SOMETIMES,SOMETIMES,SOMETIMES,NO,NO,NO,FRIENDS,NO,NOT_SURE,NO,SOMETIMES,NO,YES,NOT_SURE,NO,YES,NO,NO,SOMETIMES,NOT_SURE,SOMETIMES,NOT_SURE,SOMETIMES,YES,SOMETIMES,SOMETIMES,SOMETIMES,SOMETIMES,SOMETIMES,SOMETIMES,SOMETIMES,NO,SOMETIMES,NOT_SURE,SOMETIMES,YES,NOT_SURE,YES,NOT_SURE,YES
SYN-0386,FRIENDS,NOT_SURE,NOT_SURE,NO,NO,NO,NO,NOT_SURE,PRIVATE,NO,NO,NO,YES,YES,YES,YES,NOT_SURE,NO,SOMETIMES,YES,15,LOW,29,26,0,0,24,14,17,6,11,21,FRIENDS,NO,PRIVATE,SOMETIMES,NOT_SURE,NOT_SURE,NO,NO,NO,NO,NOT_SURE,NO,NO,NO,NO,NO,NO,PRIVATE,NO,NO,NO,NO,NOT_SURE,YES,SOMETIMES,NO,YES,SOMETIMES,SOMETIMES,YES,NOT_SURE,YES,YES,YES,SOMETIMES,YES,YES,YES,YES,SOMETIMES,SOMETIMES,NO,NO,NO,SOMETIMES,YES,SOMETIMES,NO,YES,YES,SOMETIMES
SYN-0387,FRIENDS,NO,NOT_SURE,NO,NO,NOT_SURE,NOT_SURE,NO,NOT_SURE,SOMETIMES,NOT_SURE,SOMETIMES,SOMETIMES,YES,SOMETIMES,YES,SOMETIMES,NO,YES,NOT_SURE,38,MODERATE,50,21,42,74,29,47,44,33,9,34,FRIENDS,SOMETIMES,FRIENDS,SOMETIMES,NO,NOT_SURE,NO,NO,NOT_SURE,NOT_SURE,NO,SOMETIMES,SOMETIMES,NOT_SURE,NO,NOT_SURE,SOMETIMES,NOT_SURE,NOT_SURE,YES,NOT_SURE,SOMETIMES,NO,YES,SOMETIMES,NOT_SURE,SOMETIMES,NOT_SURE,NO,SOMETIMES,SOMETIMES,SOMETIMES,YES,SOMETIMES,SOMETIMES,NOT_SURE,YES,SOMETIMES,SOMETIMES,NOT_SURE,NOT_SURE,NO,NO,NO,NO,YES,YES,SOMETIMES,SOMETIMES,NOT_SURE,YES
SYN-0388,PRIVATE,NO,NO,NO,NOT_SURE,NOT_SURE,NOT_SURE,NO,PRIVATE,SOMETIMES,SOMETIMES,NO,YES,YES,SOMETIMES,SOMETIMES,NOT_SURE,NO,SOMETIMES,SOMETIMES,27,MODERATE,9,26,52,0,10,30,45,13,24,53,PRIVATE,NO,PRIVATE,NOT_SURE,NO,NO,NO,NOT_SURE,NOT_SURE,NOT_SURE,NO,SOMETIMES,SOMETIMES,SOMETIMES,NOT_SURE,SOMETIMES,SOMETIMES,PRIVATE,NO,NO,NO,NO,NO,NOT_SURE,NO,SOMETIMES,YES,SOMETIMES,NOT_SURE,SOMETIMES,NOT_SURE,SOMETIMES,SOMETIMES,SOMETIMES,YES,YES,YES,YES,SOMETIMES,NO,NO,NO,NOT_SURE,SOMETIMES,NO,YES,SOMETIMES,SOMETIMES,SOMETIMES,SOMETIMES,NOT_SURE
SYN-0389,PRIVATE,NOT_SURE,NO,NO,NOT_SURE,NO,NO,NOT_SURE,PRIVATE,SOMETIMES,NO,NOT_SURE,YES,YES,YES,NOT_SURE,NO,NOT_SURE,YES,YES,25,MODERATE,31,17,33,21,33,0,22,20,46,9,PRIVATE,NOT_SURE,FRIENDS,SOMETIMES,NOT_SURE,NO,NO,NO,NO,NO,NOT_SURE,SOMETIMES,SOMETIMES,NO,NOT_SURE,NO,NO,PRIVATE,NOT_SURE,NO,SOMETIMES,NOT_SURE,NO,YES,SOMETIMES,NO,YES,NO,NO,YES,NO,YES,NOT_SURE,NOT_SURE,YES,SOMETIMES,YES,SOMETIMES,YES,NOT_SURE,NO,NOT_SURE,NOT_SURE,NOT_SURE,NO,SOMETIMES,YES,NOT_SURE,YES,YES,YES
SYN-0390,FRIENDS,NOT_SURE,NOT_SURE,NOT_SURE,NO,NO,NOT_SURE,NOT_SURE,FRIENDS,SOMETIMES,NOT_SURE,YES,SOMETIMES,YES,NOT_SURE,SOMETIMES,NO,SOMETIMES,YES,SOMETIMES,44,HIGH,36,51,44,40,79,43,41,13,44,14,FRIENDS,SOMETIMES,PRIVATE,NO,NOT_SURE,NOT_SURE,NOT_SURE,NOT_SURE,NO,NOT_SURE,NOT_SURE,SOMETIMES,SOMETIMES,SOMETIMES,NO,NOT_SURE,YES,FRIENDS,NOT_SURE,NO,SOMETIMES,YES,NOT_SURE,NOT_SURE,NOT_SURE,SOMETIMES,SOMETIMES,SOMETIMES,NO,NOT_SURE,NO,YES,SOMETIMES,SOMETIMES,SOMETIMES,SOMETIMES,YES,SOMETIMES,YES,NO,NO,SOMETIMES,SOMETIMES,NOT_SURE,SOMETIMES,SOMETIMES,YES,NO,YES,SOMETIMES,YES
SYN-0391,FRIENDS,NOT_SURE,YES,NOT_SURE,NO,NOT_SURE,NOT_SURE,NOT_SURE,FRIENDS,NO,NOT_SURE,NO,YES,NOT_SURE,SOMETIMES,SOMETIMES,NOT_SURE,NO,SOMETIMES,YES,40,MODERATE,53,66,27,51,26,14,43,39,34,21,FRIENDS,NOT_SURE,FRIENDS,SOMETIMES,NOT_SURE,YES,NOT_SURE,NOT_SURE,NOT_SURE,NOT_SURE,NOT_SURE,NOT_SURE,NO,NO,NO,NOT_SURE,SOMETIMES,FRIENDS,YES,NO,NOT_SURE,NO,NOT_SURE,YES,NOT_SURE,NO,YES,SOMETIMES,SOMETIMES,SOMETIMES,NOT_SURE,SOMETIMES,SOMETIMES,YES,SOMETIMES,YES,NOT_SURE,SOMETIMES,YES,NO,SOMETIMES,NO,SOMETIMES,NOT_SURE,NOT_SURE,YES,SOMETIMES,NO,YES,YES,SOMETIMES
SYN-0392,FRIENDS,NOT_SURE,YES,YES,NOT_SURE,NOT_SURE,NOT_SURE,NOT_SURE,NOT_SURE,YES,NOT_SURE,SOMETIMES,SOMETIMES,NOT_SURE,NOT_SURE,SOMETIMES,SOMETIMES,SOMETIMES,SOMETIMES,SOMETIMES,67,HIGH,57,71,66,74,79,29,63,69,82,50,FRIENDS,NOT_SURE,NOT_SURE,NOT_SURE,NOT_SURE,YES,YES,NOT_SURE,NOT_SURE,NOT_SURE,NOT_SURE,NOT_SURE,YES,NOT_SURE,NOT_SURE,NOT_SURE,NOT_SURE,NOT_SURE,NOT_SURE,YES,NOT_SURE,SOMETIMES,YES,NO,YES,NO,SOMETIMES,SOMETIMES,NO,NOT_SURE,SOMETIMES,NOT_SURE,SOMETIMES,NOT_SURE,SOMETIMES,NO,NOT_SURE,NOT_SURE,NOT_SURE,NOT_SURE,YES,SOMETIMES,YES,SOMETIMES,YES,NO,SOMETIMES,SOMETIMES,SOMETIMES,SOMETIMES,SOMETIMES
SYN-0393,NOT_SURE,NOT_SURE,NOT_SURE,NOT_SURE,NOT_SURE,NOT_SURE,NOT_SURE,NOT_SURE,NOT_SURE,YES,NOT_SURE,SOMETIMES,SOMETIMES,NOT_SURE,NOT_SURE,SOMETIMES,SOMETIMES,NOT_SURE,NOT_SURE,NOT_SURE,60,HIGH,51,60,57,69,63,61,58,64,57,61,NOT_SURE,SOMETIMES,PRIVATE,SOMETIMES,NOT_SURE,NOT_SURE,NOT_SURE,NOT_SURE,NOT_SURE,NOT_SURE,NOT_SURE,NOT_SURE,YES,NO,NOT_SURE,NOT_SURE,NOT_SURE,NOT_SURE,NOT_SURE,NOT_SURE,YES,SOMETIMES,NOT_SURE,NOT_SURE,YES,NOT_SURE,SOMETIMES,NOT_SURE,YES,NOT_SURE,SOMETIMES,SOMETIMES,SOMETIMES,NOT_SURE,SOMETIMES,SOMETIMES,NOT_SURE,SOMETIMES,SOMETIMES,YES,NOT_SURE,NOT_SURE,NOT_SURE,YES,NOT_SURE,YES,NOT_SURE,SOMETIMES,SOMETIMES,NOT_SURE,SOMETIMES
SYN-0394,PRIVATE,NOT_SURE,NO,NO,NOT_SURE,NO,NO,NO,FRIENDS,NO,NOT_SURE,NO,NO,YES,YES,YES,NO,NOT_SURE,YES,SOMETIMES,23,MODERATE,0,13,28,46,7,81,0,0,64,14,PRIVATE,NO,PRIVATE,NO,NOT_SURE,NO,NO,NO,NO,NO,NO,NO,NO,NO,NOT_SURE,NOT_SURE,NOT_SURE,FRIENDS,NOT_SURE,NO,YES,NO,NO,SOMETIMES,NO,NOT_SURE,NO,YES,SOMETIMES,YES,NO,YES,YES,YES,YES,YES,YES,YES,YES,NO,YES,NOT_SURE,NOT_SURE,NOT_SURE,SOMETIMES,SOMETIMES,YES,NO,YES,SOMETIMES,YES
SYN-0395,NOT_SURE,NOT_SURE,NOT_SURE,YES,NOT_SURE,NOT_SURE,NOT_SURE,NOT_SURE,FRIENDS,SOMETIMES,SOMETIMES,SOMETIMES,SOMETIMES,NOT_SURE,SOMETIMES,SOMETIMES,SOMETIMES,NOT_SURE,YES,NOT_SURE,57,HIGH,59,66,64,54,46,51,55,71,47,47,NOT_SURE,SOMETIMES,FRIENDS,SOMETIMES,NOT_SURE,NOT_SURE,YES,NOT_SURE,NOT_SURE,NOT_SURE,NOT_SURE,SOMETIMES,SOMETIMES,YES,NOT_SURE,SOMETIMES,YES,FRIENDS,SOMETIMES,NOT_SURE,NOT_SURE,SOMETIMES,NOT_SURE,YES,SOMETIMES,SOMETIMES,SOMETIMES,SOMETIMES,NOT_SURE,SOMETIMES,SOMETIMES,NOT_SURE,SOMETIMES,NOT_SURE,SOMETIMES,NOT_SURE,NOT_SURE,SOMETIMES,NO,NOT_SURE,NO,NOT_SURE,SOMETIMES,NOT_SURE,NOT_SURE,SOMETIMES,YES,SOMETIMES,NOT_SURE,NOT_SURE,NOT_SURE
SYN-0396,FRIENDS,NO,NO,NOT_SURE,NOT_SURE,NOT_SURE,NOT_SURE,NOT_SURE,FRIENDS,NO,NO,NO,SOMETIMES,YES,NO,YES,NO,NOT_SURE,SOMETIMES,YES,35,MODERATE,56,26,39,44,0,51,50,25,34,21,FRIENDS,NOT_SURE,NOT_SURE,SOMETIMES,NO,NO,NOT_SURE,NO,NOT_SURE,NOT_SURE,NOT_SURE,NOT_SURE,NO,SOMETIMES,NOT_SURE,NO,SOMETIMES,FRIENDS,SOMETIMES,SOMETIMES,NO,NO,NO,YES,NO,SOMETIMES,SOMETIMES,SOMETIMES,NOT_SURE,NO,NO,SOMETIMES,YES,NO,YES,NOT_SURE,YES,YES,NOT_SURE,NOT_SURE,SOMETIMES,NOT_SURE,SOMETIMES,NO,NO,YES,SOMETIMES,NO,YES,YES,SOMETIMES
SYN-0397,FRIENDS,NOT_SURE,NOT_SURE,NOT_SURE,NOT_SURE,YES,YES,NOT_SURE,NOT_SURE,YES,NOT_SURE,SOMETIMES,SOMETIMES,SOMETIMES,NOT_SURE,NOT_SURE,NOT_SURE,YES,SOMETIMES,NO,63,HIGH,36,69,73,60,64,51,65,43,78,73,FRIENDS,SOMETIMES,PRIVATE,NO,NOT_SURE,NOT_SURE,NOT_SURE,NOT_SURE,YES,YES,NOT_SURE,YES,YES,SOMETIMES,NOT_SURE,NOT_SURE,SOMETIMES,NOT_SURE,NOT_SURE,SOMETIMES,SOMETIMES,SOMETIMES,YES,SOMETIMES,SOMETIMES,SOMETIMES,SOMETIMES,NOT_SURE,SOMETIMES,NOT_SURE,NOT_SURE,NOT_SURE,NOT_SURE,NOT_SURE,SOMETIMES,SOMETIMES,SOMETIMES,NOT_SURE,YES,SOMETIMES,YES,YES,NOT_SURE,YES,SOMETIMES,SOMETIMES,SOMETIMES,NOT_SURE,SOMETIMES,NO,NO
SYN-0398,PRIVATE,NOT_SURE,NOT_SURE,NOT_SURE,NO,NOT_SURE,NOT_SURE,NO,NOT_SURE,NO,NOT_SURE,NOT_SURE,YES,YES,SOMETIMES,YES,NOT_SURE,NO,SOMETIMES,SOMETIMES,40,MODERATE,24,56,35,66,59,7,46,13,7,53,PRIVATE,NOT_SURE,FRIENDS,NO,NOT_SURE,NOT_SURE,NOT_SURE,NOT_SURE,NOT_SURE,NOT_SURE,NO,SOMETIMES,NO,NOT_SURE,NO,NOT_SURE,NOT_SURE,NOT_SURE,NOT_SURE,SOMETIMES,YES,NOT_SURE,NOT_SURE,SOMETIMES,NOT_SURE,NO,YES,NO,SOMETIMES,SOMETIMES,NOT_SURE,SOMETIMES,YES,SOMETIMES,SOMETIMES,NOT_SURE,YES,YES,SOMETIMES,NO,SOMETIMES,NO,NO,NO,NO,YES,SOMETIMES,YES,YES,SOMETIMES,NOT_SURE
SYN-0399,NOT_SURE,YES,NOT_SURE,NOT_SURE,NOT_SURE,NOT_SURE,NOT_SURE,NOT_SURE,PUBLIC,YES,SOMETIMES,SOMETIMES,SOMETIMES,NO,SOMETIMES,NOT_SURE,NOT_SURE,SOMETIMES,NOT_SURE,NOT_SURE,65,HIGH,76,69,68,71,46,60,48,79,70,79,NOT_SURE,NOT_SURE,PUBLIC,YES,YES,NOT_SURE,NOT_SURE,NOT_SURE,NOT_SURE,NOT_SURE,NOT_SURE,SOMETIMES,YES,YES,NOT_SURE,SOMETIMES,NOT_SURE,PUBLIC,SOMETIMES,NOT_SURE,SOMETIMES,SOMETIMES,NOT_SURE,YES,SOMETIMES,NOT_SURE,SOMETIMES,YES,SOMETIMES,SOMETIMES,NOT_SURE,YES,NOT_SURE,SOMETIMES,YES,SOMETIMES,NO,NOT_SURE,NOT_SURE,SOMETIMES,NOT_SURE,SOMETIMES,YES,NOT_SURE,SOMETIMES,NOT_SURE,NOT_SURE,YES,NOT_SURE,NOT_SURE,NO
SYN-0400,PRIVATE,NOT_SURE,NOT_SURE,NOT_SURE,NOT_SURE,NOT_SURE,YES,NOT_SURE,FRIENDS,SOMETIMES,NOT_SURE,SOMETIMES,NO,NO,NOT_SURE,NOT_SURE,YES,NOT_SURE,NOT_SURE,SOMETIMES,59,HIGH,30,50,56,51,54,94,81,74,57,64,PRIVATE,SOMETIMES,FRIENDS,NOT_SURE,NOT_SURE,NOT_SURE,NOT_SURE,NO,NOT_SURE,YES,NOT_SURE,SOMETIMES,SOMETIMES,NOT_SURE,NOT_SURE,NOT_SURE,NOT_SURE,FRIENDS,YES,NO,NOT_SURE,SOMETIMES,NOT_SURE,SOMETIMES,NOT_SURE,YES,NO,NOT_SURE,YES,NOT_SURE,YES,SOMETIMES,NOT_SURE,NO,NOT_SURE,NO,NO,NOT_SURE,SOMETIMES,SOMETIMES,NOT_SURE,NOT_SURE,NOT_SURE,SOMETIMES,NOT_SURE,SOMETIMES,NOT_SURE,NOT_SURE,SOMETIMES,SOMETIMES,NO
SYN-0401,FRIENDS,NOT_SURE,NOT_SURE,NO,NOT_SURE,YES,NOT_SURE,NOT_SURE,NOT_SURE,SOMETIMES,NOT_SURE,SOMETIMES,NO,NOT_SURE,SOMETIMES,YES,NOT_SURE,SOMETIMES,SOMETIMES,SOMETIMES,59,HIGH,53,66,55,73,64,76,40,76,55,64,FRIENDS,SOMETIMES,NOT_SURE,SOMETIMES,NOT_SURE,NOT_SURE,NO,YES,YES,NOT_SURE,NOT_SURE,SOMETIMES,SOMETIMES,NOT_SURE,NOT_SURE,NOT_SURE,SOMETIMES,NOT_SURE,YES,NOT_SURE,SOMETIMES,SOMETIMES,YES,NO,NO,NOT_SURE,NO,SOMETIMES,NOT_SURE,SOMETIMES,NOT_SURE,YES,YES,NOT_SURE,SOMETIMES,YES,NOT_SURE,NOT_SURE,NO,NOT_SURE,SOMETIMES,SOMETIMES,NOT_SURE,NOT_SURE,NOT_SURE,SOMETIMES,SOMETIMES,YES,SOMETIMES,SOMETIMES,NO
SYN-0402,NOT_SURE,NOT_SURE,NO,NOT_SURE,NOT_SURE,NO,NOT_SURE,NO,FRIENDS,SOMETIMES,NOT_SURE,SOMETIMES,NOT_SURE,SOMETIMES,SOMETIMES,NOT_SURE,NOT_SURE,NO,NOT_SURE,NOT_SURE,54,HIGH,54,47,55,54,64,60,51,50,46,63,NOT_SURE,NOT_SURE,FRIENDS,NO,NOT_SURE,NO,NOT_SURE,YES,NO,NOT_SURE,NO,SOMETIMES,SOMETIMES,SOMETIMES,NOT_SURE,NOT_SURE,NOT_SURE,FRIENDS,NOT_SURE,SOMETIMES,NOT_SURE,SOMETIMES,YES,SOMETIMES,SOMETIMES,SOMETIMES,NOT_SURE,NOT_SURE,SOMETIMES,SOMETIMES,NOT_SURE,SOMETIMES,NOT_SURE,SOMETIMES,YES,SOMETIMES,SOMETIMES,SOMETIMES,SOMETIMES,SOMETIMES,NO,NO,YES,SOMETIMES,SOMETIMES,SOMETIMES,NOT_SURE,NOT_SURE,SOMETIMES,NOT_SURE,SOMETIMES
SYN-0403,NOT_SURE,NOT_SURE,NOT_SURE,NOT_SURE,NOT_SURE,YES,NOT_SURE,YES,FRIENDS,NOT_SURE,YES,NOT_SURE,YES,SOMETIMES,NO,NOT_SURE,NOT_SURE,NOT_SURE,SOMETIMES,NO,62,HIGH,67,69,65,46,57,31,76,56,64,60,NOT_SURE,SOMETIMES,PUBLIC,NOT_SURE,NOT_SURE,NOT_SURE,NOT_SURE,NOT_SURE,YES,NOT_SURE,YES,NOT_SURE,NOT_SURE,SOMETIMES,NOT_SURE,YES,NOT_SURE,FRIENDS,SOMETIMES,NOT_SURE,NO,NOT_SURE,NOT_SURE,YES,YES,NOT_SURE,YES,SOMETIMES,SOMETIMES,NO,NOT_SURE,NO,NOT_SURE,NOT_SURE,SOMETIMES,SOMETIMES,SOMETIMES,NO,SOMETIMES,NO,SOMETIMES,NOT_SURE,NOT_SURE,NOT_SURE,NOT_SURE,NO,SOMETIMES,SOMETIMES,YES,NO,NOT_SURE
SYN-0404,PUBLIC,NOT_SURE,NOT_SURE,NOT_SURE,YES,NOT_SURE,NOT_SURE,NO,NOT_SURE,YES,YES,NOT_SURE,NOT_SURE,NO,SOMETIMES,SOMETIMES,SOMETIMES,NO,SOMETIMES,NOT_SURE,65,HIGH,96,43,78,76,61,76,48,100,46,67,PUBLIC,YES,NOT_SURE,YES,NOT_SURE,NOT_SURE,NOT_SURE,NO,NOT_SURE,NOT_SURE,NO,SOMETIMES,YES,SOMETIMES,YES,YES,NOT_SURE,NOT_SURE,YES,SOMETIMES,YES,NOT_SURE,NOT_SURE,NOT_SURE,NOT_SURE,NOT_SURE,NOT_SURE,YES,YES,SOMETIMES,SOMETIMES,NOT_SURE,SOMETIMES,SOMETIMES,SOMETIMES,YES,NO,NO,NO,YES,NOT_SURE,NO,NOT_SURE,SOMETIMES,SOMETIMES,NOT_SURE,SOMETIMES,NOT_SURE,NOT_SURE,NOT_SURE,NO
SYN-0405,NOT_SURE,NOT_SURE,NOT_SURE,NOT_SURE,NOT_SURE,YES,NOT_SURE,NOT_SURE,NOT_SURE,YES,YES,YES,NO,NOT_SURE,SOMETIMES,NOT_SURE,NOT_SURE,NOT_SURE,NOT_SURE,NO,73,CRITICAL,70,66,82,74,81,93,62,69,67,76,NOT_SURE,NOT_SURE,PUBLIC,NOT_SURE,NOT_SURE,NOT_SURE,NOT_SURE,NOT_SURE,YES,NOT_SURE,NOT_SURE,NOT_SURE,YES,YES,NOT_SURE,YES,YES,NOT_SURE,NOT_SURE,YES,NOT_SURE,YES,NOT_SURE,SOMETIMES,YES,YES,NO,YES,SOMETIMES,SOMETIMES,NOT_SURE,SOMETIMES,NOT_SURE,NO,NOT_SURE,SOMETIMES,NOT_SURE,NOT_SURE,SOMETIMES,YES,NOT_SURE,NOT_SURE,NOT_SURE,YES,YES,SOMETIMES,NOT_SURE,SOMETIMES,NOT_SURE,NO,NOT_SURE
SYN-0406,FRIENDS,NOT_SURE,NOT_SURE,NOT_SURE,NOT_SURE,NOT_SURE,NOT_SURE,YES,PUBLIC,YES,SOMETIMES,NOT_SURE,NOT_SURE,NOT_SURE,NOT_SURE,NO,YES,SOMETIMES,NO,NOT_SURE,71,CRITICAL,60,63,68,83,59,80,85,84,58,91,FRIENDS,NOT_SURE,FRIENDS,YES,NOT_SURE,NOT_SURE,NOT_SURE,NOT_SURE,NOT_SURE,NOT_SURE,YES,NOT_SURE,YES,NOT_SURE,NOT_SURE,SOMETIMES,YES,PUBLIC,YES,SOMETIMES,NOT_SURE,NOT_SURE,NOT_SURE,SOMETIMES,NOT_SURE,YES,NOT_SURE,SOMETIMES,YES,NOT_SURE,YES,SOMETIMES,NO,NO,NOT_SURE,NO,NOT_SURE,NO,NO,NOT_SURE,SOMETIMES,SOMETIMES,NOT_SURE,NOT_SURE,YES,SOMETIMES,NO,YES,NO,NOT_SURE,NO
SYN-0407,PUBLIC,NOT_SURE,NOT_SURE,NOT_SURE,NOT_SURE,NOT_SURE,NOT_SURE,NOT_SURE,NOT_SURE,SOMETIMES,SOMETIMES,NOT_SURE,NOT_SURE,NO,NOT_SURE,NOT_SURE,YES,YES,SOMETIMES,SOMETIMES,74,CRITICAL,90,60,66,79,71,74,80,83,81,57,PUBLIC,YES,NOT_SURE,NOT_SURE,NOT_SURE,NOT_SURE,NOT_SURE,NOT_SURE,NOT_SURE,NOT_SURE,NOT_SURE,YES,SOMETIMES,NOT_SURE,NOT_SURE,SOMETIMES,NOT_SURE,NOT_SURE,NOT_SURE,YES,YES,NOT_SURE,NOT_SURE,NO,YES,YES,NOT_SURE,SOMETIMES,NOT_SURE,NOT_SURE,YES,NO,NOT_SURE,NOT_SURE,SOMETIMES,NO,NO,SOMETIMES,NO,NOT_SURE,NOT_SURE,YES,YES,NOT_SURE,NOT_SURE,NOT_SURE,SOMETIMES,SOMETIMES,NO,SOMETIMES,SOMETIMES
SYN-0408,PRIVATE,NO,NO,NOT_SURE,NO,NO,NO,NO,PRIVATE,NO,NO,NO,YES,YES,YES,SOMETIMES,NO,NO,YES,YES,10,LOW,21,9,0,13,7,9,7,18,17,14,PRIVATE,SOMETIMES,FRIENDS,NO,NO,NO,NOT_SURE,NO,NO,NO,NO,NO,NO,NO,NO,NO,NO,PRIVATE,SOMETIMES,NO,NO,NO,NO,SOMETIMES,NO,NO,YES,NO,NOT_SURE,YES,NO,YES,SOMETIMES,YES,YES,YES,YES,YES,NOT_SURE,NO,NO,NO,NOT_SURE,NO,NO,YES,YES,NO,SOMETIMES,YES,SOMETIMES
SYN-0409,PUBLIC,YES,NOT_SURE,YES,NOT_SURE,YES,NOT_SURE,YES,PUBLIC,YES,YES,SOMETIMES,NO,NOT_SURE,SOMETIMES,SOMETIMES,YES,SOMETIMES,NOT_SURE,NO,78,CRITICAL,77,83,88,85,74,100,63,69,69,74,PUBLIC,NOT_SURE,NOT_SURE,SOMETIMES,YES,NOT_SURE,YES,NOT_SURE,YES,NOT_SURE,YES,YES,YES,YES,NOT_SURE,YES,NOT_SURE,PUBLIC,YES,NOT_SURE,NOT_SURE,SOMETIMES,YES,NOT_SURE,YES,YES,NO,YES,YES,SOMETIMES,YES,SOMETIMES,SOMETIMES,NOT_SURE,SOMETIMES,SOMETIMES,NOT_SURE,SOMETIMES,NOT_SURE,YES,YES,SOMETIMES,NOT_SURE,NOT_SURE,NOT_SURE,NO,NOT_SURE,NOT_SURE,NOT_SURE,NO,SOMETIMES
SYN-0410,NOT_SURE,YES,YES,YES,NOT_SURE,YES,YES,NOT_SURE,PUBLIC,YES,YES,NOT_SURE,SOMETIMES,NOT_SURE,SOMETIMES,SOMETIMES,SOMETIMES,YES,NO,NO,78,CRITICAL,60,97,87,95,57,79,55,76,89,89,NOT_SURE,SOMETIMES,FRIENDS,NOT_SURE,YES,YES,YES,YES,YES,YES,NOT_SURE,YES,YES,YES,NOT_SURE,YES,SOMETIMES,PUBLIC,YES,YES,NOT_SURE,NOT_SURE,NOT_SURE,SOMETIMES,SOMETIMES,YES,SOMETIMES,YES,YES,SOMETIMES,SOMETIMES,NO,SOMETIMES,SOMETIMES,NOT_SURE,SOMETIMES,NOT_SURE,NOT_SURE,NO,NOT_SURE,YES,YES,YES,YES,SOMETIMES,SOMETIMES,NO,SOMETIMES,NO,NO,NOT_SURE
SYN-0411,FRIENDS,YES,YES,NOT_SURE,YES,YES,NOT_SURE,NOT_SURE,NOT_SURE,NOT_SURE,NOT_SURE,SOMETIMES,YES,SOMETIMES,NOT_SURE,SOMETIMES,SOMETIMES,NOT_SURE,SOMETIMES,SOMETIMES,66,HIGH,53,89,65,73,74,23,67,81,56,50,FRIENDS,NOT_SURE,FRIENDS,SOMETIMES,YES,YES,NOT_SURE,YES,YES,NOT_SURE,NOT_SURE,SOMETIMES,NOT_SURE,SOMETIMES,YES,NOT_SURE,SOMETIMES,NOT_SURE,YES,NOT_SURE,SOMETIMES,SOMETIMES,YES,NOT_SURE,YES,SOMETIMES,YES,NOT_SURE,NO,NOT_SURE,SOMETIMES,NOT_SURE,SOMETIMES,NO,NO,SOMETIMES,SOMETIMES,NO,NO,YES,NOT_SURE,NOT_SURE,SOMETIMES,NOT_SURE,NOT_SURE,SOMETIMES,SOMETIMES,SOMETIMES,SOMETIMES,SOMETIMES,SOMETIMES
SYN-0412,NOT_SURE,NOT_SURE,NOT_SURE,NOT_SURE,NOT_SURE,NO,NOT_SURE,NOT_SURE,NOT_SURE,NO,NO,NOT_SURE,NOT_SURE,SOMETIMES,YES,YES,NO,SOMETIMES,YES,NOT_SURE,46,HIGH,54,39,38,59,76,56,18,56,55,41,NOT_SURE,NOT_SURE,FRIENDS,NO,NOT_SURE,NOT_SURE,NOT_SURE,NO,NO,NOT_SURE,NOT_SURE,SOMETIMES,NO,NOT_SURE,NOT_SURE,NO,SOMETIMES,NOT_SURE,SOMETIMES,SOMETIMES,NOT_SURE,NOT_SURE,YES,SOMETIMES,YES,NOT_SURE,NOT_SURE,NO,NOT_SURE,YES,NO,NOT_SURE,YES,YES,NO,NOT_SURE,SOMETIMES,SOMETIMES,NO,NO,NOT_SURE,SOMETIMES,SOMETIMES,YES,NO,SOMETIMES,YES,SOMETIMES,SOMETIMES,NOT_SURE,SOMETIMES
SYN-0413,FRIENDS,YES,NOT_SURE,NOT_SURE,NOT_SURE,NOT_SURE,YES,NO,FRIENDS,YES,YES,YES,NO,YES,NOT_SURE,NOT_SURE,YES,NOT_SURE,SOMETIMES,SOMETIMES,68,HIGH,53,67,88,40,77,76,87,48,56,67,FRIENDS,NOT_SURE,FRIENDS,SOMETIMES,YES,NOT_SURE,NOT_SURE,NOT_SURE,NOT_SURE,YES,NO,YES,YES,YES,NOT_SURE,YES,NOT_SURE,FRIENDS,NO,NOT_SURE,SOMETIMES,YES,NOT_SURE,NOT_SURE,SOMETIMES,NOT_SURE,NO,NOT_SURE,SOMETIMES,NOT_SURE,YES,NO,NOT_SURE,NO,NO,NO,YES,NOT_SURE,NOT_SURE,YES,SOMETIMES,NOT_SURE,SOMETIMES,SOMETIMES,NOT_SURE,NOT_SURE,SOMETIMES,YES,NO,SOMETIMES,NOT_SURE
SYN-0414,NOT_SURE,NOT_SURE,YES,NOT_SURE,NOT_SURE,NOT_SURE,NOT_SURE,NOT_SURE,PUBLIC,SOMETIMES,NOT_SURE,YES,NO,SOMETIMES,NO,SOMETIMES,NOT_SURE,NOT_SURE,NOT_SURE,NO,75,CRITICAL,69,74,66,75,100,100,72,69,59,84,NOT_SURE,SOMETIMES,NOT_SURE,YES,NOT_SURE,YES,NOT_SURE,YES,NOT_SURE,NOT_SURE,NOT_SURE,YES,SOMETIMES,SOMETIMES,NOT_SURE,NOT_SURE,NOT_SURE,PUBLIC,NOT_SURE,NOT_SURE,NOT_SURE,YES,YES,NO,YES,YES,NO,YES,YES,NO,NOT_SURE,NOT_SURE,SOMETIMES,NOT_SURE,SOMETIMES,NOT_SURE,SOMETIMES,NO,SOMETIMES,YES,SOMETIMES,NOT_SURE,NOT_SURE,NOT_SURE,SOMETIMES,NOT_SURE,NOT_SURE,YES,SOMETIMES,NO,NO
SYN-0415,NOT_SURE,NOT_SURE,YES,NOT_SURE,NOT_SURE,NOT_SURE,YES,YES,PUBLIC,YES,SOMETIMES,NOT_SURE,NOT_SURE,SOMETIMES,NO,NOT_SURE,YES,NOT_SURE,SOMETIMES,NO,73,CRITICAL,63,80,62,85,57,66,87,61,76,80,NOT_SURE,NOT_SURE,FRIENDS,NOT_SURE,NOT_SURE,YES,NOT_SURE,YES,NOT_SURE,YES,YES,NOT_SURE,YES,SOMETIMES,NOT_SURE,SOMETIMES,SOMETIMES,PUBLIC,NOT_SURE,YES,NOT_SURE,NOT_SURE,NOT_SURE,SOMETIMES,SOMETIMES,YES,NOT_SURE,NO,SOMETIMES,NO,YES,SOMETIMES,NOT_SURE,NO,NOT_SURE,NOT_SURE,SOMETIMES,NOT_SURE,NOT_SURE,NOT_SURE,SOMETIMES,NOT_SURE,YES,NOT_SURE,NOT_SURE,NO,SOMETIMES,NOT_SURE,NO,NO,NO
SYN-0416,PRIVATE,NO,NO,NO,NO,NOT_SURE,NOT_SURE,NO,FRIENDS,SOMETIMES,NOT_SURE,NO,YES,NOT_SURE,SOMETIMES,YES,NO,SOMETIMES,SOMETIMES,YES,33,MODERATE,29,13,50,38,31,21,19,46,51,41,PRIVATE,SOMETIMES,FRIENDS,SOMETIMES,NO,NO,NO,NO,NOT_SURE,NOT_SURE,NO,NOT_SURE,SOMETIMES,YES,NO,NOT_SURE,SOMETIMES,FRIENDS,NO,SOMETIMES,SOMETIMES,NO,NOT_SURE,SOMETIMES,SOMETIMES,SOMETIMES,YES,NO,SOMETIMES,SOMETIMES,NO,SOMETIMES,YES,YES,YES,YES,NOT_SURE,SOMETIMES,YES,NOT_SURE,SOMETIMES,SOMETIMES,SOMETIMES,NOT_SURE,SOMETIMES,SOMETIMES,SOMETIMES,SOMETIMES,NOT_SURE,YES,NOT_SURE
SYN-0417,FRIENDS,NOT_SURE,NOT_SURE,NOT_SURE,YES,YES,NOT_SURE,NOT_SURE,NOT_SURE,NOT_SURE,YES,NOT_SURE,NO,NOT_SURE,NO,NOT_SURE,YES,SOMETIMES,NO,SOMETIMES,73,CRITICAL,64,66,72,73,76,93,90,71,54,77,FRIENDS,YES,FRIENDS,SOMETIMES,NOT_SURE,NOT_SURE,NOT_SURE,NOT_SURE,YES,NOT_SURE,NOT_SURE,SOMETIMES,NOT_SURE,NOT_SURE,YES,YES,SOMETIMES,NOT_SURE,NOT_SURE,YES,SOMETIMES,NOT_SURE,YES,NO,SOMETIMES,YES,NO,YES,SOMETIMES,NO,YES,NO,NOT_SURE,NOT_SURE,NO,NOT_SURE,NOT_SURE,NO,SOMETIMES,NOT_SURE,NOT_SURE,SOMETIMES,SOMETIMES,SOMETIMES,SOMETIMES,NOT_SURE,NO,YES,NOT_SURE,SOMETIMES,NOT_SURE
SYN-0418,PUBLIC,NOT_SURE,NOT_SURE,NOT_SURE,NOT_SURE,YES,NO,YES,NOT_SURE,NOT_SURE,YES,NOT_SURE,NO,NOT_SURE,NOT_SURE,NO,YES,YES,NO,NO,80,CRITICAL,100,64,75,89,83,89,82,50,83,94,PUBLIC,YES,PUBLIC,YES,NOT_SURE,NOT_SURE,NOT_SURE,NOT_SURE,YES,NO,YES,YES,NOT_SURE,NOT_SURE,NOT_SURE,YES,NOT_SURE,NOT_SURE,YES,YES,YES,NOT_SURE,YES,NO,YES,NOT_SURE,NO,YES,YES,NOT_SURE,YES,NOT_SURE,NO,NOT_SURE,NO,SOMETIMES,NOT_SURE,NOT_SURE,YES,SOMETIMES,NOT_SURE,YES,YES,SOMETIMES,YES,NOT_SURE,NO,NOT_SURE,NO,NO,NO
SYN-0419,PUBLIC,NOT_SURE,NOT_SURE,YES,YES,YES,YES,NOT_SURE,FRIENDS,YES,YES,YES,SOMETIMES,SOMETIMES,NO,NO,YES,YES,SOMETIMES,NO,77,CRITICAL,81,74,77,56,100,64,97,56,71,64,PUBLIC,SOMETIMES,NOT_SURE,YES,NOT_SURE,NOT_SURE,YES,NOT_SURE,YES,YES,NOT_SURE,SOMETIMES,YES,SOMETIMES,YES,YES,SOMETIMES,FRIENDS,SOMETIMES,SOMETIMES,YES,YES,YES,NO,YES,SOMETIMES,SOMETIMES,YES,YES,NO,YES,NO,NO,NOT_SURE,NO,NO,SOMETIMES,SOMETIMES,SOMETIMES,YES,NOT_SURE,YES,NOT_SURE,SOMETIMES,YES,NOT_SURE,SOMETIMES,SOMETIMES,SOMETIMES,NO,SOMETIMES
SYN-0420,PRIVATE,NOT_SURE,NOT_SURE,NO,NO,NOT_SURE,NOT_SURE,YES,FRIENDS,NO,NO,NOT_SURE,SOMETIMES,YES,NOT_SURE,SOMETIMES,YES,SOMETIMES,NO,SOMETIMES,50,HIGH,34,54,19,63,57,51,69,36,56,70,PRIVATE,NOT_SURE,NOT_SURE,SOMETIMES,NOT_SURE,NOT_SURE,NO,NOT_SURE,NOT_SURE,NOT_SURE,YES,SOMETIMES,NO,NO,NO,NO,YES,FRIENDS,YES,SOMETIMES,SOMETIMES,NOT_SURE,NOT_SURE,SOMETIMES,SOMETIMES,SOMETIMES,SOMETIMES,NOT_SURE,SOMETIMES,NOT_SURE,YES,NOT_SURE,SOMETIMES,SOMETIMES,SOMETIMES,SOMETIMES,YES,SOMETIMES,NOT_SURE,SOMETIMES,NOT_SURE,SOMETIMES,NOT_SURE,NOT_SURE,SOMETIMES,SOMETIMES,NO,SOMETIMES,NOT_SURE,SOMETIMES,NOT_SURE
SYN-0421,FRIENDS,NO,NO,NO,NO,NO,NO,NO,PRIVATE,NO,NO,NO,YES,YES,YES,YES,NO,NOT_SURE,NO,NOT_SURE,18,LOW,44,13,0,19,0,16,0,31,33,74,FRIENDS,SOMETIMES,PRIVATE,NOT_SURE,NO,NO,NO,NOT_SURE,NO,NO,NO,NO,NO,NO,NO,NO,NO,PRIVATE,NO,SOMETIMES,SOMETIMES,NO,NO,YES,NO,NO,YES,NOT_SURE,SOMETIMES,YES,NO,YES,YES,YES,YES,YES,YES,SOMETIMES,SOMETIMES,SOMETIMES,NOT_SURE,NOT_SURE,NO,NO,NOT_SURE,SOMETIMES,NO,NOT_SURE,NOT_SURE,NOT_SURE,SOMETIMES
SYN-0422,NOT_SURE,NOT_SURE,YES,NO,NOT_SURE,NOT_SURE,YES,YES,FRIENDS,SOMETIMES,SOMETIMES,NOT_SURE,NOT_SURE,SOMETIMES,SOMETIMES,YES,SOMETIMES,SOMETIMES,NO,SOMETIMES,61,HIGH,77,50,63,66,61,63,46,56,75,69,NOT_SURE,YES,NOT_SURE,NOT_SURE,NOT_SURE,YES,NO,NO,NOT_SURE,YES,YES,NOT_SURE,SOMETIMES,YES,NOT_SURE,SOMETIMES,NOT_SURE,FRIENDS,YES,NOT_SURE,NOT_SURE,NOT_SURE,NOT_SURE,NOT_SURE,NOT_SURE,NOT_SURE,NOT_SURE,NOT_SURE,SOMETIMES,SOMETIMES,SOMETIMES,SOMETIMES,YES,NOT_SURE,NOT_SURE,SOMETIMES,SOMETIMES,NO,SOMETIMES,NO,NOT_SURE,SOMETIMES,YES,NOT_SURE,NOT_SURE,NO,NO,NOT_SURE,NOT_SURE,SOMETIMES,SOMETIMES
SYN-0423,FRIENDS,NOT_SURE,NO,NOT_SURE,NOT_SURE,NO,NO,NO,FRIENDS,SOMETIMES,SOMETIMES,NOT_SURE,NOT_SURE,SOMETIMES,YES,YES,NO,NOT_SURE,YES,YES,36,MODERATE,54,21,47,38,51,63,0,55,54,10,FRIENDS,SOMETIMES,NOT_SURE,NOT_SURE,NOT_SURE,NO,NOT_SURE,NO,NO,NO,NO,NOT_SURE,SOMETIMES,NO,NOT_SURE,SOMETIMES,SOMETIMES,FRIENDS,SOMETIMES,NO,SOMETIMES,NOT_SURE,NOT_SURE,YES,NOT_SURE,NOT_SURE,NOT_SURE,SOMETIMES,NOT_SURE,YES,NO,YES,YES,YES,YES,YES,SOMETIMES,NOT_SURE,SOMETIMES,SOMETIMES,NOT_SURE,NOT_SURE,SOMETIMES,SOMETIMES,NOT_SURE,SOMETIMES,YES,NO,NOT_SURE,YES,YES
SYN-0424,NOT_SURE,NOT_SURE,YES,NOT_SURE,NO,NOT_SURE,YES,YES,PUBLIC,YES,NOT_SURE,SOMETIMES,YES,NO,SOMETIMES,NOT_SURE,SOMETIMES,YES,NOT_SURE,SOMETIMES,68,HIGH,77,80,50,88,60,33,62,75,79,66,NOT_SURE,YES,NOT_SURE,NOT_SURE,NOT_SURE,YES,NOT_SURE,YES,NOT_SURE,YES,YES,SOMETIMES,YES,NOT_SURE,NO,NOT_SURE,NOT_SURE,PUBLIC,SOMETIMES,YES,YES,SOMETIMES,NOT_SURE,NO,SOMETIMES,NOT_SURE,YES,NOT_SURE,SOMETIMES,SOMETIMES,SOMETIMES,NO,NOT_SURE,SOMETIMES,NO,NOT_SURE,NO,NOT_SURE,SOMETIMES,NOT_SURE,SOMETIMES,YES,YES,SOMETIMES,NOT_SURE,NOT_SURE,NOT_SURE,YES,NOT_SURE,SOMETIMES,SOMETIMES
SYN-0425,PUBLIC,YES,YES,YES,YES,YES,YES,YES,PUBLIC,SOMETIMES,YES,NOT_SURE,NO,NOT_SURE,NO,NO,NOT_SURE,YES,NOT_SURE,NO,86,CRITICAL,90,100,92,75,76,93,91,69,73,87,PUBLIC,YES,NOT_SURE,NOT_SURE,YES,YES,YES,YES,YES,YES,YES,YES,SOMETIMES,YES,YES,YES,YES,PUBLIC,NOT_SURE,NOT_SURE,NOT_SURE,NOT_SURE,YES,SOMETIMES,YES,YES,NO,SOMETIMES,YES,NO,NOT_SURE,NO,NO,NO,NO,NO,NOT_SURE,SOMETIMES,NOT_SURE,YES,YES,YES,NOT_SURE,NOT_SURE,NOT_SURE,SOMETIMES,NOT_SURE,YES,NO,NO,NOT_SURE
SYN-0426,FRIENDS,NO,NOT_SURE,NO,YES,NO,NOT_SURE,YES,NOT_SURE,NO,NO,NO,SOMETIMES,YES,SOMETIMES,SOMETIMES,SOMETIMES,NO,NOT_SURE,YES,29,MODERATE,21,20,46,57,0,29,48,30,0,27,FRIENDS,NO,PRIVATE,NO,NO,NOT_SURE,NO,NO,NO,NOT_SURE,YES,SOMETIMES,NO,SOMETIMES,YES,NO,SOMETIMES,NOT_SURE,NO,YES,SOMETIMES,NO,NO,YES,NO,NO,SOMETIMES,SOMETIMES,NO,SOMETIMES,SOMETIMES,NOT_SURE,SOMETIMES,SOMETIMES,SOMETIMES,YES,YES,SOMETIMES,NOT_SURE,NO,NO,NO,NO,NO,NO,YES,NOT_SURE,NO,YES,YES,SOMETIMES
SYN-0427,NOT_SURE,YES,NOT_SURE,NOT_SURE,YES,YES,YES,NOT_SURE,FRIENDS,SOMETIMES,YES,YES,NOT_SURE,NOT_SURE,NOT_SURE,NOT_SURE,YES,SOMETIMES,NO,NOT_SURE,74,CRITICAL,71,86,77,56,83,76,83,64,55,80,NOT_SURE,NOT_SURE,NOT_SURE,YES,YES,NOT_SURE,NOT_SURE,YES,YES,YES,NOT_SURE,NOT_SURE,SOMETIMES,NOT_SURE,YES,YES,YES,FRIENDS,NOT_SURE,NOT_SURE,NOT_SURE,YES,NOT_SURE,NO,NOT_SURE,YES,NOT_SURE,NOT_SURE,NOT_SURE,NOT_SURE,YES,NO,NOT_SURE,NOT_SURE,NO,NO,NOT_SURE,SOMETIMES,NO,NO,NOT_SURE,SOMETIMES,NOT_SURE,SOMETIMES,NOT_SURE,SOMETIMES,NO,YES,NOT_SURE,NOT_SURE,SOMETIMES
SYN-0428,PRIVATE,NO,NO,NO,NOT_SURE,NO,NO,NO,FRIENDS,NOT_SURE,SOMETIMES,NO,NO,YES,YES,SOMETIMES,NOT_SURE,NO,YES,SOMETIMES,22,MODERATE,14,0,50,39,0,77,32,0,0,14,PRIVATE,SOMETIMES,PRIVATE,NO,NO,NO,NO,NO,NO,NO,NO,SOMETIMES,NOT_SURE,SOMETIMES,NOT_SURE,SOMETIMES,NO,FRIENDS,NO,SOMETIMES,NOT_SURE,NO,NO,YES,NO,NOT_SURE,NO,NOT_SURE,NOT_SURE,YES,NOT_SURE,SOMETIMES,SOMETIMES,YES,SOMETIMES,SOMETIMES,YES,YES,YES,NO,NO,NO,NO,NO,NO,YES,YES,NO,YES,SOMETIMES,YES
SYN-0429,PRIVATE,NO,NO,NO,NO,NO,NO,NOT_SURE,PRIVATE,NOT_SURE,SOMETIMES,NO,YES,YES,NOT_SURE,SOMETIMES,YES,NO,SOMETIMES,YES,19,LOW,0,4,28,13,16,0,62,18,0,30,PRIVATE,NO,PRIVATE,NO,NO,NO,NO,NO,NO,NO,NOT_SURE,SOMETIMES,NOT_SURE,NO,NO,SOMETIMES,NO,PRIVATE,SOMETIMES,NO,NO,NO,NO,SOMETIMES,NOT_SURE,NO,YES,NO,NO,NOT_SURE,YES,YES,SOMETIMES,NOT_SURE,YES,SOMETIMES,YES,YES,NOT_SURE,NO,NO,NO,NO,NO,NO,YES,SOMETIMES,NOT_SURE,YES,YES,SOMETIMES
SYN-0430,NOT_SURE,NO,NO,NOT_SURE,NO,NO,NOT_SURE,NOT_SURE,FRIENDS,NOT_SURE,NOT_SURE,YES,SOMETIMES,NOT_SURE,SOMETIMES,NOT_SURE,NOT_SURE,SOMETIMES,NOT_SURE,NOT_SURE,50,HIGH,59,30,18,75,87,46,48,50,58,61,NOT_SURE,SOMETIMES,FRIENDS,SOMETIMES,NO,NO,NOT_SURE,NOT_SURE,NO,NOT_SURE,NOT_SURE,NO,NOT_SURE,NO,NO,NOT_SURE,NO,FRIENDS,YES,YES,SOMETIMES,YES,YES,SOMETIMES,NOT_SURE,NOT_SURE,SOMETIMES,NO,SOMETIMES,SOMETIMES,NOT_SURE,YES,NOT_SURE,SOMETIMES,YES,SOMETIMES,NOT_SURE,YES,NOT_SURE,SOMETIMES,SOMETIMES,SOMETIMES,NOT_SURE,NOT_SURE,NOT_SURE,NOT_SURE,NOT_SURE,SOMETIMES,SOMETIMES,NOT_SURE,SOMETIMES
SYN-0431,NOT_SURE,NO,NO,NO,NOT_SURE,NO,NOT_SURE,NO,NOT_SURE,SOMETIMES,SOMETIMES,NOT_SURE,SOMETIMES,SOMETIMES,NOT_SURE,SOMETIMES,NOT_SURE,NOT_SURE,SOMETIMES,NOT_SURE,48,HIGH,54,17,42,60,71,53,63,49,39,49,NOT_SURE,NO,NOT_SURE,YES,NO,NO,NO,NOT_SURE,NO,NOT_SURE,NO,NO,SOMETIMES,NOT_SURE,NOT_SURE,SOMETIMES,SOMETIMES,NOT_SURE,NOT_SURE,SOMETIMES,SOMETIMES,NOT_SURE,NOT_SURE,NO,YES,SOMETIMES,SOMETIMES,NOT_SURE,NOT_SURE,NOT_SURE,NOT_SURE,NOT_SURE,SOMETIMES,NOT_SURE,SOMETIMES,NOT_SURE,SOMETIMES,SOMETIMES,NOT_SURE,NO,NO,NOT_SURE,SOMETIMES,SOMETIMES,NOT_SURE,YES,SOMETIMES,NO,SOMETIMES,NOT_SURE,SOMETIMES
SYN-0432,PUBLIC,NOT_SURE,NOT_SURE,NO,NOT_SURE,NOT_SURE,NO,NOT_SURE,NOT_SURE,NO,NO,SOMETIMES,SOMETIMES,SOMETIMES,SOMETIMES,SOMETIMES,NO,NO,SOMETIMES,SOMETIMES,43,HIGH,67,47,25,57,54,47,27,43,41,36,PUBLIC,NO,NOT_SURE,YES,NOT_SURE,NOT_SURE,NO,NOT_SURE,NOT_SURE,NO,NOT_SURE,SOMETIMES,NO,NO,NOT_SURE,NO,NO,NOT_SURE,SOMETIMES,SOMETIMES,SOMETIMES,SOMETIMES,NOT_SURE,SOMETIMES,NOT_SURE,NOT_SURE,SOMETIMES,NOT_SURE,NO,SOMETIMES,NO,YES,SOMETIMES,YES,NOT_SURE,YES,SOMETIMES,YES,NOT_SURE,SOMETIMES,NOT_SURE,NO,SOMETIMES,SOMETIMES,NOT_SURE,SOMETIMES,SOMETIMES,SOMETIMES,YES,SOMETIMES,YES
SYN-0433,PUBLIC,NOT_SURE,YES,NOT_SURE,NOT_SURE,NOT_SURE,NOT_SURE,YES,NOT_SURE,NO,NO,NOT_SURE,NO,NO,SOMETIMES,SOMETIMES,NOT_SURE,YES,YES,NOT_SURE,62,HIGH,71,69,41,60,70,80,63,56,71,39,PUBLIC,SOMETIMES,FRIENDS,SOMETIMES,NOT_SURE,YES,NOT_SURE,NOT_SURE,NOT_SURE,NOT_SURE,YES,SOMETIMES,NO,SOMETIMES,NOT_SURE,NO,YES,NOT_SURE,SOMETIMES,NOT_SURE,SOMETIMES,NOT_SURE,YES,SOMETIMES,NOT_SURE,SOMETIMES,NO,YES,NOT_SURE,SOMETIMES,NOT_SURE,NOT_SURE,SOMETIMES,NO,NO,SOMETIMES,NO,YES,SOMETIMES,SOMETIMES,SOMETIMES,YES,YES,NO,YES,SOMETIMES,YES,NOT_SURE,YES,NOT_SURE,NOT_SURE
SYN-0434,PRIVATE,NO,NO,NO,NO,NO,NOT_SURE,NOT_SURE,PRIVATE,NO,NO,NO,NOT_SURE,SOMETIMES,SOMETIMES,NOT_SURE,NOT_SURE,YES,YES,YES,24,MODERATE,0,9,8,19,0,54,53,63,63,0,PRIVATE,NO,PRIVATE,NO,NO,NO,NO,NO,NO,NOT_SURE,NOT_SURE,NO,NO,SOMETIMES,NO,NO,NO,PRIVATE,SOMETIMES,NO,SOMETIMES,NO,NO,YES,NO,NOT_SURE,NOT_SURE,SOMETIMES,NO,SOMETIMES,NOT_SURE,SOMETIMES,NOT_SURE,SOMETIMES,NOT_SURE,YES,SOMETIMES,SOMETIMES,NO,SOMETIMES,NOT_SURE,YES,SOMETIMES,SOMETIMES,NOT_SURE,SOMETIMES,YES,NO,YES,YES,YES
SYN-0435,FRIENDS,NOT_SURE,NO,NO,NOT_SURE,NO,NOT_SURE,NO,PRIVATE,NO,NOT_SURE,NO,YES,YES,NOT_SURE,YES,NOT_SURE,NO,YES,YES,17,LOW,21,30,27,0,0,0,38,6,4,0,FRIENDS,NO,PRIVATE,NO,NOT_SURE,NO,NO,NOT_SURE,NO,NOT_SURE,NO,NO,NO,NO,NOT_SURE,NOT_SURE,SOMETIMES,PRIVATE,NO,NO,NO,NO,NO,YES,NO,NO,YES,NO,NO,NOT_SURE,NOT_SURE,YES,YES,YES,SOMETIMES,YES,YES,YES,YES,SOMETIMES,NO,NO,NO,NO,SOMETIMES,YES,YES,NO,YES,YES,YES
SYN-0436,NOT_SURE,NO,YES,NOT_SURE,NOT_SURE,YES,NOT_SURE,NOT_SURE,NOT_SURE,NOT_SURE,NO,NO,NOT_SURE,SOMETIMES,SOMETIMES,SOMETIMES,SOMETIMES,SOMETIMES,NO,SOMETIMES,53,HIGH,61,67,48,60,16,44,51,31,64,77,NOT_SURE,NOT_SURE,FRIENDS,SOMETIMES,NO,YES,NOT_SURE,YES,YES,NOT_SURE,NOT_SURE,SOMETIMES,NOT_SURE,NOT_SURE,NOT_SURE,NO,NOT_SURE,NOT_SURE,SOMETIMES,NOT_SURE,SOMETIMES,NO,NO,SOMETIMES,NOT_SURE,SOMETIMES,NOT_SURE,NO,NO,SOMETIMES,SOMETIMES,NOT_SURE,SOMETIMES,NOT_SURE,YES,NOT_SURE,SOMETIMES,YES,SOMETIMES,NO,NOT_SURE,SOMETIMES,NOT_SURE,YES,SOMETIMES,NOT_SURE,NO,YES,NOT_SURE,SOMETIMES,NOT_SURE
SYN-0437,FRIENDS,NOT_SURE,NOT_SURE,NOT_SURE,NOT_SURE,YES,NOT_SURE,NO,NOT_SURE,NO,SOMETIMES,SOMETIMES,NOT_SURE,SOMETIMES,YES,YES,SOMETIMES,SOMETIMES,NO,NO,47,HIGH,57,61,43,41,53,63,15,60,39,83,FRIENDS,SOMETIMES,FRIENDS,YES,NOT_SURE,NOT_SURE,NOT_SURE,NOT_SURE,YES,NOT_SURE,NO,NOT_SURE,NO,NO,NOT_SURE,SOMETIMES,YES,NOT_SURE,NO,NOT_SURE,NO,SOMETIMES,NOT_SURE,SOMETIMES,SOMETIMES,NOT_SURE,NOT_SURE,SOMETIMES,NOT_SURE,YES,SOMETIMES,YES,YES,YES,SOMETIMES,YES,SOMETIMES,NOT_SURE,NOT_SURE,SOMETIMES,SOMETIMES,SOMETIMES,NO,SOMETIMES,SOMETIMES,NOT_SURE,NO,NOT_SURE,NOT_SURE,NO,SOMETIMES
SYN-0438,NOT_SURE,YES,YES,YES,NOT_SURE,YES,YES,YES,NOT_SURE,NOT_SURE,YES,YES,NO,SOMETIMES,NO,NO,YES,SOMETIMES,SOMETIMES,NOT_SURE,84,CRITICAL,63,100,66,89,100,80,97,69,89,70,NOT_SURE,NOT_SURE,FRIENDS,NOT_SURE,YES,YES,YES,YES,YES,YES,YES,NOT_SURE,NOT_SURE,NOT_SURE,NOT_SURE,YES,NOT_SURE,NOT_SURE,YES,YES,YES,YES,YES,NO,YES,YES,NO,NOT_SURE,NO,NO,YES,NO,NO,NOT_SURE,NO,NO,SOMETIMES,NO,NOT_SURE,NOT_SURE,YES,SOMETIMES,YES,YES,YES,NO,SOMETIMES,SOMETIMES,NO,NOT_SURE,NO
SYN-0439,FRIENDS,NOT_SURE,NO,NO,NOT_SURE,NOT_SURE,NOT_SURE,NOT_SURE,FRIENDS,NOT_SURE,SOMETIMES,NO,SOMETIMES,SOMETIMES,SOMETIMES,SOMETIMES,NO,NO,YES,SOMETIMES,43,HIGH,57,43,50,54,16,57,46,38,25,43,FRIENDS,SOMETIMES,FRIENDS,YES,NOT_SURE,NO,NO,NOT_SURE,NOT_SURE,NOT_SURE,NOT_SURE,SOMETIMES,NOT_SURE,SOMETIMES,NOT_SURE,SOMETIMES,NO,FRIENDS,NOT_SURE,SOMETIMES,NOT_SURE,NO,NO,SOMETIMES,NOT_SURE,SOMETIMES,SOMETIMES,SOMETIMES,YES,SOMETIMES,NO,NOT_SURE,SOMETIMES,NOT_SURE,NOT_SURE,NOT_SURE,SOMETIMES,SOMETIMES,YES,SOMETIMES,SOMETIMES,NO,SOMETIMES,NO,SOMETIMES,YES,YES,NOT_SURE,NOT_SURE,SOMETIMES,NOT_SURE
SYN-0440,NOT_SURE,YES,YES,YES,NOT_SURE,YES,YES,NOT_SURE,FRIENDS,NOT_SURE,NOT_SURE,NOT_SURE,SOMETIMES,NO,NO,SOMETIMES,YES,YES,NO,SOMETIMES,75,CRITICAL,83,97,68,25,71,59,87,70,83,86,NOT_SURE,YES,NOT_SURE,YES,YES,YES,YES,YES,YES,YES,NOT_SURE,YES,NOT_SURE,SOMETIMES,NOT_SURE,NOT_SURE,NOT_SURE,FRIENDS,NO,NO,SOMETIMES,NOT_SURE,NOT_SURE,NO,YES,SOMETIMES,SOMETIMES,NOT_SURE,YES,NO,YES,NO,SOMETIMES,NO,SOMETIMES,NOT_SURE,NO,SOMETIMES,SOMETIMES,NOT_SURE,YES,YES,NOT_SURE,NOT_SURE,YES,NO,NO,YES,NO,SOMETIMES,NO
SYN-0441,NOT_SURE,NOT_SURE,NOT_SURE,YES,YES,NOT_SURE,YES,NOT_SURE,FRIENDS,SOMETIMES,NOT_SURE,SOMETIMES,NOT_SURE,NOT_SURE,SOMETIMES,NOT_SURE,NOT_SURE,YES,NOT_SURE,NOT_SURE,70,HIGH,76,77,71,71,53,73,55,81,74,79,NOT_SURE,YES,NOT_SURE,SOMETIMES,NOT_SURE,NOT_SURE,YES,YES,NOT_SURE,YES,NOT_SURE,NOT_SURE,SOMETIMES,NOT_SURE,YES,NOT_SURE,YES,FRIENDS,NOT_SURE,YES,YES,SOMETIMES,NOT_SURE,SOMETIMES,SOMETIMES,SOMETIMES,NOT_SURE,YES,YES,SOMETIMES,NOT_SURE,NOT_SURE,NOT_SURE,NOT_SURE,YES,SOMETIMES,NOT_SURE,NO,NOT_SURE,YES,SOMETIMES,YES,NOT_SURE,YES,NOT_SURE,NOT_SURE,NOT_SURE,YES,NOT_SURE,NOT_SURE,NO
SYN-0442,PUBLIC,NOT_SURE,NOT_SURE,NOT_SURE,YES,NOT_SURE,YES,NOT_SURE,FRIENDS,YES,NOT_SURE,YES,NOT_SURE,NOT_SURE,NOT_SURE,SOMETIMES,NOT_SURE,SOMETIMES,NOT_SURE,SOMETIMES,70,HIGH,74,63,94,64,76,66,60,76,57,59,PUBLIC,NOT_SURE,FRIENDS,SOMETIMES,NOT_SURE,NOT_SURE,NOT_SURE,NOT_SURE,NOT_SURE,YES,NOT_SURE,YES,YES,YES,YES,NOT_SURE,YES,FRIENDS,YES,SOMETIMES,NOT_SURE,YES,NOT_SURE,SOMETIMES,NOT_SURE,SOMETIMES,NOT_SURE,SOMETIMES,YES,NOT_SURE,NOT_SURE,NOT_SURE,SOMETIMES,SOMETIMES,SOMETIMES,SOMETIMES,NOT_SURE,NO,NOT_SURE,NOT_SURE,SOMETIMES,SOMETIMES,SOMETIMES,YES,SOMETIMES,SOMETIMES,NOT_SURE,SOMETIMES,SOMETIMES,SOMETIMES,NOT_SURE
SYN-0443,FRIENDS,NO,NO,NOT_SURE,NOT_SURE,NOT_SURE,NOT_SURE,NOT_SURE,PRIVATE,SOMETIMES,NO,SOMETIMES,YES,NOT_SURE,YES,SOMETIMES,NO,SOMETIMES,NO,NO,45,HIGH,60,39,45,30,53,14,23,64,69,86,FRIENDS,SOMETIMES,NOT_SURE,YES,NO,NO,NOT_SURE,NOT_SURE,NOT_SURE,NOT_SURE,NOT_SURE,SOMETIMES,SOMETIMES,SOMETIMES,NOT_SURE,NO,SOMETIMES,PRIVATE,NOT_SURE,NOT_SURE,NO,SOMETIMES,NOT_SURE,SOMETIMES,SOMETIMES,SOMETIMES,YES,NO,NO,YES,NO,YES,SOMETIMES,NOT_SURE,SOMETIMES,SOMETIMES,NOT_SURE,NOT_SURE,SOMETIMES,NOT_SURE,YES,SOMETIMES,NOT_SURE,NOT_SURE,SOMETIMES,NO,NO,SOMETIMES,SOMETIMES,NO,NO
SYN-0444,FRIENDS,NOT_SURE,NOT_SURE,YES,YES,NOT_SURE,NOT_SURE,YES,NOT_SURE,YES,NOT_SURE,YES,SOMETIMES,SOMETIMES,NO,NOT_SURE,YES,NOT_SURE,NOT_SURE,NO,78,CRITICAL,79,69,94,76,90,59,86,61,61,84,FRIENDS,YES,PUBLIC,YES,NOT_SURE,NOT_SURE,YES,NOT_SURE,NOT_SURE,NOT_SURE,YES,YES,YES,YES,YES,NOT_SURE,YES,NOT_SURE,SOMETIMES,YES,YES,YES,YES,NOT_SURE,NOT_SURE,SOMETIMES,SOMETIMES,NOT_SURE,YES,NO,YES,NOT_SURE,NOT_SURE,SOMETIMES,NO,NOT_SURE,SOMETIMES,SOMETIMES,NOT_SURE,YES,SOMETIMES,NOT_SURE,SOMETIMES,NOT_SURE,NOT_SURE,NO,NOT_SURE,SOMETIMES,NO,NO,NO
SYN-0445,FRIENDS,YES,YES,YES,YES,NOT_SURE,YES,YES,NOT_SURE,NOT_SURE,YES,YES,NOT_SURE,SOMETIMES,NOT_SURE,NO,YES,NOT_SURE,NO,NOT_SURE,83,CRITICAL,79,86,94,73,89,80,84,60,81,87,FRIENDS,YES,PUBLIC,YES,YES,YES,YES,NOT_SURE,NOT_SURE,YES,YES,YES,NOT_SURE,YES,YES,YES,YES,NOT_SURE,NOT_SURE,YES,SOMETIMES,YES,NOT_SURE,NO,YES,YES,NOT_SURE,YES,SOMETIMES,NOT_SURE,YES,NOT_SURE,NO,NO,NOT_SURE,NOT_SURE,SOMETIMES,NOT_SURE,NOT_SURE,SOMETIMES,YES,NOT_SURE,YES,YES,NOT_SURE,SOMETIMES,NO,YES,NO,NOT_SURE,NOT_SURE
SYN-0446,PUBLIC,YES,YES,YES,NOT_SURE,NOT_SURE,YES,NOT_SURE,NOT_SURE,NOT_SURE,YES,SOMETIMES,NOT_SURE,NOT_SURE,SOMETIMES,YES,NO,SOMETIMES,NO,NOT_SURE,61,HIGH,74,83,77,39,54,61,28,76,52,73,PUBLIC,SOMETIMES,NOT_SURE,SOMETIMES,YES,YES,YES,NOT_SURE,NOT_SURE,YES,NOT_SURE,YES,NOT_SURE,SOMETIMES,NOT_SURE,YES,YES,NOT_SURE,NO,NO,YES,SOMETIMES,NOT_SURE,SOMETIMES,NOT_SURE,NOT_SURE,NOT_SURE,SOMETIMES,SOMETIMES,SOMETIMES,NO,YES,YES,SOMETIMES,SOMETIMES,SOMETIMES,NOT_SURE,SOMETIMES,NO,YES,SOMETIMES,SOMETIMES,SOMETIMES,NOT_SURE,NOT_SURE,SOMETIMES,NO,SOMETIMES,SOMETIMES,NOT_SURE,NOT_SURE
SYN-0447,PRIVATE,NO,NO,NO,NOT_SURE,NO,NO,NO,FRIENDS,YES,NOT_SURE,SOMETIMES,YES,SOMETIMES,SOMETIMES,NOT_SURE,SOMETIMES,SOMETIMES,YES,YES,34,MODERATE,0,0,69,54,54,7,40,44,42,7,PRIVATE,NO,PRIVATE,NO,NO,NO,NO,NO,NO,NO,NO,SOMETIMES,YES,YES,NOT_SURE,NOT_SURE,SOMETIMES,FRIENDS,NOT_SURE,SOMETIMES,NOT_SURE,SOMETIMES,NOT_SURE,SOMETIMES,NOT_SURE,NO,YES,SOMETIMES,NO,SOMETIMES,SOMETIMES,YES,NOT_SURE,YES,SOMETIMES,YES,SOMETIMES,SOMETIMES,SOMETIMES,NO,NOT_SURE,SOMETIMES,NO,NOT_SURE,NOT_SURE,NOT_SURE,YES,SOMETIMES,YES,YES,YES
SYN-0448,FRIENDS,NO,NO,NO,YES,NO,NOT_SURE,NO,PRIVATE,NOT_SURE,NOT_SURE,NO,SOMETIMES,YES,SOMETIMES,YES,NOT_SURE,NOT_SURE,SOMETIMES,YES,28,MODERATE,21,4,76,13,14,36,32,0,42,14,FRIENDS,NO,PRIVATE,NO,NO,NO,NO,NO,NO,NOT_SURE,NO,YES,NOT_SURE,SOMETIMES,YES,NOT_SURE,SOMETIMES,PRIVATE,SOMETIMES,NO,NO,NO,NO,SOMETIMES,SOMETIMES,SOMETIMES,SOMETIMES,NO,NO,SOMETIMES,NOT_SURE,YES,YES,YES,SOMETIMES,YES,YES,YES,YES,NO,NOT_SURE,NOT_SURE,NOT_SURE,NO,SOMETIMES,YES,SOMETIMES,NO,YES,YES,YES
SYN-0449,PUBLIC,NOT_SURE,NOT_SURE,NOT_SURE,YES,NOT_SURE,YES,NO,FRIENDS,NOT_SURE,SOMETIMES,SOMETIMES,SOMETIMES,SOMETIMES,NO,SOMETIMES,YES,SOMETIMES,SOMETIMES,NOT_SURE,63,HIGH,71,59,77,54,46,66,77,51,45,69,PUBLIC,SOMETIMES,FRIENDS,SOMETIMES,NOT_SURE,NOT_SURE,NOT_SURE,NOT_SURE,NOT_SURE,YES,NO,YES,NOT_SURE,NOT_SURE,YES,SOMETIMES,NOT_SURE,FRIENDS,SOMETIMES,NOT_SURE,NOT_SURE,SOMETIMES,NOT_SURE,YES,SOMETIMES,YES,SOMETIMES,NOT_SURE,SOMETIMES,NO,YES,NOT_SURE,SOMETIMES,NOT_SURE,NOT_SURE,YES,SOMETIMES,SOMETIMES,SOMETIMES,NOT_SURE,SOMETIMES,SOMETIMES,NOT_SURE,NO,NO,NOT_SURE,SOMETIMES,YES,NOT_SURE,NOT_SURE,NOT_SURE
SYN-0450,PUBLIC,NOT_SURE,YES,NOT_SURE,YES,YES,YES,YES,PUBLIC,YES,YES,YES,SOMETIMES,NOT_SURE,NO,NO,YES,YES,NOT_SURE,NOT_SURE,89,CRITICAL,94,86,83,90,93,71,98,74,100,76,PUBLIC,YES,PUBLIC,NOT_SURE,NOT_SURE,YES,NOT_SURE,YES,YES,YES,YES,NOT_SURE,YES,SOMETIMES,YES,YES,YES,PUBLIC,YES,NOT_SURE,YES,YES,YES,NO,SOMETIMES,YES,SOMETIMES,YES,SOMETIMES,NO,YES,NOT_SURE,NO,NO,NO,NO,NOT_SURE,NOT_SURE,NOT_SURE,YES,YES,YES,YES,YES,YES,NO,NOT_SURE,YES,NO,NOT_SURE,SOMETIMES
SYN-0451,FRIENDS,NOT_SURE,NO,NOT_SURE,NOT_SURE,NOT_SURE,NOT_SURE,NOT_SURE,NOT_SURE,NO,NO,SOMETIMES,NOT_SURE,YES,YES,SOMETIMES,NOT_SURE,SOMETIMES,YES,YES,41,HIGH,31,39,41,59,47,39,43,33,53,7,FRIENDS,NO,NOT_SURE,NO,NOT_SURE,NO,NOT_SURE,NO,NOT_SURE,NOT_SURE,NOT_SURE,NOT_SURE,NO,NOT_SURE,NOT_SURE,NO,SOMETIMES,NOT_SURE,SOMETIMES,SOMETIMES,NOT_SURE,SOMETIMES,NOT_SURE,YES,NOT_SURE,NO,NOT_SURE,NO,NOT_SURE,YES,NOT_SURE,NOT_SURE,SOMETIMES,NOT_SURE,SOMETIMES,NOT_SURE,YES,SOMETIMES,SOMETIMES,NOT_SURE,SOMETIMES,SOMETIMES,SOMETIMES,SOMETIMES,SOMETIMES,NOT_SURE,YES,NO,SOMETIMES,YES,YES
SYN-0452,NOT_SURE,NOT_SURE,NOT_SURE,NOT_SURE,NOT_SURE,NOT_SURE,NOT_SURE,NOT_SURE,NOT_SURE,NOT_SURE,SOMETIMES,NOT_SURE,NOT_SURE,SOMETIMES,SOMETIMES,NOT_SURE,SOMETIMES,NOT_SURE,SOMETIMES,NOT_SURE,60,HIGH,74,60,54,60,50,53,54,60,73,67,NOT_SURE,YES,FRIENDS,NOT_SURE,NOT_SURE,NOT_SURE,NOT_SURE,NOT_SURE,NOT_SURE,NOT_SURE,NOT_SURE,SOMETIMES,NOT_SURE,SOMETIMES,NOT_SURE,SOMETIMES,SOMETIMES,NOT_SURE,NOT_SURE,SOMETIMES,SOMETIMES,NOT_SURE,NOT_SURE,SOMETIMES,NO,SOMETIMES,NOT_SURE,NOT_SURE,NO,SOMETIMES,SOMETIMES,NOT_SURE,NOT_SURE,SOMETIMES,SOMETIMES,SOMETIMES,SOMETIMES,NOT_SURE,NOT_SURE,SOMETIMES,YES,NOT_SURE,SOMETIMES,YES,YES,NOT_SURE,SOMETIMES,NOT_SURE,NO,NOT_SURE,NOT_SURE
SYN-0453,PRIVATE,NOT_SURE,NOT_SURE,YES,YES,YES,YES,NOT_SURE,FRIENDS,YES,NOT_SURE,NO,SOMETIMES,NO,SOMETIMES,NOT_SURE,YES,SOMETIMES,SOMETIMES,SOMETIMES,66,HIGH,51,83,88,54,34,64,69,81,68,46,PRIVATE,YES,PUBLIC,NOT_SURE,NOT_SURE,NOT_SURE,YES,YES,YES,YES,NOT_SURE,YES,YES,NOT_SURE,YES,NOT_SURE,YES,FRIENDS,NOT_SURE,SOMETIMES,NOT_SURE,NO,NOT_SURE,NOT_SURE,SOMETIMES,SOMETIMES,SOMETIMES,YES,YES,SOMETIMES,YES,NOT_SURE,NOT_SURE,SOMETIMES,SOMETIMES,NO,NO,SOMETIMES,NO,SOMETIMES,NOT_SURE,SOMETIMES,NOT_SURE,YES,YES,NOT_SURE,SOMETIMES,NO,SOMETIMES,SOMETIMES,NOT_SURE
SYN-0454,FRIENDS,NOT_SURE,NO,NOT_SURE,NOT_SURE,YES,NOT_SURE,NOT_SURE,FRIENDS,SOMETIMES,SOMETIMES,SOMETIMES,NOT_SURE,SOMETIMES,SOMETIMES,NO,NOT_SURE,SOMETIMES,NOT_SURE,NO,59,HIGH,53,57,56,59,56,61,60,56,64,71,FRIENDS,SOMETIMES,NOT_SURE,SOMETIMES,NOT_SURE,NO,NOT_SURE,NOT_SURE,YES,NOT_SURE,NOT_SURE,NOT_SURE,SOMETIMES,NOT_SURE,NOT_SURE,SOMETIMES,SOMETIMES,FRIENDS,SOMETIMES,NOT_SURE,YES,SOMETIMES,NOT_SURE,NOT_SURE,SOMETIMES,SOMETIMES,NOT_SURE,NOT_SURE,NOT_SURE,SOMETIMES,NOT_SURE,SOMETIMES,NO,SOMETIMES,SOMETIMES,SOMETIMES,SOMETIMES,SOMETIMES,SOMETIMES,YES,SOMETIMES,SOMETIMES,YES,SOMETIMES,SOMETIMES,SOMETIMES,NOT_SURE,NOT_SURE,SOMETIMES,NO,SOMETIMES
SYN-0455,PRIVATE,NOT_SURE,NO,NO,NOT_SURE,NOT_SURE,NOT_SURE,NOT_SURE,PRIVATE,NOT_SURE,NO,NO,NOT_SURE,NOT_SURE,YES,NOT_SURE,NO,NO,NOT_SURE,SOMETIMES,31,MODERATE,31,30,50,19,7,44,18,50,28,60,PRIVATE,NOT_SURE,FRIENDS,SOMETIMES,NOT_SURE,NO,NO,NO,NOT_SURE,NOT_SURE,NOT_SURE,NOT_SURE,NOT_SURE,NOT_SURE,NOT_SURE,NO,SOMETIMES,PRIVATE,SOMETIMES,NO,SOMETIMES,NO,NO,SOMETIMES,NO,SOMETIMES,NOT_SURE,NO,NO,YES,NO,SOMETIMES,NOT_SURE,YES,SOMETIMES,YES,NOT_SURE,NOT_SURE,YES,SOMETIMES,SOMETIMES,NO,NOT_SURE,NO,SOMETIMES,YES,NOT_SURE,NOT_SURE,NOT_SURE,SOMETIMES,SOMETIMES
SYN-0456,PUBLIC,NOT_SURE,NOT_SURE,YES,NOT_SURE,NOT_SURE,YES,NOT_SURE,NOT_SURE,SOMETIMES,NOT_SURE,YES,NOT_SURE,NOT_SURE,NO,NO,YES,SOMETIMES,NO,NOT_SURE,78,CRITICAL,89,77,68,84,67,81,89,75,70,79,PUBLIC,NOT_SURE,PUBLIC,YES,NOT_SURE,NOT_SURE,YES,YES,NOT_SURE,YES,NOT_SURE,NOT_SURE,SOMETIMES,YES,NOT_SURE,NOT_SURE,YES,NOT_SURE,YES,YES,NOT_SURE,YES,NO,NOT_SURE,YES,YES,NOT_SURE,YES,NOT_SURE,NO,YES,NOT_SURE,NO,NOT_SURE,NOT_SURE,SOMETIMES,NOT_SURE,NO,NOT_SURE,SOMETIMES,YES,SOMETIMES,NOT_SURE,YES,SOMETIMES,NOT_SURE,NO,NOT_SURE,NO,NOT_SURE,SOMETIMES
SYN-0457,FRIENDS,NO,NOT_SURE,NO,NOT_SURE,NO,NO,NO,FRIENDS,SOMETIMES,NO,YES,NO,SOMETIMES,YES,NOT_SURE,NO,NOT_SURE,NOT_SURE,SOMETIMES,47,HIGH,44,21,45,65,76,89,19,50,64,49,FRIENDS,SOMETIMES,PRIVATE,NOT_SURE,NO,NOT_SURE,NO,NOT_SURE,NO,NO,NO,SOMETIMES,SOMETIMES,SOMETIMES,NOT_SURE,NO,NOT_SURE,FRIENDS,NOT_SURE,YES,SOMETIMES,YES,NOT_SURE,SOMETIMES,NOT_SURE,NOT_SURE,NO,YES,YES,YES,NO,YES,NOT_SURE,YES,SOMETIMES,NOT_SURE,SOMETIMES,YES,NO,SOMETIMES,YES,NOT_SURE,NOT_SURE,NOT_SURE,SOMETIMES,SOMETIMES,NOT_SURE,SOMETIMES,SOMETIMES,SOMETIMES,YES
SYN-0458,PUBLIC,NOT_SURE,NOT_SURE,NOT_SURE,NOT_SURE,YES,NO,YES,NOT_SURE,NOT_SURE,NOT_SURE,YES,SOMETIMES,SOMETIMES,NOT_SURE,NOT_SURE,NOT_SURE,SOMETIMES,SOMETIMES,SOMETIMES,58,HIGH,64,64,45,66,87,54,57,31,44,43,PUBLIC,SOMETIMES,FRIENDS,NO,NOT_SURE,NOT_SURE,NOT_SURE,NOT_SURE,YES,NO,YES,NO,NOT_SURE,SOMETIMES,NOT_SURE,NOT_SURE,NOT_SURE,NOT_SURE,SOMETIMES,NOT_SURE,YES,YES,YES,SOMETIMES,NOT_SURE,NOT_SURE,SOMETIMES,NOT_SURE,SOMETIMES,NOT_SURE,NOT_SURE,NOT_SURE,NOT_SURE,YES,SOMETIMES,SOMETIMES,SOMETIMES,YES,SOMETIMES,NO,NOT_SURE,SOMETIMES,SOMETIMES,SOMETIMES,SOMETIMES,YES,SOMETIMES,SOMETIMES,SOMETIMES,SOMETIMES,YES
SYN-0459,NOT_SURE,NO,NO,NOT_SURE,NOT_SURE,NOT_SURE,NO,NO,PRIVATE,NO,NO,NO,YES,SOMETIMES,SOMETIMES,YES,SOMETIMES,NO,YES,YES,26,MODERATE,54,17,33,8,9,30,37,36,19,17,NOT_SURE,SOMETIMES,NOT_SURE,NO,NO,NO,NOT_SURE,NO,NOT_SURE,NO,NO,SOMETIMES,NO,SOMETIMES,NOT_SURE,NO,NO,PRIVATE,NO,NO,NOT_SURE,NO,NO,YES,NOT_SURE,SOMETIMES,YES,SOMETIMES,NOT_SURE,SOMETIMES,SOMETIMES,YES,YES,SOMETIMES,YES,NOT_SURE,SOMETIMES,YES,NOT_SURE,NO,NOT_SURE,NO,NO,SOMETIMES,SOMETIMES,YES,YES,NO,SOMETIMES,YES,NOT_SURE
SYN-0460,NOT_SURE,NO,NOT_SURE,NO,NO,NO,NOT_SURE,NOT_SURE,PRIVATE,SOMETIMES,NO,NO,SOMETIMES,YES,SOMETIMES,YES,SOMETIMES,NOT_SURE,SOMETIMES,SOMETIMES,27,MODERATE,60,17,8,6,36,54,30,35,13,57,NOT_SURE,SOMETIMES,FRIENDS,NOT_SURE,NO,NOT_SURE,NO,NO,NO,NOT_SURE,NOT_SURE,NO,SOMETIMES,NO,NO,NO,NO,PRIVATE,NO,NO,SOMETIMES,NO,YES,YES,SOMETIMES,NOT_SURE,SOMETIMES,SOMETIMES,NOT_SURE,SOMETIMES,SOMETIMES,SOMETIMES,YES,YES,YES,YES,YES,NOT_SURE,NOT_SURE,NO,NO,NOT_SURE,NO,NO,NO,YES,SOMETIMES,NOT_SURE,NOT_SURE,SOMETIMES,NOT_SURE
SYN-0461,NOT_SURE,YES,YES,NOT_SURE,NOT_SURE,NOT_SURE,YES,YES,PUBLIC,YES,SOMETIMES,YES,SOMETIMES,NO,SOMETIMES,NOT_SURE,YES,YES,NOT_SURE,SOMETIMES,74,CRITICAL,59,80,65,85,83,54,69,93,82,73,NOT_SURE,SOMETIMES,FRIENDS,SOMETIMES,YES,YES,NOT_SURE,NOT_SURE,NOT_SURE,YES,YES,NOT_SURE,YES,NOT_SURE,NOT_SURE,SOMETIMES,NOT_SURE,PUBLIC,NOT_SURE,YES,NOT_SURE,YES,NOT_SURE,NO,NOT_SURE,NOT_SURE,SOMETIMES,SOMETIMES,NOT_SURE,SOMETIMES,YES,SOMETIMES,NOT_SURE,SOMETIMES,NO,NOT_SURE,NO,NOT_SURE,NO,YES,YES,YES,SOMETIMES,YES,SOMETIMES,NO,NOT_SURE,YES,NO,SOMETIMES,NOT_SURE
SYN-0462,PRIVATE,NO,NO,NO,NOT_SURE,NO,NO,NO,PRIVATE,SOMETIMES,NOT_SURE,NOT_SURE,NOT_SURE,SOMETIMES,YES,YES,NO,NO,YES,YES,18,LOW,7,0,31,13,33,60,4,31,34,0,PRIVATE,NO,FRIENDS,NO,NO,NO,NO,NO,NO,NO,NO,NO,SOMETIMES,NO,NOT_SURE,NOT_SURE,NO,PRIVATE,NO,SOMETIMES,NO,NOT_SURE,NO,YES,SOMETIMES,SOMETIMES,NOT_SURE,NOT_SURE,SOMETIMES,YES,NO,YES,YES,YES,SOMETIMES,YES,SOMETIMES,YES,SOMETIMES,NO,NOT_SURE,NO,NOT_SURE,NOT_SURE,NO,YES,YES,NO,YES,YES,YES
SYN-0463,PRIVATE,NOT_SURE,NOT_SURE,YES,NO,NOT_SURE,NOT_SURE,NOT_SURE,PUBLIC,SOMETIMES,SOMETIMES,NO,NOT_SURE,SOMETIMES,NOT_SURE,SOMETIMES,NOT_SURE,SOMETIMES,NO,NOT_SURE,48,HIGH,31,74,15,59,33,67,54,44,60,57,PRIVATE,SOMETIMES,NOT_SURE,SOMETIMES,NOT_SURE,NOT_SURE,YES,YES,NOT_SURE,NOT_SURE,NOT_SURE,NO,SOMETIMES,NO,NO,SOMETIMES,NO,PUBLIC,NO,NOT_SURE,SOMETIMES,NO,NOT_SURE,SOMETIMES,NOT_SURE,SOMETIMES,NOT_SURE,YES,NOT_SURE,NOT_SURE,NOT_SURE,SOMETIMES,SOMETIMES,YES,NOT_SURE,SOMETIMES,SOMETIMES,NOT_SURE,YES,NOT_SURE,YES,SOMETIMES,NOT_SURE,SOMETIMES,SOMETIMES,SOMETIMES,NO,NOT_SURE,YES,NOT_SURE,YES
SYN-0464,NOT_SURE,NOT_SURE,NO,NOT_SURE,NOT_SURE,NOT_SURE,NOT_SURE,NOT_SURE,PRIVATE,NO,SOMETIMES,NO,YES,YES,YES,YES,SOMETIMES,SOMETIMES,YES,SOMETIMES,29,MODERATE,54,39,33,0,17,31,19,19,46,21,NOT_SURE,SOMETIMES,NOT_SURE,NO,NOT_SURE,NO,NOT_SURE,NO,NOT_SURE,NOT_SURE,NOT_SURE,SOMETIMES,NO,NO,NOT_SURE,SOMETIMES,NO,PRIVATE,NO,NO,NO,NO,NOT_SURE,YES,NO,SOMETIMES,YES,NOT_SURE,NOT_SURE,YES,SOMETIMES,YES,YES,NOT_SURE,YES,YES,YES,YES,SOMETIMES,SOMETIMES,SOMETIMES,SOMETIMES,SOMETIMES,NO,SOMETIMES,NOT_SURE,YES,NO,SOMETIMES,SOMETIMES,YES
SYN-0465,PRIVATE,NO,NO,NO,NO,NOT_SURE,NO,NO,FRIENDS,NOT_SURE,NO,SOMETIMES,YES,YES,SOMETIMES,YES,NO,NOT_SURE,YES,SOMETIMES,23,MODERATE,0,9,9,46,39,7,19,36,59,30,PRIVATE,NO,PRIVATE,NO,NO,NO,NO,NO,NOT_SURE,NO,NO,NO,NOT_SURE,NO,NO,NO,NO,FRIENDS,SOMETIMES,NOT_SURE,NO,SOMETIMES,NOT_SURE,YES,NO,NO,YES,SOMETIMES,NO,SOMETIMES,NO,YES,YES,YES,SOMETIMES,YES,YES,SOMETIMES,NOT_SURE,SOMETIMES,SOMETIMES,NOT_SURE,NOT_SURE,SOMETIMES,NOT_SURE,NOT_SURE,YES,NOT_SURE,SOMETIMES,SOMETIMES,YES
SYN-0466,PUBLIC,YES,NOT_SURE,YES,NOT_SURE,NOT_SURE,NO,NOT_SURE,NOT_SURE,YES,NOT_SURE,NOT_SURE,SOMETIMES,NOT_SURE,NO,NO,SOMETIMES,YES,SOMETIMES,NOT_SURE,73,CRITICAL,74,70,52,84,83,37,80,81,96,66,PUBLIC,NOT_SURE,FRIENDS,SOMETIMES,YES,NOT_SURE,YES,NOT_SURE,NOT_SURE,NO,NOT_SURE,NO,YES,NOT_SURE,NOT_SURE,NOT_SURE,NOT_SURE,NOT_SURE,YES,YES,NOT_SURE,NOT_SURE,YES,NO,YES,NO,SOMETIMES,SOMETIMES,NOT_SURE,NO,SOMETIMES,NOT_SURE,NO,NOT_SURE,SOMETIMES,NO,NOT_SURE,NO,NOT_SURE,YES,YES,YES,YES,YES,SOMETIMES,NO,SOMETIMES,YES,SOMETIMES,NOT_SURE,NOT_SURE
SYN-0467,PRIVATE,NOT_SURE,NOT_SURE,NOT_SURE,NOT_SURE,NO,NOT_SURE,NOT_SURE,PRIVATE,SOMETIMES,NO,SOMETIMES,SOMETIMES,YES,YES,YES,NOT_SURE,NO,YES,YES,30,MODERATE,14,39,40,40,53,30,17,25,14,7,PRIVATE,NO,FRIENDS,SOMETIMES,NOT_SURE,NOT_SURE,NOT_SURE,NO,NO,NOT_SURE,NOT_SURE,NOT_SURE,SOMETIMES,NO,NOT_SURE,NO,NOT_SURE,PRIVATE,NOT_SURE,YES,NO,SOMETIMES,NOT_SURE,SOMETIMES,SOMETIMES,NO,SOMETIMES,NOT_SURE,NO,YES,NOT_SURE,YES,YES,YES,YES,SOMETIMES,YES,NOT_SURE,YES,NOT_SURE,NO,NO,NO,NO,SOMETIMES,NOT_SURE,YES,NO,SOMETIMES,YES,YES
SYN-0468,PRIVATE,NOT_SURE,YES,YES,NOT_SURE,YES,YES,NOT_SURE,PUBLIC,YES,YES,YES,NO,NO,SOMETIMES,NO,SOMETIMES,NOT_SURE,NO,NOT_SURE,80,CRITICAL,29,89,91,94,79,100,66,95,88,87,PRIVATE,SOMETIMES,FRIENDS,SOMETIMES,NOT_SURE,YES,YES,YES,YES,YES,NOT_SURE,YES,YES,YES,NOT_SURE,YES,YES,PUBLIC,YES,YES,SOMETIMES,YES,NOT_SURE,NOT_SURE,NOT_SURE,YES,NO,YES,YES,SOMETIMES,SOMETIMES,NO,NO,NOT_SURE,NOT_SURE,NOT_SURE,NO,NO,NO,NOT_SURE,YES,NOT_SURE,YES,YES,SOMETIMES,NO,NO,YES,NO,NOT_SURE,NOT_SURE
SYN-0469,FRIENDS,NO,NO,NO,NO,NO,NO,NOT_SURE,PRIVATE,SOMETIMES,NO,NO,YES,YES,YES,SOMETIMES,NO,SOMETIMES,SOMETIMES,SOMETIMES,19,LOW,44,4,29,0,0,23,11,0,46,46,FRIENDS,SOMETIMES,PRIVATE,NOT_SURE,NO,NO,NO,NO,NO,NO,NOT_SURE,NOT_SURE,SOMETIMES,SOMETIMES,NO,NO,NO,PRIVATE,NO,NO,NO,NO,NO,YES,NO,SOMETIMES,YES,NO,NOT_SURE,YES,NO,YES,SOMETIMES,YES,YES,SOMETIMES,YES,YES,YES,NO,SOMETIMES,SOMETIMES,SOMETIMES,NO,SOMETIMES,NOT_SURE,SOMETIMES,SOMETIMES,NOT_SURE,SOMETIMES,YES
SYN-0470,FRIENDS,NOT_SURE,YES,NOT_SURE,YES,YES,YES,NO,NOT_SURE,YES,SOMETIMES,SOMETIMES,NOT_SURE,NOT_SURE,NO,NOT_SURE,SOMETIMES,SOMETIMES,NOT_SURE,SOMETIMES,63,HIGH,51,79,75,60,39,70,70,63,56,49,FRIENDS,SOMETIMES,FRIENDS,NOT_SURE,NOT_SURE,YES,NOT_SURE,YES,YES,YES,NO,NOT_SURE,YES,YES,YES,SOMETIMES,NO,NOT_SURE,SOMETIMES,NOT_SURE,SOMETIMES,SOMETIMES,NOT_SURE,YES,NO,NOT_SURE,NOT_SURE,YES,NOT_SURE,NO,SOMETIMES,SOMETIMES,NOT_SURE,NOT_SURE,SOMETIMES,SOMETIMES,NOT_SURE,NOT_SURE,SOMETIMES,SOMETIMES,SOMETIMES,SOMETIMES,NOT_SURE,SOMETIMES,SOMETIMES,NOT_SURE,NOT_SURE,SOMETIMES,SOMETIMES,SOMETIMES,YES
SYN-0471,PRIVATE,NO,NOT_SURE,NO,NO,NOT_SURE,NO,NO,FRIENDS,NO,SOMETIMES,NO,SOMETIMES,SOMETIMES,SOMETIMES,YES,SOMETIMES,SOMETIMES,YES,YES,28,MODERATE,10,17,27,61,14,46,39,19,35,14,PRIVATE,NO,NOT_SURE,NO,NO,NOT_SURE,NO,NO,NOT_SURE,NO,NO,SOMETIMES,NO,SOMETIMES,NO,SOMETIMES,NO,FRIENDS,NOT_SURE,NOT_SURE,YES,NO,NO,SOMETIMES,SOMETIMES,NOT_SURE,SOMETIMES,NO,SOMETIMES,SOMETIMES,SOMETIMES,SOMETIMES,YES,SOMETIMES,YES,SOMETIMES,SOMETIMES,YES,YES,NO,SOMETIMES,SOMETIMES,NO,SOMETIMES,NO,NOT_SURE,YES,SOMETIMES,SOMETIMES,YES,YES
SYN-0472,FRIENDS,NO,NOT_SURE,NO,NO,NO,NO,NO,FRIENDS,SOMETIMES,NO,NO,YES,SOMETIMES,YES,YES,NO,NO,NOT_SURE,YES,18,LOW,46,9,15,40,0,7,5,38,11,41,FRIENDS,NOT_SURE,PRIVATE,SOMETIMES,NO,NOT_SURE,NO,NO,NO,NO,NO,NO,SOMETIMES,SOMETIMES,NO,NO,NO,FRIENDS,NO,NOT_SURE,SOMETIMES,NO,NO,YES,NO,NO,YES,NO,SOMETIMES,YES,NO,YES,YES,YES,NOT_SURE,YES,SOMETIMES,YES,SOMETIMES,SOMETIMES,NO,NO,NO,SOMETIMES,SOMETIMES,YES,NOT_SURE,SOMETIMES,SOMETIMES,YES,SOMETIMES
SYN-0473,NOT_SURE,NOT_SURE,NO,NO,NOT_SURE,NOT_SURE,NOT_SURE,NO,FRIENDS,SOMETIMES,SOMETIMES,NOT_SURE,SOMETIMES,NOT_SURE,SOMETIMES,YES,NO,SOMETIMES,YES,YES,45,HIGH,59,39,54,53,57,43,29,57,36,21,NOT_SURE,SOMETIMES,FRIENDS,SOMETIMES,NOT_SURE,NO,NO,NOT_SURE,NOT_SURE,NOT_SURE,NO,SOMETIMES,SOMETIMES,NOT_SURE,NOT_SURE,SOMETIMES,SOMETIMES,FRIENDS,SOMETIMES,NOT_SURE,SOMETIMES,NOT_SURE,NOT_SURE,SOMETIMES,SOMETIMES,SOMETIMES,SOMETIMES,NO,SOMETIMES,SOMETIMES,NO,YES,YES,SOMETIMES,NOT_SURE,SOMETIMES,NOT_SURE,SOMETIMES,SOMETIMES,SOMETIMES,SOMETIMES,SOMETIMES,NO,NOT_SURE,NO,NOT_SURE,YES,SOMETIMES,SOMETIMES,YES,SOMETIMES
SYN-0474,NOT_SURE,NOT_SURE,NOT_SURE,NO,NO,NOT_SURE,NO,NOT_SURE,NOT_SURE,SOMETIMES,SOMETIMES,SOMETIMES,SOMETIMES,NOT_SURE,NOT_SURE,SOMETIMES,NOT_SURE,YES,YES,YES,49,HIGH,53,47,15,73,49,43,54,56,84,20,NOT_SURE,NO,PUBLIC,NOT_SURE,NOT_SURE,NOT_SURE,NO,NOT_SURE,NOT_SURE,NO,NOT_SURE,NO,SOMETIMES,NO,NO,SOMETIMES,NO,NOT_SURE,NOT_SURE,YES,SOMETIMES,SOMETIMES,NOT_SURE,NOT_SURE,NO,SOMETIMES,SOMETIMES,SOMETIMES,NO,NOT_SURE,NOT_SURE,SOMETIMES,SOMETIMES,YES,NOT_SURE,SOMETIMES,NOT_SURE,NOT_SURE,SOMETIMES,NO,NOT_SURE,YES,YES,YES,SOMETIMES,SOMETIMES,YES,NO,NOT_SURE,YES,NOT_SURE
SYN-0475,PRIVATE,NO,NOT_SURE,NOT_SURE,NO,NOT_SURE,NO,NO,PRIVATE,NOT_SURE,NO,NOT_SURE,SOMETIMES,SOMETIMES,YES,YES,NOT_SURE,NOT_SURE,YES,YES,27,MODERATE,29,26,21,0,67,29,26,19,46,0,PRIVATE,SOMETIMES,FRIENDS,SOMETIMES,NO,NOT_SURE,NOT_SURE,NO,NOT_SURE,NO,NO,SOMETIMES,NOT_SURE,NO,NO,NO,NO,PRIVATE,NO,NO,NO,NOT_SURE,NOT_SURE,NOT_SURE,YES,NO,SOMETIMES,NO,SOMETIMES,YES,NOT_SURE,SOMETIMES,YES,SOMETIMES,SOMETIMES,YES,SOMETIMES,YES,YES,NO,SOMETIMES,NOT_SURE,SOMETIMES,SOMETIMES,NOT_SURE,YES,YES,NO,YES,YES,YES
SYN-0476,FRIENDS,NOT_SURE,YES,NOT_SURE,YES,NOT_SURE,NOT_SURE,NOT_SURE,NOT_SURE,YES,SOMETIMES,YES,NO,NO,NOT_SURE,NO,SOMETIMES,SOMETIMES,NO,NO,76,CRITICAL,51,74,82,83,79,93,76,93,66,91,FRIENDS,SOMETIMES,FRIENDS,NOT_SURE,NOT_SURE,YES,NOT_SURE,YES,NOT_SURE,NOT_SURE,NOT_SURE,YES,YES,SOMETIMES,YES,SOMETIMES,NOT_SURE,NOT_SURE,YES,YES,SOMETIMES,YES,NOT_SURE,NOT_SURE,NOT_SURE,YES,NO,SOMETIMES,YES,NOT_SURE,SOMETIMES,NOT_SURE,NO,NO,NO,NOT_SURE,NO,NOT_SURE,NO,YES,NOT_SURE,SOMETIMES,SOMETIMES,YES,NOT_SURE,NO,NO,YES,NOT_SURE,NO,NOT_SURE
SYN-0477,PRIVATE,YES,YES,NOT_SURE,NOT_SURE,NOT_SURE,NO,NO,FRIENDS,SOMETIMES,NOT_SURE,SOMETIMES,NOT_SURE,SOMETIMES,YES,YES,NOT_SURE,NOT_SURE,YES,YES,38,MODERATE,7,53,55,31,36,47,23,55,49,10,PRIVATE,NO,FRIENDS,NO,YES,YES,NOT_SURE,NO,NOT_SURE,NO,NO,SOMETIMES,SOMETIMES,NOT_SURE,NOT_SURE,NOT_SURE,SOMETIMES,FRIENDS,SOMETIMES,NO,NO,SOMETIMES,NO,SOMETIMES,SOMETIMES,NOT_SURE,NOT_SURE,NO,NO,YES,NOT_SURE,YES,YES,SOMETIMES,SOMETIMES,YES,SOMETIMES,SOMETIMES,NOT_SURE,SOMETIMES,NO,NOT_SURE,NOT_SURE,SOMETIMES,NOT_SURE,SOMETIMES,YES,NO,NOT_SURE,YES,YES
SYN-0478,PUBLIC,NO,NOT_SURE,NOT_SURE,YES,NOT_SURE,NOT_SURE,NOT_SURE,NOT_SURE,NOT_SURE,SOMETIMES,SOMETIMES,SOMETIMES,NOT_SURE,NOT_SURE,NOT_SURE,NOT_SURE,SOMETIMES,NOT_SURE,NOT_SURE,60,HIGH,71,47,68,59,57,46,63,71,51,76,PUBLIC,SOMETIMES,FRIENDS,SOMETIMES,NO,NOT_SURE,NOT_SURE,NOT_SURE,NOT_SURE,NOT_SURE,NOT_SURE,NOT_SURE,NOT_SURE,NOT_SURE,YES,SOMETIMES,NOT_SURE,NOT_SURE,SOMETIMES,SOMETIMES,NOT_SURE,SOMETIMES,NOT_SURE,NOT_SURE,NOT_SURE,NOT_SURE,SOMETIMES,NO,SOMETIMES,NOT_SURE,NOT_SURE,YES,NOT_SURE,NO,SOMETIMES,SOMETIMES,NOT_SURE,SOMETIMES,NO,NOT_SURE,NO,SOMETIMES,YES,SOMETIMES,NOT_SURE,YES,NOT_SURE,YES,NO,NOT_SURE,SOMETIMES
SYN-0479,NOT_SURE,NOT_SURE,NOT_SURE,NOT_SURE,NOT_SURE,NOT_SURE,NOT_SURE,NOT_SURE,PUBLIC,SOMETIMES,YES,NOT_SURE,NOT_SURE,NO,SOMETIMES,NOT_SURE,YES,YES,NO,NOT_SURE,74,CRITICAL,83,69,68,81,79,76,70,94,64,80,NOT_SURE,YES,NOT_SURE,YES,NOT_SURE,NOT_SURE,NOT_SURE,YES,NOT_SURE,NOT_SURE,NOT_SURE,SOMETIMES,SOMETIMES,YES,NOT_SURE,YES,NOT_SURE,PUBLIC,YES,SOMETIMES,SOMETIMES,NOT_SURE,YES,NOT_SURE,YES,YES,NOT_SURE,NOT_SURE,NOT_SURE,SOMETIMES,YES,NO,NOT_SURE,NOT_SURE,SOMETIMES,SOMETIMES,NO,NO,NO,SOMETIMES,SOMETIMES,YES,SOMETIMES,SOMETIMES,NOT_SURE,NOT_SURE,NO,YES,SOMETIMES,NOT_SURE,NOT_SURE
SYN-0480,PRIVATE,NO,NO,NOT_SURE,NO,NO,NO,NO,PRIVATE,NOT_SURE,NO,NO,YES,YES,YES,YES,SOMETIMES,NO,YES,YES,9,LOW,14,9,9,6,0,7,11,0,14,17,PRIVATE,SOMETIMES,PRIVATE,NO,NO,NO,NOT_SURE,NO,NO,NO,NO,NO,NOT_SURE,NO,NO,NO,NO,PRIVATE,NO,NO,SOMETIMES,NO,NO,YES,NO,NO,YES,SOMETIMES,NO,YES,SOMETIMES,YES,YES,YES,YES,YES,YES,YES,YES,NO,SOMETIMES,NO,NO,NO,NO,SOMETIMES,YES,SOMETIMES,NOT_SURE,YES,YES
SYN-0481,FRIENDS,YES,YES,NOT_SURE,NOT_SURE,NOT_SURE,YES,NOT_SURE,PUBLIC,NOT_SURE,NOT_SURE,SOMETIMES,SOMETIMES,NO,NOT_SURE,NO,NOT_SURE,YES,NO,NO,76,CRITICAL,71,86,65,70,79,61,76,75,84,100,FRIENDS,YES,FRIENDS,YES,YES,YES,NOT_SURE,YES,NOT_SURE,YES,NOT_SURE,NOT_SURE,NOT_SURE,YES,NOT_SURE,NOT_SURE,SOMETIMES,PUBLIC,SOMETIMES,SOMETIMES,NOT_SURE,SOMETIMES,YES,NO,YES,NOT_SURE,SOMETIMES,YES,NOT_SURE,NOT_SURE,NOT_SURE,NO,NO,NO,SOMETIMES,NOT_SURE,NO,NOT_SURE,SOMETIMES,NOT_SURE,YES,YES,NOT_SURE,YES,YES,NOT_SURE,NO,YES,NO,NO,NO
SYN-0482,PRIVATE,NO,NOT_SURE,NO,NO,NO,NO,NO,PRIVATE,NOT_SURE,NO,NO,YES,SOMETIMES,YES,YES,NO,NOT_SURE,SOMETIMES,NOT_SURE,26,MODERATE,29,9,25,22,39,23,0,43,57,51,PRIVATE,SOMETIMES,FRIENDS,SOMETIMES,NO,NOT_SURE,NO,NO,NO,NO,NO,SOMETIMES,NOT_SURE,NO,NO,NO,NOT_SURE,PRIVATE,NOT_SURE,NO,NOT_SURE,NO,YES,NOT_SURE,NO,SOMETIMES,YES,NO,NOT_SURE,YES,NO,YES,YES,YES,YES,YES,SOMETIMES,NOT_SURE,YES,SOMETIMES,NOT_SURE,NOT_SURE,NOT_SURE,SOMETIMES,NOT_SURE,SOMETIMES,SOMETIMES,SOMETIMES,NOT_SURE,NOT_SURE,YES
SYN-0483,NOT_SURE,NOT_SURE,NOT_SURE,NOT_SURE,YES,NOT_SURE,NOT_SURE,NOT_SURE,NOT_SURE,YES,YES,YES,NO,NO,NOT_SURE,NOT_SURE,YES,NOT_SURE,NO,SOMETIMES,80,CRITICAL,76,69,96,71,100,89,75,75,77,71,NOT_SURE,NOT_SURE,PUBLIC,YES,NOT_SURE,NOT_SURE,NOT_SURE,YES,NOT_SURE,NOT_SURE,NOT_SURE,YES,YES,YES,YES,YES,SOMETIMES,NOT_SURE,SOMETIMES,YES,NOT_SURE,YES,YES,NO,YES,NOT_SURE,NO,YES,YES,NOT_SURE,YES,YES,NOT_SURE,NO,NOT_SURE,NOT_SURE,NO,NOT_SURE,SOMETIMES,NOT_SURE,YES,NOT_SURE,SOMETIMES,YES,YES,NO,NO,NOT_SURE,NOT_SURE,SOMETIMES,NOT_SURE
SYN-0484,FRIENDS,NOT_SURE,YES,YES,NOT_SURE,YES,YES,YES,NOT_SURE,SOMETIMES,NOT_SURE,SOMETIMES,NO,NOT_SURE,SOMETIMES,NOT_SURE,NOT_SURE,NOT_SURE,NO,NOT_SURE,72,CRITICAL,53,83,56,89,67,94,72,69,73,81,FRIENDS,SOMETIMES,NOT_SURE,SOMETIMES,NOT_SURE,YES,YES,NOT_SURE,YES,YES,YES,SOMETIMES,SOMETIMES,NOT_SURE,NOT_SURE,NOT_SURE,NOT_SURE,NOT_SURE,YES,YES,YES,SOMETIMES,NOT_SURE,NO,YES,YES,NO,YES,NOT_SURE,SOMETIMES,NOT_SURE,NO,NOT_SURE,NO,NO,NO,NOT_SURE,NOT_SURE,SOMETIMES,YES,NOT_SURE,NOT_SURE,YES,NOT_SURE,YES,SOMETIMES,NO,NOT_SURE,NO,NOT_SURE,NOT_SURE
SYN-0485,FRIENDS,YES,NOT_SURE,YES,NOT_SURE,NOT_SURE,NOT_SURE,YES,NOT_SURE,YES,YES,SOMETIMES,NOT_SURE,NO,NOT_SURE,NO,SOMETIMES,YES,NO,NOT_SURE,71,CRITICAL,54,64,71,70,63,64,73,80,100,77,FRIENDS,SOMETIMES,NOT_SURE,NOT_SURE,YES,NOT_SURE,YES,NO,NOT_SURE,NOT_SURE,YES,NOT_SURE,YES,SOMETIMES,NOT_SURE,YES,NOT_SURE,NOT_SURE,YES,SOMETIMES,SOMETIMES,SOMETIMES,NOT_SURE,NOT_SURE,YES,NOT_SURE,NOT_SURE,NOT_SURE,NOT_SURE,NOT_SURE,SOMETIMES,SOMETIMES,NO,NO,SOMETIMES,NO,NO,NOT_SURE,NOT_SURE,NOT_SURE,YES,YES,YES,YES,YES,NO,NO,SOMETIMES,NO,NOT_SURE,SOMETIMES
SYN-0486,PUBLIC,NO,NOT_SURE,YES,NOT_SURE,NOT_SURE,NOT_SURE,NOT_SURE,NOT_SURE,NOT_SURE,NOT_SURE,YES,NOT_SURE,NO,NOT_SURE,SOMETIMES,YES,SOMETIMES,SOMETIMES,SOMETIMES,72,CRITICAL,100,53,53,74,76,81,81,86,71,61,PUBLIC,YES,PUBLIC,YES,NO,NOT_SURE,YES,NOT_SURE,NOT_SURE,NOT_SURE,NOT_SURE,SOMETIMES,NOT_SURE,NOT_SURE,NOT_SURE,NOT_SURE,NO,NOT_SURE,NOT_SURE,YES,NOT_SURE,YES,NOT_SURE,SOMETIMES,NOT_SURE,YES,NOT_SURE,NOT_SURE,YES,NOT_SURE,YES,NO,SOMETIMES,NO,NOT_SURE,NO,NO,NO,NOT_SURE,SOMETIMES,NOT_SURE,SOMETIMES,YES,NOT_SURE,NOT_SURE,NOT_SURE,SOMETIMES,NOT_SURE,NOT_SURE,SOMETIMES,NO
SYN-0487,PUBLIC,NOT_SURE,NOT_SURE,YES,NOT_SURE,YES,YES,NOT_SURE,FRIENDS,YES,YES,YES,NO,NO,SOMETIMES,NO,YES,YES,SOMETIMES,NOT_SURE,78,CRITICAL,83,74,82,59,89,100,76,85,76,66,PUBLIC,NOT_SURE,PUBLIC,NOT_SURE,NOT_SURE,NOT_SURE,YES,NOT_SURE,YES,YES,NOT_SURE,NOT_SURE,YES,YES,NOT_SURE,YES,YES,FRIENDS,NOT_SURE,SOMETIMES,YES,YES,NOT_SURE,NO,YES,YES,NO,YES,YES,SOMETIMES,YES,SOMETIMES,NO,NO,SOMETIMES,NOT_SURE,NO,NOT_SURE,NOT_SURE,YES,NOT_SURE,YES,NOT_SURE,YES,NOT_SURE,NOT_SURE,SOMETIMES,YES,NOT_SURE,NOT_SURE,SOMETIMES
SYN-0488,PRIVATE,NO,NO,NO,NOT_SURE,NO,NO,NO,NOT_SURE,NO,NOT_SURE,NO,SOMETIMES,YES,SOMETIMES,NOT_SURE,SOMETIMES,SOMETIMES,NOT_SURE,SOMETIMES,25,MODERATE,0,0,31,45,7,43,36,6,30,77,PRIVATE,NO,PRIVATE,NO,NO,NO,NO,NO,NO,NO,NO,NO,NO,SOMETIMES,NOT_SURE,NOT_SURE,NO,NOT_SURE,SOMETIMES,NO,SOMETIMES,NO,NO,SOMETIMES,NO,SOMETIMES,SOMETIMES,SOMETIMES,NO,SOMETIMES,SOMETIMES,YES,NOT_SURE,YES,YES,YES,YES,YES,YES,SOMETIMES,SOMETIMES,SOMETIMES,NO,NOT_SURE,SOMETIMES,YES,NOT_SURE,YES,NO,SOMETIMES,NO
SYN-0489,PRIVATE,NOT_SURE,NOT_SURE,NO,NOT_SURE,NOT_SURE,NOT_SURE,YES,PUBLIC,SOMETIMES,NOT_SURE,NOT_SURE,NO,SOMETIMES,NOT_SURE,NO,YES,SOMETIMES,NO,NO,65,HIGH,33,63,62,85,69,76,72,63,56,83,PRIVATE,NOT_SURE,FRIENDS,NOT_SURE,NOT_SURE,NOT_SURE,NO,YES,NOT_SURE,NOT_SURE,YES,SOMETIMES,SOMETIMES,YES,NOT_SURE,NOT_SURE,NOT_SURE,PUBLIC,NOT_SURE,YES,NOT_SURE,NOT_SURE,YES,NO,NO,NOT_SURE,NO,SOMETIMES,NOT_SURE,NOT_SURE,YES,NOT_SURE,NO,YES,SOMETIMES,NOT_SURE,SOMETIMES,SOMETIMES,NO,SOMETIMES,NOT_SURE,SOMETIMES,SOMETIMES,NOT_SURE,SOMETIMES,NOT_SURE,NO,NOT_SURE,NOT_SURE,NO,SOMETIMES
SYN-0490,PUBLIC,NOT_SURE,YES,YES,NOT_SURE,NOT_SURE,YES,NOT_SURE,NOT_SURE,SOMETIMES,NOT_SURE,SOMETIMES,SOMETIMES,SOMETIMES,NOT_SURE,NO,YES,NOT_SURE,NOT_SURE,SOMETIMES,68,HIGH,67,74,54,70,53,54,81,81,79,56,PUBLIC,NOT_SURE,PRIVATE,SOMETIMES,NOT_SURE,YES,YES,NOT_SURE,NOT_SURE,YES,NOT_SURE,SOMETIMES,SOMETIMES,SOMETIMES,NOT_SURE,NOT_SURE,SOMETIMES,NOT_SURE,YES,SOMETIMES,SOMETIMES,SOMETIMES,NOT_SURE,SOMETIMES,SOMETIMES,NOT_SURE,SOMETIMES,SOMETIMES,NOT_SURE,NOT_SURE,YES,NOT_SURE,NO,SOMETIMES,NOT_SURE,NO,SOMETIMES,NO,NO,YES,YES,NOT_SURE,YES,NOT_SURE,NOT_SURE,NOT_SURE,NOT_SURE,SOMETIMES,SOMETIMES,SOMETIMES,SOMETIMES
SYN-0491,PRIVATE,NO,NO,NO,NO,NO,NO,NO,PRIVATE,NO,NO,SOMETIMES,YES,YES,YES,YES,SOMETIMES,NO,NOT_SURE,SOMETIMES,10,LOW,17,0,0,0,21,0,17,31,9,34,PRIVATE,NOT_SURE,PRIVATE,NO,NO,NO,NO,NO,NO,NO,NO,NO,NO,NO,NO,NO,NO,PRIVATE,NO,NO,NO,SOMETIMES,NO,YES,NO,NO,YES,NO,NO,YES,SOMETIMES,YES,YES,SOMETIMES,YES,YES,YES,SOMETIMES,SOMETIMES,SOMETIMES,NO,NO,NO,NOT_SURE,NO,YES,NOT_SURE,NO,YES,SOMETIMES,YES
SYN-0492,FRIENDS,NO,NOT_SURE,NO,NO,NO,NOT_SURE,NO,FRIENDS,NO,NO,NO,YES,SOMETIMES,YES,SOMETIMES,SOMETIMES,NO,SOMETIMES,NOT_SURE,25,MODERATE,69,13,12,31,23,0,22,44,16,41,FRIENDS,YES,NOT_SURE,NOT_SURE,NO,NOT_SURE,NO,NO,NO,NOT_SURE,NO,NO,NO,SOMETIMES,NO,NO,NOT_SURE,FRIENDS,NO,SOMETIMES,NO,NO,NO,NO,NOT_SURE,NO,YES,NO,NO,YES,SOMETIMES,YES,SOMETIMES,YES,SOMETIMES,YES,SOMETIMES,NO,YES,NO,NO,NO,NO,NOT_SURE,NO,SOMETIMES,SOMETIMES,NO,YES,NOT_SURE,SOMETIMES
SYN-0493,FRIENDS,NOT_SURE,NOT_SURE,NOT_SURE,NOT_SURE,NO,YES,NOT_SURE,PUBLIC,NOT_SURE,SOMETIMES,SOMETIMES,SOMETIMES,SOMETIMES,NO,NO,SOMETIMES,YES,NOT_SURE,SOMETIMES,66,HIGH,53,41,74,73,60,73,81,64,86,56,FRIENDS,SOMETIMES,NOT_SURE,SOMETIMES,NOT_SURE,NOT_SURE,NOT_SURE,NO,NO,YES,NOT_SURE,YES,NOT_SURE,YES,NOT_SURE,SOMETIMES,NOT_SURE,PUBLIC,NOT_SURE,SOMETIMES,NOT_SURE,SOMETIMES,NOT_SURE,NO,SOMETIMES,YES,SOMETIMES,NOT_SURE,YES,NO,SOMETIMES,NOT_SURE,NO,NOT_SURE,NO,NOT_SURE,SOMETIMES,NO,SOMETIMES,NOT_SURE,YES,YES,SOMETIMES,YES,YES,NO,NOT_SURE,SOMETIMES,NO,SOMETIMES,YES
SYN-0494,PRIVATE,NO,NOT_SURE,NO,NO,NO,NO,NO,PRIVATE,NO,NO,NO,SOMETIMES,SOMETIMES,YES,YES,NO,NO,YES,YES,6,LOW,0,9,0,0,0,21,6,44,0,10,PRIVATE,NO,PRIVATE,NO,NO,NOT_SURE,NO,NO,NO,NO,NO,NO,NO,NO,NO,NO,NO,PRIVATE,NO,NO,NO,NO,NO,YES,NO,NO,SOMETIMES,NO,NO,YES,NO,YES,YES,SOMETIMES,YES,YES,SOMETIMES,SOMETIMES,SOMETIMES,NO,NO,NO,NO,NO,NO,YES,YES,NO,NOT_SURE,YES,YES
SYN-0495,FRIENDS,NO,NO,NO,NO,NO,NO,NOT_SURE,PRIVATE,NO,NO,SOMETIMES,NOT_SURE,YES,YES,SOMETIMES,NO,NO,YES,YES,14,LOW,36,4,4,13,31,37,7,13,7,7,FRIENDS,SOMETIMES,PRIVATE,NO,NO,NO,NO,NO,NO,NO,NOT_SURE,NO,NO,NO,NO,NO,SOMETIMES,PRIVATE,SOMETIMES,NO,NO,SOMETIMES,NO,NOT_SURE,NO,NO,NOT_SURE,NO,SOMETIMES,YES,NO,YES,SOMETIMES,YES,YES,YES,YES,YES,SOMETIMES,NO,NO,NO,NO,NO,NO,SOMETIMES,YES,NO,YES,YES,SOMETIMES
SYN-0496,NOT_SURE,NOT_SURE,NOT_SURE,NO,NOT_SURE,NOT_SURE,NOT_SURE,NOT_SURE,NOT_SURE,YES,YES,NOT_SURE,NOT_SURE,SOMETIMES,NOT_SURE,SOMETIMES,NOT_SURE,SOMETIMES,YES,SOMETIMES,65,HIGH,74,51,74,61,73,87,67,56,65,39,NOT_SURE,YES,FRIENDS,NOT_SURE,NOT_SURE,NOT_SURE,NO,NOT_SURE,NOT_SURE,NOT_SURE,NOT_SURE,NOT_SURE,YES,SOMETIMES,NOT_SURE,YES,YES,NOT_SURE,NOT_SURE,SOMETIMES,NOT_SURE,NOT_SURE,YES,NOT_SURE,NOT_SURE,YES,NOT_SURE,YES,YES,NOT_SURE,NOT_SURE,NOT_SURE,SOMETIMES,NO,SOMETIMES,NOT_SURE,SOMETIMES,NOT_SURE,SOMETIMES,NOT_SURE,YES,SOMETIMES,NOT_SURE,NOT_SURE,YES,SOMETIMES,YES,SOMETIMES,NOT_SURE,SOMETIMES,SOMETIMES
SYN-0497,PUBLIC,NO,NOT_SURE,NOT_SURE,NOT_SURE,NOT_SURE,NO,NOT_SURE,FRIENDS,YES,NOT_SURE,SOMETIMES,SOMETIMES,NOT_SURE,NOT_SURE,SOMETIMES,NOT_SURE,SOMETIMES,NOT_SURE,SOMETIMES,56,HIGH,60,43,82,41,54,51,62,45,49,63,PUBLIC,NO,NOT_SURE,SOMETIMES,NO,NOT_SURE,NOT_SURE,NOT_SURE,NOT_SURE,NO,NOT_SURE,YES,YES,YES,NOT_SURE,NOT_SURE,NOT_SURE,FRIENDS,NO,NOT_SURE,NOT_SURE,SOMETIMES,NOT_SURE,SOMETIMES,NOT_SURE,SOMETIMES,SOMETIMES,NOT_SURE,SOMETIMES,NOT_SURE,NOT_SURE,SOMETIMES,SOMETIMES,NOT_SURE,SOMETIMES,NOT_SURE,NOT_SURE,SOMETIMES,YES,SOMETIMES,NOT_SURE,SOMETIMES,SOMETIMES,NOT_SURE,YES,YES,NOT_SURE,NOT_SURE,NOT_SURE,SOMETIMES,NOT_SURE
SYN-0498,PRIVATE,YES,NOT_SURE,NOT_SURE,YES,NOT_SURE,NOT_SURE,YES,FRIENDS,NOT_SURE,SOMETIMES,YES,NO,NOT_SURE,SOMETIMES,NOT_SURE,YES,NO,SOMETIMES,NOT_SURE,60,HIGH,31,71,67,53,81,77,73,64,21,60,PRIVATE,SOMETIMES,NOT_SURE,SOMETIMES,YES,NOT_SURE,NOT_SURE,NOT_SURE,NOT_SURE,NOT_SURE,YES,NOT_SURE,NOT_SURE,NOT_SURE,YES,SOMETIMES,SOMETIMES,FRIENDS,SOMETIMES,NOT_SURE,SOMETIMES,YES,NOT_SURE,NO,SOMETIMES,NOT_SURE,NO,NOT_SURE,NOT_SURE,SOMETIMES,YES,NOT_SURE,NOT_SURE,NOT_SURE,NO,NOT_SURE,NOT_SURE,SOMETIMES,NOT_SURE,NOT_SURE,NO,NO,SOMETIMES,NO,NO,SOMETIMES,SOMETIMES,NOT_SURE,NOT_SURE,NOT_SURE,SOMETIMES
SYN-0499,PUBLIC,YES,YES,NOT_SURE,YES,YES,NOT_SURE,YES,FRIENDS,NOT_SURE,SOMETIMES,SOMETIMES,NO,NOT_SURE,NO,NO,YES,YES,NO,NO,86,CRITICAL,96,91,75,71,79,89,94,75,93,93,PUBLIC,YES,NOT_SURE,YES,YES,YES,NOT_SURE,YES,YES,NOT_SURE,YES,YES,NOT_SURE,SOMETIMES,YES,SOMETIMES,SOMETIMES,FRIENDS,YES,NOT_SURE,YES,SOMETIMES,YES,NO,YES,NOT_SURE,NO,YES,YES,NO,YES,NO,NO,NO,NOT_SURE,SOMETIMES,NOT_SURE,NOT_SURE,NO,SOMETIMES,YES,YES,YES,SOMETIMES,YES,NO,NO,YES,SOMETIMES,NO,NO
SYN-0500,NOT_SURE,YES,NO,NO,NOT_SURE,NOT_SURE,NO,YES,FRIENDS,NOT_SURE,NOT_SURE,NOT_SURE,SOMETIMES,NOT_SURE,SOMETIMES,SOMETIMES,NOT_SURE,NO,SOMETIMES,SOMETIMES,51,HIGH,51,50,65,65,41,54,50,71,18,43,NOT_SURE,SOMETIMES,FRIENDS,NO,YES,NO,NO,NOT_SURE,NOT_SURE,NO,YES,NOT_SURE,NOT_SURE,YES,NOT_SURE,NOT_SURE,SOMETIMES,FRIENDS,NOT_SURE,YES,SOMETIMES,NOT_SURE,NO,SOMETIMES,NOT_SURE,NOT_SURE,SOMETIMES,SOMETIMES,NOT_SURE,SOMETIMES,NOT_SURE,YES,SOMETIMES,SOMETIMES,SOMETIMES,NOT_SURE,NOT_SURE,SOMETIMES,NO,NOT_SURE,NO,NO,NO,SOMETIMES,SOMETIMES,SOMETIMES,SOMETIMES,SOMETIMES,SOMETIMES,SOMETIMES,YES
SYN-0501,NOT_SURE,NO,NO,NO,NO,NO,NO,NOT_SURE,PRIVATE,NOT_SURE,SOMETIMES,NO,YES,YES,NOT_SURE,YES,NO,NOT_SURE,SOMETIMES,NOT_SURE,24,MODERATE,30,4,32,6,7,14,37,20,49,43,NOT_SURE,NO,PRIVATE,NO,NO,NO,NO,NO,NO,NO,NOT_SURE,SOMETIMES,NOT_SURE,NO,NO,SOMETIMES,SOMETIMES,PRIVATE,NO,NO,SOMETIMES,NO,NO,YES,SOMETIMES,SOMETIMES,YES,NO,NO,NOT_SURE,NO,YES,YES,NOT_SURE,NOT_SURE,SOMETIMES,YES,SOMETIMES,YES,NOT_SURE,NO,NOT_SURE,SOMETIMES,SOMETIMES,NOT_SURE,NOT_SURE,SOMETIMES,NOT_SURE,YES,NOT_SURE,YES
SYN-0502,FRIENDS,NO,NOT_SURE,NOT_SURE,NOT_SURE,NO,NOT_SURE,NOT_SURE,PRIVATE,SOMETIMES,NOT_SURE,SOMETIMES,SOMETIMES,YES,SOMETIMES,YES,NO,SOMETIMES,YES,SOMETIMES,35,MODERATE,36,39,42,33,67,37,15,25,32,14,FRIENDS,NO,FRIENDS,SOMETIMES,NO,NOT_SURE,NOT_SURE,NOT_SURE,NO,NOT_SURE,NOT_SURE,SOMETIMES,SOMETIMES,NO,NOT_SURE,NOT_SURE,NO,PRIVATE,NO,YES,NOT_SURE,SOMETIMES,YES,NOT_SURE,SOMETIMES,NO,SOMETIMES,SOMETIMES,NOT_SURE,SOMETIMES,NO,YES,YES,YES,YES,YES,YES,SOMETIMES,SOMETIMES,NO,NO,SOMETIMES,NO,SOMETIMES,NOT_SURE,NOT_SURE,YES,NO,YES,SOMETIMES,YES
SYN-0503,PRIVATE,NOT_SURE,NOT_SURE,NOT_SURE,NOT_SURE,NOT_SURE,NOT_SURE,NOT_SURE,FRIENDS,YES,NOT_SURE,SOMETIMES,SOMETIMES,NOT_SURE,NOT_SURE,NOT_SURE,YES,SOMETIMES,NO,YES,57,HIGH,39,47,72,55,46,53,73,83,55,43,PRIVATE,NOT_SURE,FRIENDS,YES,NOT_SURE,NOT_SURE,NOT_SURE,NO,NOT_SURE,NOT_SURE,NOT_SURE,NOT_SURE,YES,YES,NOT_SURE,NOT_SURE,NOT_SURE,FRIENDS,NOT_SURE,NOT_SURE,SOMETIMES,SOMETIMES,NOT_SURE,YES,SOMETIMES,SOMETIMES,SOMETIMES,NOT_SURE,NOT_SURE,NOT_SURE,YES,SOMETIMES,NOT_SURE,SOMETIMES,NOT_SURE,NOT_SURE,NOT_SURE,NO,NO,SOMETIMES,NOT_SURE,SOMETIMES,SOMETIMES,SOMETIMES,NOT_SURE,NOT_SURE,NO,SOMETIMES,YES,YES,SOMETIMES
SYN-0504,PRIVATE,NOT_SURE,NO,NO,NOT_SURE,NO,NOT_SURE,NOT_SURE,FRIENDS,NOT_SURE,NO,SOMETIMES,YES,YES,SOMETIMES,NOT_SURE,SOMETIMES,NOT_SURE,YES,YES,31,MODERATE,14,21,35,38,29,16,54,25,38,17,PRIVATE,NO,FRIENDS,SOMETIMES,NOT_SURE,NO,NO,NO,NO,NOT_SURE,NOT_SURE,SOMETIMES,NOT_SURE,NO,NOT_SURE,NO,NO,FRIENDS,SOMETIMES,NO,SOMETIMES,SOMETIMES,NO,YES,SOMETIMES,NO,YES,SOMETIMES,NOT_SURE,SOMETIMES,SOMETIMES,NOT_SURE,NOT_SURE,SOMETIMES,SOMETIMES,SOMETIMES,YES,YES,NOT_SURE,NOT_SURE,NO,NOT_SURE,SOMETIMES,SOMETIMES,SOMETIMES,YES,YES,SOMETIMES,YES,YES,NOT_SURE
SYN-0505,FRIENDS,NO,NO,NOT_SURE,NO,NOT_SURE,NOT_SURE,YES,PRIVATE,NO,NO,SOMETIMES,SOMETIMES,YES,SOMETIMES,YES,SOMETIMES,NO,SOMETIMES,NOT_SURE,30,MODERATE,39,41,14,44,29,21,35,13,13,41,FRIENDS,NOT_SURE,PRIVATE,NO,NO,NO,NOT_SURE,NOT_SURE,NOT_SURE,NOT_SURE,YES,NOT_SURE,NO,NO,NO,NO,NO,PRIVATE,YES,SOMETIMES,SOMETIMES,SOMETIMES,NO,SOMETIMES,NO,NO,SOMETIMES,NO,NO,SOMETIMES,SOMETIMES,YES,YES,SOMETIMES,SOMETIMES,YES,YES,SOMETIMES,YES,NO,NO,NO,NO,NOT_SURE,NOT_SURE,YES,SOMETIMES,SOMETIMES,YES,NOT_SURE,YES
SYN-0506,PRIVATE,NOT_SURE,NO,NOT_SURE,NO,NO,NOT_SURE,NO,NOT_SURE,NO,NOT_SURE,SOMETIMES,YES,SOMETIMES,YES,YES,NO,NOT_SURE,SOMETIMES,YES,27,MODERATE,7,39,28,56,39,14,11,26,17,31,PRIVATE,NO,PRIVATE,SOMETIMES,NOT_SURE,NO,NOT_SURE,NOT_SURE,NO,NOT_SURE,NO,SOMETIMES,NO,SOMETIMES,NO,NOT_SURE,NO,NOT_SURE,NOT_SURE,NOT_SURE,NO,SOMETIMES,NOT_SURE,YES,NO,NO,YES,SOMETIMES,SOMETIMES,YES,NO,NOT_SURE,YES,SOMETIMES,YES,YES,SOMETIMES,YES,YES,NOT_SURE,NO,NOT_SURE,NO,NO,NOT_SURE,YES,SOMETIMES,SOMETIMES,YES,YES,NOT_SURE
SYN-0507,FRIENDS,NO,NO,NO,NOT_SURE,NOT_SURE,NOT_SURE,NO,NOT_SURE,NO,NO,SOMETIMES,SOMETIMES,SOMETIMES,SOMETIMES,SOMETIMES,SOMETIMES,SOMETIMES,YES,NOT_SURE,43,HIGH,39,13,38,70,67,39,39,49,56,37,FRIENDS,NO,NOT_SURE,SOMETIMES,NO,NO,NO,NO,NOT_SURE,NOT_SURE,NO,SOMETIMES,NO,NOT_SURE,NOT_SURE,NO,SOMETIMES,NOT_SURE,YES,SOMETIMES,SOMETIMES,SOMETIMES,YES,NOT_SURE,SOMETIMES,NO,SOMETIMES,NOT_SURE,NOT_SURE,SOMETIMES,SOMETIMES,YES,SOMETIMES,SOMETIMES,YES,YES,SOMETIMES,SOMETIMES,NOT_SURE,NO,NOT_SURE,SOMETIMES,NOT_SURE,NOT_SURE,NOT_SURE,SOMETIMES,YES,SOMETIMES,YES,NOT_SURE,NOT_SURE
SYN-0508,FRIENDS,NO,NO,NOT_SURE,YES,NOT_SURE,NO,YES,NOT_SURE,NO,NOT_SURE,NO,SOMETIMES,YES,SOMETIMES,SOMETIMES,SOMETIMES,YES,NOT_SURE,SOMETIMES,49,HIGH,64,37,50,71,37,53,46,30,48,60,FRIENDS,SOMETIMES,PUBLIC,YES,NO,NO,NOT_SURE,NOT_SURE,NOT_SURE,NO,YES,NOT_SURE,NO,NO,YES,NOT_SURE,SOMETIMES,NOT_SURE,YES,SOMETIMES,NOT_SURE,NO,YES,YES,NOT_SURE,NOT_SURE,SOMETIMES,NO,YES,SOMETIMES,SOMETIMES,SOMETIMES,SOMETIMES,SOMETIMES,SOMETIMES,YES,YES,SOMETIMES,NOT_SURE,NO,NOT_SURE,YES,NO,SOMETIMES,SOMETIMES,SOMETIMES,NOT_SURE,NOT_SURE,NOT_SURE,SOMETIMES,SOMETIMES
SYN-0509,FRIENDS,NOT_SURE,NOT_SURE,NOT_SURE,NOT_SURE,NO,NOT_SURE,NOT_SURE,FRIENDS,SOMETIMES,NOT_SURE,NOT_SURE,NOT_SURE,NOT_SURE,SOMETIMES,YES,NO,NOT_SURE,NOT_SURE,SOMETIMES,52,HIGH,50,51,54,40,57,70,26,46,79,73,FRIENDS,SOMETIMES,FRIENDS,SOMETIMES,NOT_SURE,NOT_SURE,NOT_SURE,NOT_SURE,NO,NOT_SURE,NOT_SURE,SOMETIMES,SOMETIMES,SOMETIMES,NOT_SURE,NOT_SURE,SOMETIMES,FRIENDS,NOT_SURE,NO,SOMETIMES,NOT_SURE,NOT_SURE,SOMETIMES,SOMETIMES,NOT_SURE,NOT_SURE,NOT_SURE,YES,SOMETIMES,NO,YES,YES,NOT_SURE,SOMETIMES,YES,NOT_SURE,SOMETIMES,YES,NOT_SURE,SOMETIMES,NOT_SURE,YES,NOT_SURE,YES,NO,NOT_SURE,YES,NOT_SURE,SOMETIMES,NO
SYN-0510,PRIVATE,NOT_SURE,NOT_SURE,NOT_SURE,NO,NOT_SURE,NOT_SURE,YES,FRIENDS,NOT_SURE,NOT_SURE,SOMETIMES,SOMETIMES,SOMETIMES,SOMETIMES,YES,NO,NOT_SURE,SOMETIMES,NOT_SURE,41,HIGH,23,63,30,26,49,51,22,39,67,59,PRIVATE,SOMETIMES,PRIVATE,NOT_SURE,NOT_SURE,NOT_SURE,NOT_SURE,NOT_SURE,NOT_SURE,NOT_SURE,YES,SOMETIMES,NOT_SURE,NO,NO,NOT_SURE,NO,FRIENDS,NO,NO,NOT_SURE,SOMETIMES,NOT_SURE,NOT_SURE,NO,SOMETIMES,SOMETIMES,SOMETIMES,NOT_SURE,SOMETIMES,NO,SOMETIMES,YES,YES,YES,SOMETIMES,SOMETIMES,YES,SOMETIMES,NOT_SURE,YES,NOT_SURE,NOT_SURE,NOT_SURE,YES,SOMETIMES,SOMETIMES,SOMETIMES,SOMETIMES,NOT_SURE,NOT_SURE
SYN-0511,NOT_SURE,YES,YES,NOT_SURE,YES,YES,YES,YES,NOT_SURE,NOT_SURE,YES,YES,SOMETIMES,NOT_SURE,NOT_SURE,NO,YES,YES,NO,NO,84,CRITICAL,74,94,85,76,96,71,87,63,81,91,NOT_SURE,YES,FRIENDS,NOT_SURE,YES,YES,NOT_SURE,YES,YES,YES,YES,YES,NOT_SURE,NOT_SURE,YES,YES,NOT_SURE,NOT_SURE,YES,SOMETIMES,YES,YES,YES,NOT_SURE,YES,YES,SOMETIMES,YES,SOMETIMES,NOT_SURE,YES,NO,NO,NO,NOT_SURE,NOT_SURE,NOT_SURE,NOT_SURE,SOMETIMES,SOMETIMES,YES,YES,NOT_SURE,YES,SOMETIMES,NOT_SURE,NO,YES,NOT_SURE,NO,NOT_SURE
SYN-0512,NOT_SURE,YES,NOT_SURE,NOT_SURE,NOT_SURE,NOT_SURE,NO,NOT_SURE,PRIVATE,SOMETIMES,NOT_SURE,SOMETIMES,NOT_SURE,SOMETIMES,YES,SOMETIMES,NO,NO,SOMETIMES,SOMETIMES,41,HIGH,61,51,57,15,36,63,19,39,41,36,NOT_SURE,SOMETIMES,NOT_SURE,SOMETIMES,YES,NOT_SURE,NOT_SURE,NO,NOT_SURE,NO,NOT_SURE,NOT_SURE,SOMETIMES,SOMETIMES,NOT_SURE,NOT_SURE,NOT_SURE,PRIVATE,NOT_SURE,NO,NO,SOMETIMES,NO,SOMETIMES,SOMETIMES,NOT_SURE,NOT_SURE,SOMETIMES,NOT_SURE,YES,NO,YES,SOMETIMES,YES,NO,SOMETIMES,SOMETIMES,YES,SOMETIMES,NOT_SURE,SOMETIMES,NO,SOMETIMES,NOT_SURE,SOMETIMES,SOMETIMES,SOMETIMES,NO,YES,SOMETIMES,SOMETIMES
SYN-0513,NOT_SURE,NOT_SURE,NO,YES,YES,YES,YES,NO,NOT_SURE,YES,YES,NOT_SURE,NOT_SURE,NOT_SURE,SOMETIMES,NOT_SURE,YES,YES,NO,NOT_SURE,72,CRITICAL,73,61,80,79,44,81,74,75,84,86,NOT_SURE,YES,FRIENDS,SOMETIMES,NOT_SURE,NO,YES,NOT_SURE,YES,YES,NO,NOT_SURE,YES,SOMETIMES,YES,YES,NOT_SURE,NOT_SURE,YES,NOT_SURE,YES,NOT_SURE,NO,NOT_SURE,NOT_SURE,YES,NOT_SURE,NOT_SURE,YES,SOMETIMES,YES,NOT_SURE,NOT_SURE,NO,NOT_SURE,NOT_SURE,NOT_SURE,NOT_SURE,NO,SOMETIMES,NOT_SURE,YES,YES,SOMETIMES,NOT_SURE,NO,NO,NOT_SURE,NO,NOT_SURE,NO
SYN-0514,PUBLIC,YES,NOT_SURE,NOT_SURE,YES,YES,NOT_SURE,YES,PUBLIC,YES,SOMETIMES,NOT_SURE,NOT_SURE,SOMETIMES,NOT_SURE,NOT_SURE,YES,NOT_SURE,SOMETIMES,NOT_SURE,80,CRITICAL,73,77,89,90,73,74,77,76,86,66,PUBLIC,SOMETIMES,FRIENDS,NOT_SURE,YES,NOT_SURE,NOT_SURE,NOT_SURE,YES,NOT_SURE,YES,YES,YES,YES,YES,SOMETIMES,NOT_SURE,PUBLIC,NOT_SURE,YES,YES,NOT_SURE,YES,NOT_SURE,NOT_SURE,YES,NOT_SURE,SOMETIMES,NOT_SURE,NOT_SURE,YES,NOT_SURE,NOT_SURE,NOT_SURE,SOMETIMES,NO,SOMETIMES,NO,NO,NOT_SURE,YES,NOT_SURE,YES,NOT_SURE,YES,NO,SOMETIMES,YES,NOT_SURE,NOT_SURE,SOMETIMES
SYN-0515,PUBLIC,YES,NOT_SURE,NOT_SURE,NOT_SURE,NOT_SURE,NOT_SURE,NOT_SURE,PUBLIC,NOT_SURE,YES,SOMETIMES,NOT_SURE,SOMETIMES,NOT_SURE,NO,SOMETIMES,YES,NOT_SURE,SOMETIMES,70,HIGH,79,77,62,94,57,74,61,56,79,60,PUBLIC,NOT_SURE,NOT_SURE,NOT_SURE,YES,NOT_SURE,NOT_SURE,YES,NOT_SURE,NOT_SURE,NOT_SURE,SOMETIMES,NOT_SURE,SOMETIMES,NOT_SURE,YES,NOT_SURE,PUBLIC,YES,YES,SOMETIMES,SOMETIMES,NOT_SURE,NOT_SURE,NOT_SURE,YES,NOT_SURE,NOT_SURE,SOMETIMES,NOT_SURE,SOMETIMES,NOT_SURE,NO,SOMETIMES,YES,SOMETIMES,SOMETIMES,SOMETIMES,NOT_SURE,NOT_SURE,YES,YES,NOT_SURE,SOMETIMES,NOT_SURE,NO,NOT_SURE,NOT_SURE,NOT_SURE,SOMETIMES,SOMETIMES
SYN-0516,FRIENDS,NO,NO,NO,NOT_SURE,NO,NO,NOT_SURE,FRIENDS,SOMETIMES,YES,NOT_SURE,NOT_SURE,SOMETIMES,NOT_SURE,NOT_SURE,SOMETIMES,NOT_SURE,SOMETIMES,YES,51,HIGH,64,17,56,46,64,59,62,69,48,36,FRIENDS,YES,FRIENDS,SOMETIMES,NO,NO,NO,NOT_SURE,NO,NO,NOT_SURE,SOMETIMES,SOMETIMES,SOMETIMES,NOT_SURE,YES,NO,FRIENDS,NOT_SURE,NO,YES,NOT_SURE,NOT_SURE,SOMETIMES,YES,SOMETIMES,NOT_SURE,SOMETIMES,SOMETIMES,NOT_SURE,SOMETIMES,SOMETIMES,NOT_SURE,SOMETIMES,NOT_SURE,NOT_SURE,SOMETIMES,NO,NOT_SURE,NOT_SURE,NOT_SURE,NOT_SURE,SOMETIMES,NOT_SURE,SOMETIMES,YES,SOMETIMES,YES,YES,YES,SOMETIMES
SYN-0517,PUBLIC,YES,NOT_SURE,NOT_SURE,NOT_SURE,NOT_SURE,NOT_SURE,NOT_SURE,FRIENDS,NOT_SURE,NOT_SURE,NOT_SURE,NO,SOMETIMES,NOT_SURE,YES,NOT_SURE,YES,NOT_SURE,SOMETIMES,64,HIGH,74,69,55,66,66,71,56,55,73,63,PUBLIC,NOT_SURE,FRIENDS,SOMETIMES,YES,NOT_SURE,NOT_SURE,NOT_SURE,NOT_SURE,NOT_SURE,NOT_SURE,SOMETIMES,NOT_SURE,SOMETIMES,NOT_SURE,NOT_SURE,SOMETIMES,FRIENDS,NOT_SURE,YES,NOT_SURE,NOT_SURE,NOT_SURE,NO,NOT_SURE,SOMETIMES,NO,SOMETIMES,SOMETIMES,NOT_SURE,NOT_SURE,SOMETIMES,YES,SOMETIMES,NOT_SURE,NO,SOMETIMES,NOT_SURE,SOMETIMES,SOMETIMES,YES,YES,NOT_SURE,NOT_SURE,NOT_SURE,SOMETIMES,NOT_SURE,YES,YES,SOMETIMES,NO
SYN-0518,NOT_SURE,NO,NOT_SURE,NOT_SURE,NOT_SURE,NOT_SURE,NOT_SURE,YES,FRIENDS,SOMETIMES,NOT_SURE,YES,NO,NOT_SURE,NO,NOT_SURE,NOT_SURE,SOMETIMES,NOT_SURE,SOMETIMES,66,HIGH,56,59,74,50,76,79,79,59,59,59,NOT_SURE,NOT_SURE,PRIVATE,NOT_SURE,NO,NOT_SURE,NOT_SURE,YES,NOT_SURE,NOT_SURE,YES,YES,SOMETIMES,YES,NOT_SURE,NOT_SURE,NOT_SURE,FRIENDS,YES,NO,SOMETIMES,YES,NOT_SURE,SOMETIMES,NOT_SURE,SOMETIMES,NO,YES,SOMETIMES,NO,NOT_SURE,NOT_SURE,NOT_SURE,NOT_SURE,NOT_SURE,NO,NOT_SURE,SOMETIMES,SOMETIMES,NOT_SURE,NOT_SURE,SOMETIMES,NOT_SURE,NOT_SURE,YES,SOMETIMES,NOT_SURE,SOMETIMES,NOT_SURE,SOMETIMES,SOMETIMES
SYN-0519,PUBLIC,NOT_SURE,NOT_SURE,NOT_SURE,NOT_SURE,NOT_SURE,YES,YES,FRIENDS,SOMETIMES,NOT_SURE,SOMETIMES,NOT_SURE,SOMETIMES,NOT_SURE,SOMETIMES,YES,YES,NOT_SURE,NOT_SURE,68,HIGH,64,66,69,71,64,60,74,61,67,79,PUBLIC,NO,FRIENDS,YES,NOT_SURE,NOT_SURE,NOT_SURE,NOT_SURE,NOT_SURE,YES,YES,YES,SOMETIMES,SOMETIMES,NOT_SURE,NOT_SURE,YES,FRIENDS,NOT_SURE,YES,YES,SOMETIMES,YES,SOMETIMES,SOMETIMES,SOMETIMES,NOT_SURE,SOMETIMES,NOT_SURE,NOT_SURE,YES,SOMETIMES,SOMETIMES,NOT_SURE,NOT_SURE,NO,SOMETIMES,SOMETIMES,NOT_SURE,YES,SOMETIMES,YES,NOT_SURE,SOMETIMES,NOT_SURE,NOT_SURE,NOT_SURE,YES,NOT_SURE,NOT_SURE,NO
SYN-0520,PUBLIC,YES,YES,YES,NOT_SURE,NOT_SURE,YES,NOT_SURE,FRIENDS,YES,YES,YES,NO,NOT_SURE,NO,NOT_SURE,YES,NOT_SURE,SOMETIMES,SOMETIMES,82,CRITICAL,89,83,78,81,100,100,84,76,65,61,PUBLIC,NOT_SURE,PUBLIC,YES,YES,YES,YES,NOT_SURE,NOT_SURE,YES,NOT_SURE,NOT_SURE,YES,YES,NOT_SURE,YES,NOT_SURE,FRIENDS,YES,YES,YES,YES,YES,NO,YES,YES,NO,YES,YES,NO,YES,NOT_SURE,NOT_SURE,NOT_SURE,SOMETIMES,NOT_SURE,NOT_SURE,NO,SOMETIMES,YES,YES,NOT_SURE,NOT_SURE,SOMETIMES,SOMETIMES,NOT_SURE,SOMETIMES,NOT_SURE,NOT_SURE,SOMETIMES,NO
SYN-0521,NOT_SURE,NO,NOT_SURE,NOT_SURE,NO,NOT_SURE,NO,NOT_SURE,NOT_SURE,NOT_SURE,NOT_SURE,NOT_SURE,NO,YES,NO,NOT_SURE,YES,SOMETIMES,SOMETIMES,YES,50,HIGH,61,30,45,59,50,73,80,25,35,21,NOT_SURE,NOT_SURE,FRIENDS,SOMETIMES,NO,NOT_SURE,NOT_SURE,NO,NOT_SURE,NO,NOT_SURE,SOMETIMES,NOT_SURE,YES,NO,NOT_SURE,NO,NOT_SURE,SOMETIMES,SOMETIMES,NOT_SURE,NOT_SURE,NOT_SURE,YES,SOMETIMES,SOMETIMES,NO,SOMETIMES,NOT_SURE,NO,YES,NOT_SURE,NOT_SURE,SOMETIMES,SOMETIMES,SOMETIMES,YES,SOMETIMES,SOMETIMES,NO,NO,SOMETIMES,NOT_SURE,SOMETIMES,NO,YES,SOMETIMES,SOMETIMES,YES,YES,YES
SYN-0522,PRIVATE,NOT_SURE,NO,NOT_SURE,NOT_SURE,NO,NO,NO,PRIVATE,NOT_SURE,SOMETIMES,NOT_SURE,SOMETIMES,YES,SOMETIMES,SOMETIMES,NO,SOMETIMES,NOT_SURE,NO,35,MODERATE,7,21,56,45,26,50,33,36,34,64,PRIVATE,NO,PRIVATE,SOMETIMES,NOT_SURE,NO,NOT_SURE,NO,NO,NO,NO,NOT_SURE,NOT_SURE,SOMETIMES,NOT_SURE,SOMETIMES,SOMETIMES,PRIVATE,YES,SOMETIMES,NOT_SURE,NOT_SURE,NO,YES,NO,SOMETIMES,SOMETIMES,SOMETIMES,SOMETIMES,SOMETIMES,NO,NOT_SURE,SOMETIMES,SOMETIMES,YES,YES,YES,SOMETIMES,NOT_SURE,SOMETIMES,NO,SOMETIMES,SOMETIMES,NOT_SURE,NO,YES,NOT_SURE,NOT_SURE,SOMETIMES,NO,YES
SYN-0523,FRIENDS,NO,NOT_SURE,NO,NOT_SURE,NOT_SURE,NOT_SURE,NOT_SURE,FRIENDS,NO,NOT_SURE,NOT_SURE,SOMETIMES,SOMETIMES,NOT_SURE,SOMETIMES,NOT_SURE,YES,SOMETIMES,SOMETIMES,50,HIGH,54,26,44,56,61,21,58,56,74,57,FRIENDS,NOT_SURE,FRIENDS,NOT_SURE,NO,NOT_SURE,NO,NO,NOT_SURE,NOT_SURE,NOT_SURE,SOMETIMES,NO,NOT_SURE,NOT_SURE,NOT_SURE,NO,FRIENDS,NOT_SURE,NOT_SURE,NOT_SURE,NOT_SURE,NOT_SURE,NOT_SURE,NOT_SURE,NO,SOMETIMES,NO,NO,NOT_SURE,NOT_SURE,SOMETIMES,SOMETIMES,SOMETIMES,SOMETIMES,SOMETIMES,SOMETIMES,SOMETIMES,NOT_SURE,NOT_SURE,NOT_SURE,YES,NOT_SURE,NOT_SURE,SOMETIMES,NO,SOMETIMES,YES,SOMETIMES,SOMETIMES,SOMETIMES
SYN-0524,FRIENDS,NO,NO,NO,NOT_SURE,NO,NO,NO,FRIENDS,NO,NOT_SURE,SOMETIMES,YES,SOMETIMES,SOMETIMES,YES,NO,NOT_SURE,YES,YES,28,MODERATE,43,0,27,31,39,30,19,43,56,14,FRIENDS,SOMETIMES,FRIENDS,NO,NO,NO,NO,NO,NO,NO,NO,NO,NO,NO,NOT_SURE,NOT_SURE,SOMETIMES,FRIENDS,SOMETIMES,NO,NO,SOMETIMES,NOT_SURE,YES,NO,SOMETIMES,YES,NOT_SURE,SOMETIMES,SOMETIMES,NO,YES,YES,YES,SOMETIMES,YES,SOMETIMES,YES,NOT_SURE,SOMETIMES,SOMETIMES,NOT_SURE,NOT_SURE,NOT_SURE,SOMETIMES,SOMETIMES,YES,NO,SOMETIMES,YES,SOMETIMES
SYN-0525,PUBLIC,NOT_SURE,NO,NOT_SURE,YES,NOT_SURE,NOT_SURE,NOT_SURE,PUBLIC,NOT_SURE,SOMETIMES,NOT_SURE,NOT_SURE,NOT_SURE,NOT_SURE,SOMETIMES,SOMETIMES,YES,SOMETIMES,NOT_SURE,71,CRITICAL,79,60,77,88,61,61,67,68,87,49,PUBLIC,SOMETIMES,FRIENDS,YES,NOT_SURE,NO,NOT_SURE,YES,NOT_SURE,NOT_SURE,NOT_SURE,NOT_SURE,NOT_SURE,YES,YES,SOMETIMES,YES,PUBLIC,YES,SOMETIMES,YES,NOT_SURE,NOT_SURE,NOT_SURE,NOT_SURE,NOT_SURE,NOT_SURE,SOMETIMES,SOMETIMES,NOT_SURE,SOMETIMES,NOT_SURE,SOMETIMES,NOT_SURE,NO,NO,NOT_SURE,NOT_SURE,NOT_SURE,SOMETIMES,NOT_SURE,YES,YES,YES,YES,SOMETIMES,SOMETIMES,NO,SOMETIMES,NOT_SURE,SOMETIMES
SYN-0526,FRIENDS,YES,YES,NO,NO,NOT_SURE,YES,NOT_SURE,PUBLIC,NOT_SURE,SOMETIMES,NO,SOMETIMES,SOMETIMES,SOMETIMES,NOT_SURE,YES,SOMETIMES,NOT_SURE,NOT_SURE,58,HIGH,57,69,26,81,36,64,68,68,59,74,FRIENDS,YES,PRIVATE,SOMETIMES,YES,YES,NO,NOT_SURE,NOT_SURE,YES,NOT_SURE,NO,NOT_SURE,NOT_SURE,NO,SOMETIMES,NO,PUBLIC,SOMETIMES,YES,SOMETIMES,NO,NOT_SURE,NOT_SURE,NOT_SURE,YES,SOMETIMES,YES,NO,SOMETIMES,YES,SOMETIMES,NOT_SURE,SOMETIMES,SOMETIMES,NO,SOMETIMES,NOT_SURE,NO,SOMETIMES,NOT_SURE,SOMETIMES,NOT_SURE,NOT_SURE,NOT_SURE,NOT_SURE,NOT_SURE,YES,NOT_SURE,NOT_SURE,NOT_SURE
SYN-0527,NOT_SURE,YES,NOT_SURE,NOT_SURE,NOT_SURE,NOT_SURE,NOT_SURE,NOT_SURE,FRIENDS,SOMETIMES,SOMETIMES,NO,SOMETIMES,YES,SOMETIMES,SOMETIMES,NOT_SURE,YES,NO,NOT_SURE,51,HIGH,40,69,57,51,24,21,54,41,64,63,NOT_SURE,NO,NOT_SURE,NO,YES,NOT_SURE,NOT_SURE,NOT_SURE,NOT_SURE,NOT_SURE,NOT_SURE,YES,SOMETIMES,NO,NOT_SURE,SOMETIMES,NOT_SURE,FRIENDS,SOMETIMES,SOMETIMES,NOT_SURE,NO,NOT_SURE,SOMETIMES,NO,NO,SOMETIMES,NO,NO,SOMETIMES,NOT_SURE,NOT_SURE,SOMETIMES,SOMETIMES,SOMETIMES,SOMETIMES,YES,NOT_SURE,NOT_SURE,SOMETIMES,SOMETIMES,YES,SOMETIMES,SOMETIMES,YES,SOMETIMES,NO,SOMETIMES,SOMETIMES,NOT_SURE,YES
SYN-0528,NOT_SURE,YES,NOT_SURE,YES,YES,NOT_SURE,NOT_SURE,NOT_SURE,NOT_SURE,YES,YES,NOT_SURE,NOT_SURE,NO,SOMETIMES,SOMETIMES,YES,NOT_SURE,NO,SOMETIMES,75,CRITICAL,87,83,79,79,59,67,66,69,77,73,NOT_SURE,YES,PUBLIC,YES,YES,NOT_SURE,YES,YES,NOT_SURE,NOT_SURE,NOT_SURE,NOT_SURE,YES,SOMETIMES,YES,YES,SOMETIMES,NOT_SURE,YES,NOT_SURE,YES,NOT_SURE,NOT_SURE,SOMETIMES,NOT_SURE,SOMETIMES,NOT_SURE,YES,NOT_SURE,SOMETIMES,YES,NOT_SURE,SOMETIMES,NOT_SURE,SOMETIMES,NOT_SURE,NO,SOMETIMES,SOMETIMES,SOMETIMES,YES,NOT_SURE,YES,SOMETIMES,YES,SOMETIMES,NO,NOT_SURE,NO,SOMETIMES,SOMETIMES
SYN-0529,NOT_SURE,YES,YES,YES,YES,NOT_SURE,NOT_SURE,YES,FRIENDS,NOT_SURE,YES,YES,NOT_SURE,NOT_SURE,SOMETIMES,SOMETIMES,SOMETIMES,YES,NOT_SURE,SOMETIMES,71,CRITICAL,63,91,84,61,83,60,46,57,83,51,NOT_SURE,NOT_SURE,FRIENDS,NOT_SURE,YES,YES,YES,YES,NOT_SURE,NOT_SURE,YES,YES,NOT_SURE,NOT_SURE,YES,YES,SOMETIMES,FRIENDS,NOT_SURE,NOT_SURE,YES,YES,NOT_SURE,NO,NOT_SURE,SOMETIMES,NOT_SURE,SOMETIMES,NOT_SURE,SOMETIMES,SOMETIMES,SOMETIMES,SOMETIMES,SOMETIMES,SOMETIMES,YES,NOT_SURE,YES,NO,SOMETIMES,YES,YES,NOT_SURE,NOT_SURE,YES,NO,NOT_SURE,SOMETIMES,YES,SOMETIMES,NOT_SURE
SYN-0530,FRIENDS,YES,YES,NOT_SURE,YES,YES,YES,YES,NOT_SURE,YES,NOT_SURE,NOT_SURE,NOT_SURE,SOMETIMES,NO,NO,YES,YES,NO,SOMETIMES,82,CRITICAL,71,94,90,66,60,87,94,68,89,76,FRIENDS,YES,FRIENDS,YES,YES,YES,NOT_SURE,YES,YES,YES,YES,YES,YES,YES,YES,NOT_SURE,SOMETIMES,NOT_SURE,SOMETIMES,NOT_SURE,YES,NOT_SURE,NOT_SURE,NOT_SURE,SOMETIMES,YES,NOT_SURE,YES,YES,NO,YES,NO,NO,NOT_SURE,NOT_SURE,NO,SOMETIMES,NOT_SURE,NO,SOMETIMES,NOT_SURE,YES,YES,NOT_SURE,YES,NO,NO,NOT_SURE,NO,SOMETIMES,NOT_SURE
SYN-0531,FRIENDS,YES,YES,YES,YES,YES,NOT_SURE,NOT_SURE,NOT_SURE,SOMETIMES,SOMETIMES,NOT_SURE,NO,NOT_SURE,NOT_SURE,NOT_SURE,SOMETIMES,NOT_SURE,SOMETIMES,NOT_SURE,70,HIGH,79,94,64,73,67,89,54,76,46,66,FRIENDS,YES,PUBLIC,YES,YES,YES,YES,YES,YES,NOT_SURE,NOT_SURE,NOT_SURE,SOMETIMES,SOMETIMES,YES,SOMETIMES,SOMETIMES,NOT_SURE,NOT_SURE,YES,SOMETIMES,NOT_SURE,NOT_SURE,NOT_SURE,YES,NOT_SURE,NO,YES,YES,NOT_SURE,SOMETIMES,SOMETIMES,NOT_SURE,NOT_SURE,YES,YES,NOT_SURE,SOMETIMES,NO,YES,YES,NOT_SURE,NO,SOMETIMES,NOT_SURE,SOMETIMES,SOMETIMES,YES,SOMETIMES,NOT_SURE,NOT_SURE
SYN-0532,PRIVATE,YES,YES,YES,NOT_SURE,YES,NOT_SURE,NOT_SURE,NOT_SURE,NO,YES,YES,NO,NO,NO,NOT_SURE,SOMETIMES,YES,NO,NO,73,CRITICAL,41,94,53,76,76,89,76,85,67,96,PRIVATE,NOT_SURE,NOT_SURE,YES,YES,YES,YES,YES,YES,NOT_SURE,NOT_SURE,SOMETIMES,NO,SOMETIMES,NOT_SURE,YES,NOT_SURE,NOT_SURE,SOMETIMES,YES,YES,YES,NOT_SURE,SOMETIMES,NOT_SURE,NOT_SURE,NO,YES,YES,NO,SOMETIMES,NOT_SURE,NOT_SURE,NO,SOMETIMES,NOT_SURE,NO,NOT_SURE,NOT_SURE,YES,NOT_SURE,YES,NOT_SURE,NOT_SURE,NOT_SURE,SOMETIMES,NO,YES,NO,NO,NOT_SURE
SYN-0533,NOT_SURE,NOT_SURE,NOT_SURE,NOT_SURE,YES,YES,NOT_SURE,NOT_SURE,FRIENDS,SOMETIMES,YES,NO,NO,NO,NOT_SURE,SOMETIMES,SOMETIMES,SOMETIMES,NOT_SURE,YES,56,HIGH,63,66,69,31,24,80,56,70,61,37,NOT_SURE,NOT_SURE,FRIENDS,NOT_SURE,NOT_SURE,NOT_SURE,NOT_SURE,NOT_SURE,YES,NOT_SURE,NOT_SURE,SOMETIMES,SOMETIMES,SOMETIMES,YES,YES,SOMETIMES,FRIENDS,NO,SOMETIMES,NO,NO,NOT_SURE,YES,SOMETIMES,YES,NO,NO,NOT_SURE,NOT_SURE,SOMETIMES,NOT_SURE,SOMETIMES,YES,NO,SOMETIMES,NO,SOMETIMES,SOMETIMES,NOT_SURE,YES,SOMETIMES,NOT_SURE,SOMETIMES,NOT_SURE,SOMETIMES,NOT_SURE,NO,SOMETIMES,YES,NOT_SURE
SYN-0534,PRIVATE,NO,NO,NOT_SURE,NO,NO,NO,NOT_SURE,NOT_SURE,NO,SOMETIMES,NO,SOMETIMES,YES,SOMETIMES,YES,SOMETIMES,NO,NOT_SURE,NOT_SURE,25,MODERATE,7,13,8,59,17,36,43,13,26,40,PRIVATE,NO,FRIENDS,NO,NO,NO,NOT_SURE,NO,NO,NO,NOT_SURE,NO,NO,NO,NO,SOMETIMES,NO,NOT_SURE,SOMETIMES,SOMETIMES,NOT_SURE,NO,NOT_SURE,YES,NO,NO,SOMETIMES,SOMETIMES,SOMETIMES,SOMETIMES,SOMETIMES,SOMETIMES,YES,SOMETIMES,SOMETIMES,SOMETIMES,YES,YES,SOMETIMES,NO,SOMETIMES,NO,SOMETIMES,NO,NOT_SURE,YES,NOT_SURE,NO,YES,NOT_SURE,YES
SYN-0535,PRIVATE,NOT_SURE,NO,NO,NO,NOT_SURE,YES,NO,PRIVATE,NO,NO,NO,SOMETIMES,SOMETIMES,SOMETIMES,SOMETIMES,SOMETIMES,NO,YES,SOMETIMES,22,MODERATE,14,41,8,19,7,21,37,25,18,21,PRIVATE,SOMETIMES,PRIVATE,NO,NOT_SURE,NO,NO,NOT_SURE,NOT_SURE,YES,NO,NO,NO,SOMETIMES,NO,NO,NO,PRIVATE,NO,SOMETIMES,SOMETIMES,NO,NO,YES,SOMETIMES,NO,SOMETIMES,NO,NO,SOMETIMES,SOMETIMES,SOMETIMES,SOMETIMES,YES,YES,YES,SOMETIMES,YES,YES,SOMETIMES,NO,NO,SOMETIMES,NO,SOMETIMES,YES,YES,NO,SOMETIMES,SOMETIMES,YES
SYN-0536,NOT_SURE,NO,NO,NOT_SURE,NOT_SURE,NOT_SURE,NO,NOT_SURE,PRIVATE,NOT_SURE,NOT_SURE,SOMETIMES,YES,SOMETIMES,NOT_SURE,NOT_SURE,NOT_SURE,NOT_SURE,SOMETIMES,SOMETIMES,43,HIGH,74,34,66,0,53,24,52,19,30,54,NOT_SURE,YES,FRIENDS,NOT_SURE,NO,NO,NOT_SURE,NOT_SURE,NOT_SURE,NO,NOT_SURE,NOT_SURE,NOT_SURE,YES,NOT_SURE,NOT_SURE,NOT_SURE,PRIVATE,NO,NO,NO,SOMETIMES,NOT_SURE,SOMETIMES,SOMETIMES,NOT_SURE,YES,SOMETIMES,NO,NOT_SURE,NOT_SURE,SOMETIMES,NOT_SURE,YES,YES,SOMETIMES,SOMETIMES,YES,YES,NO,NOT_SURE,NOT_SURE,NO,NOT_SURE,NO,YES,SOMETIMES,NOT_SURE,SOMETIMES,SOMETIMES,NOT_SURE
SYN-0537,NOT_SURE,NOT_SURE,YES,NOT_SURE,NOT_SURE,NOT_SURE,NOT_SURE,NOT_SURE,FRIENDS,SOMETIMES,YES,NOT_SURE,YES,NOT_SURE,YES,SOMETIMES,SOMETIMES,NOT_SURE,SOMETIMES,NOT_SURE,50,HIGH,63,66,51,46,50,16,34,57,53,57,NOT_SURE,NOT_SURE,FRIENDS,NOT_SURE,NOT_SURE,YES,NOT_SURE,NOT_SURE,NOT_SURE,NOT_SURE,NOT_SURE,NO,SOMETIMES,NOT_SURE,NOT_SURE,YES,NOT_SURE,FRIENDS,NOT_SURE,SOMETIMES,NO,NOT_SURE,NOT_SURE,YES,SOMETIMES,NO,YES,NOT_SURE,SOMETIMES,YES,SOMETIMES,SOMETIMES,SOMETIMES,NOT_SURE,YES,SOMETIMES,NOT_SURE,SOMETIMES,SOMETIMES,SOMETIMES,SOMETIMES,NOT_SURE,SOMETIMES,NOT_SURE,NO,NOT_SURE,SOMETIMES,NOT_SURE,SOMETIMES,NOT_SURE,SOMETIMES
SYN-0538,NOT_SURE,NOT_SURE,YES,YES,YES,NOT_SURE,YES,NOT_SURE,PUBLIC,YES,NOT_SURE,NOT_SURE,NO,SOMETIMES,NOT_SURE,NOT_SURE,NOT_SURE,NOT_SURE,NO,NO,79,CRITICAL,64,74,94,90,69,100,78,61,70,89,NOT_SURE,NOT_SURE,NOT_SURE,SOMETIMES,NOT_SURE,YES,YES,NOT_SURE,NOT_SURE,YES,NOT_SURE,YES,YES,YES,YES,NOT_SURE,YES,PUBLIC,YES,NOT_SURE,YES,NOT_SURE,YES,SOMETIMES,SOMETIMES,YES,NO,YES,YES,NOT_SURE,NOT_SURE,NO,NOT_SURE,NO,NO,NO,SOMETIMES,SOMETIMES,NOT_SURE,YES,YES,NOT_SURE,NOT_SURE,SOMETIMES,NOT_SURE,NO,NO,SOMETIMES,NOT_SURE,NO,NO
SYN-0539,PRIVATE,NO,NO,NOT_SURE,NOT_SURE,NO,NO,NO,FRIENDS,SOMETIMES,NO,SOMETIMES,SOMETIMES,SOMETIMES,YES,YES,NOT_SURE,NOT_SURE,SOMETIMES,SOMETIMES,29,MODERATE,0,9,22,44,39,50,19,66,48,53,PRIVATE,NO,PRIVATE,NO,NO,NO,NOT_SURE,NO,NO,NO,NO,NO,SOMETIMES,NO,NOT_SURE,NO,NO,FRIENDS,SOMETIMES,SOMETIMES,NO,SOMETIMES,NOT_SURE,YES,NO,SOMETIMES,SOMETIMES,SOMETIMES,SOMETIMES,YES,NOT_SURE,YES,YES,YES,YES,NOT_SURE,SOMETIMES,NOT_SURE,NOT_SURE,YES,YES,NOT_SURE,NOT_SURE,NO,SOMETIMES,YES,SOMETIMES,SOMETIMES,NOT_SURE,SOMETIMES,SOMETIMES
SYN-0540,PUBLIC,NOT_SURE,NOT_SURE,NOT_SURE,NOT_SURE,NO,NOT_SURE,NOT_SURE,FRIENDS,YES,SOMETIMES,SOMETIMES,SOMETIMES,SOMETIMES,SOMETIMES,YES,SOMETIMES,NOT_SURE,YES,YES,54,HIGH,77,51,62,50,53,61,44,50,57,20,PUBLIC,NOT_SURE,NOT_SURE,SOMETIMES,NOT_SURE,NOT_SURE,NOT_SURE,NOT_SURE,NO,NOT_SURE,NOT_SURE,SOMETIMES,YES,NOT_SURE,NOT_SURE,SOMETIMES,NOT_SURE,FRIENDS,SOMETIMES,SOMETIMES,SOMETIMES,SOMETIMES,NOT_SURE,SOMETIMES,SOMETIMES,NOT_SURE,SOMETIMES,YES,NOT_SURE,SOMETIMES,SOMETIMES,SOMETIMES,YES,SOMETIMES,NOT_SURE,SOMETIMES,SOMETIMES,NO,YES,SOMETIMES,NOT_SURE,NOT_SURE,SOMETIMES,SOMETIMES,NOT_SURE,NOT_SURE,YES,NO,NOT_SURE,YES,NOT_SURE
SYN-0541,PUBLIC,NOT_SURE,NOT_SURE,YES,NO,NOT_SURE,NOT_SURE,YES,NOT_SURE,NOT_SURE,NO,SOMETIMES,NOT_SURE,NO,SOMETIMES,SOMETIMES,NOT_SURE,YES,NO,NOT_SURE,61,HIGH,93,69,23,84,30,63,54,56,85,76,PUBLIC,YES,PUBLIC,SOMETIMES,NOT_SURE,NOT_SURE,YES,NOT_SURE,NOT_SURE,NOT_SURE,YES,NO,NOT_SURE,NOT_SURE,NO,NO,NOT_SURE,NOT_SURE,YES,YES,NOT_SURE,SOMETIMES,NO,YES,NOT_SURE,NOT_SURE,NOT_SURE,SOMETIMES,NOT_SURE,SOMETIMES,NOT_SURE,SOMETIMES,SOMETIMES,SOMETIMES,SOMETIMES,NOT_SURE,NO,SOMETIMES,YES,SOMETIMES,SOMETIMES,YES,YES,YES,SOMETIMES,NOT_SURE,NO,SOMETIMES,NOT_SURE,NOT_SURE,NOT_SURE
SYN-0542,PRIVATE,NO,NO,NO,NO,NOT_SURE,NOT_SURE,NO,FRIENDS,NO,NO,NO,SOMETIMES,YES,YES,YES,SOMETIMES,NO,SOMETIMES,YES,15,LOW,14,13,9,40,7,37,20,6,0,14,PRIVATE,SOMETIMES,PRIVATE,NO,NO,NO,NO,NO,NOT_SURE,NOT_SURE,NO,NO,NO,NOT_SURE,NO,NO,NO,FRIENDS,NOT_SURE,NO,SOMETIMES,NO,NO,YES,SOMETIMES,NO,SOMETIMES,SOMETIMES,NOT_SURE,YES,SOMETIMES,SOMETIMES,YES,YES,NOT_SURE,YES,YES,YES,YES,SOMETIMES,NO,NO,NO,NO,NO,YES,SOMETIMES,NO,YES,YES,YES
SYN-0543,FRIENDS,NOT_SURE,NOT_SURE,NOT_SURE,YES,NOT_SURE,NOT_SURE,NO,FRIENDS,SOMETIMES,NOT_SURE,NOT_SURE,NO,NOT_SURE,YES,NOT_SURE,SOMETIMES,NOT_SURE,NO,SOMETIMES,61,HIGH,60,56,71,53,67,83,34,56,80,74,FRIENDS,NOT_SURE,FRIENDS,YES,NOT_SURE,NOT_SURE,NOT_SURE,NOT_SURE,NOT_SURE,NOT_SURE,NO,SOMETIMES,SOMETIMES,YES,YES,NOT_SURE,SOMETIMES,FRIENDS,SOMETIMES,NOT_SURE,SOMETIMES,NOT_SURE,NOT_SURE,NOT_SURE,YES,NOT_SURE,NO,YES,NOT_SURE,YES,SOMETIMES,SOMETIMES,NOT_SURE,SOMETIMES,SOMETIMES,YES,NOT_SURE,NOT_SURE,SOMETIMES,NO,SOMETIMES,NOT_SURE,YES,YES,YES,NOT_SURE,NO,YES,SOMETIMES,SOMETIMES,NOT_SURE
SYN-0544,PRIVATE,NOT_SURE,NO,NO,NO,NO,NO,NO,PRIVATE,SOMETIMES,NO,SOMETIMES,NOT_SURE,YES,YES,SOMETIMES,NOT_SURE,NO,SOMETIMES,YES,26,MODERATE,7,13,25,8,53,30,34,31,43,23,PRIVATE,NO,PRIVATE,SOMETIMES,NOT_SURE,NO,NO,NO,NO,NO,NO,NOT_SURE,SOMETIMES,NO,NO,NO,SOMETIMES,PRIVATE,NO,NO,NOT_SURE,SOMETIMES,NOT_SURE,SOMETIMES,SOMETIMES,NO,NOT_SURE,NO,NO,YES,NOT_SURE,NOT_SURE,SOMETIMES,NOT_SURE,YES,YES,YES,SOMETIMES,SOMETIMES,SOMETIMES,SOMETIMES,NO,NOT_SURE,NOT_SURE,NO,NOT_SURE,SOMETIMES,NOT_SURE,YES,YES,YES
SYN-0545,NOT_SURE,YES,YES,NOT_SURE,NOT_SURE,YES,YES,YES,PUBLIC,SOMETIMES,NOT_SURE,NOT_SURE,NOT_SURE,NO,NOT_SURE,SOMETIMES,YES,NOT_SURE,SOMETIMES,NOT_SURE,74,CRITICAL,73,86,77,70,50,87,78,75,66,70,NOT_SURE,YES,FRIENDS,SOMETIMES,YES,YES,NOT_SURE,NOT_SURE,YES,YES,YES,YES,SOMETIMES,YES,NOT_SURE,NOT_SURE,YES,PUBLIC,NO,YES,NOT_SURE,NOT_SURE,NOT_SURE,YES,SOMETIMES,YES,NOT_SURE,YES,YES,NOT_SURE,YES,NOT_SURE,SOMETIMES,NOT_SURE,NO,NO,NO,NOT_SURE,SOMETIMES,NOT_SURE,YES,NOT_SURE,NOT_SURE,SOMETIMES,NOT_SURE,NOT_SURE,SOMETIMES,YES,NO,NOT_SURE,SOMETIMES
SYN-0546,PUBLIC,NOT_SURE,YES,NOT_SURE,YES,YES,YES,YES,FRIENDS,YES,NOT_SURE,NOT_SURE,SOMETIMES,NOT_SURE,NO,YES,YES,NOT_SURE,NOT_SURE,NO,69,HIGH,71,77,75,54,64,50,74,76,56,79,PUBLIC,SOMETIMES,FRIENDS,SOMETIMES,NOT_SURE,YES,NOT_SURE,NOT_SURE,YES,YES,YES,SOMETIMES,YES,SOMETIMES,YES,NOT_SURE,YES,FRIENDS,SOMETIMES,NOT_SURE,NOT_SURE,NOT_SURE,NOT_SURE,SOMETIMES,YES,SOMETIMES,SOMETIMES,SOMETIMES,SOMETIMES,NO,YES,NOT_SURE,YES,NOT_SURE,NOT_SURE,SOMETIMES,NOT_SURE,SOMETIMES,NO,YES,SOMETIMES,NOT_SURE,NOT_SURE,NOT_SURE,SOMETIMES,SOMETIMES,NOT_SURE,NOT_SURE,SOMETIMES,NO,NO
SYN-0547,NOT_SURE,NOT_SURE,NOT_SURE,NOT_SURE,NOT_SURE,YES,NOT_SURE,NOT_SURE,FRIENDS,NOT_SURE,NOT_SURE,SOMETIMES,NO,SOMETIMES,NOT_SURE,NO,NOT_SURE,NOT_SURE,NOT_SURE,NOT_SURE,69,HIGH,73,66,60,61,63,93,76,60,71,77,NOT_SURE,SOMETIMES,PUBLIC,YES,NOT_SURE,NOT_SURE,NOT_SURE,NOT_SURE,YES,NOT_SURE,NOT_SURE,NOT_SURE,NOT_SURE,NOT_SURE,NOT_SURE,NOT_SURE,NOT_SURE,FRIENDS,NOT_SURE,NOT_SURE,YES,SOMETIMES,NOT_SURE,NOT_SURE,YES,YES,NO,SOMETIMES,YES,NOT_SURE,NOT_SURE,NO,NO,NO,NOT_SURE,SOMETIMES,SOMETIMES,NOT_SURE,NOT_SURE,SOMETIMES,SOMETIMES,NOT_SURE,YES,NOT_SURE,NOT_SURE,NOT_SURE,NOT_SURE,NOT_SURE,NO,NOT_SURE,NO
SYN-0548,PRIVATE,NOT_SURE,NO,NO,NO,NO,NOT_SURE,NO,FRIENDS,NO,SOMETIMES,NO,YES,NOT_SURE,YES,SOMETIMES,NO,NO,YES,YES,15,LOW,10,30,8,19,7,0,18,34,14,0,PRIVATE,NO,NOT_SURE,NO,NOT_SURE,NO,NO,NOT_SURE,NO,NOT_SURE,NO,NO,NO,NO,NO,SOMETIMES,NO,FRIENDS,NO,NO,NO,NO,NO,YES,SOMETIMES,NO,YES,NO,NO,YES,NO,NOT_SURE,SOMETIMES,SOMETIMES,YES,YES,NOT_SURE,YES,YES,NOT_SURE,NO,NO,SOMETIMES,NO,NO,YES,YES,NO,YES,YES,YES
SYN-0549,FRIENDS,NOT_SURE,NO,NOT_SURE,NOT_SURE,NOT_SURE,NO,NO,FRIENDS,SOMETIMES,NO,NOT_SURE,SOMETIMES,NOT_SURE,NOT_SURE,SOMETIMES,SOMETIMES,NOT_SURE,NOT_SURE,NOT_SURE,51,HIGH,50,43,45,41,40,56,52,59,80,63,FRIENDS,SOMETIMES,FRIENDS,SOMETIMES,NOT_SURE,NO,NOT_SURE,NOT_SURE,NOT_SURE,NO,NO,SOMETIMES,SOMETIMES,SOMETIMES,NOT_SURE,NO,NOT_SURE,FRIENDS,NOT_SURE,NO,NOT_SURE,NOT_SURE,NO,SOMETIMES,SOMETIMES,NOT_SURE,SOMETIMES,NOT_SURE,NOT_SURE,NOT_SURE,SOMETIMES,YES,SOMETIMES,SOMETIMES,SOMETIMES,SOMETIMES,NOT_SURE,SOMETIMES,SOMETIMES,NOT_SURE,YES,NOT_SURE,YES,SOMETIMES,YES,NOT_SURE,NOT_SURE,NOT_SURE,SOMETIMES,NOT_SURE,SOMETIMES
SYN-0550,NOT_SURE,NOT_SURE,NOT_SURE,NOT_SURE,NOT_SURE,NOT_SURE,YES,NOT_SURE,FRIENDS,SOMETIMES,NOT_SURE,SOMETIMES,SOMETIMES,NO,SOMETIMES,NOT_SURE,YES,NOT_SURE,YES,SOMETIMES,60,HIGH,66,63,46,54,63,59,71,69,66,36,NOT_SURE,SOMETIMES,PUBLIC,SOMETIMES,NOT_SURE,NOT_SURE,NOT_SURE,NOT_SURE,NOT_SURE,YES,NOT_SURE,SOMETIMES,SOMETIMES,NO,NOT_SURE,NOT_SURE,SOMETIMES,FRIENDS,NOT_SURE,SOMETIMES,NOT_SURE,SOMETIMES,NOT_SURE,NOT_SURE,YES,SOMETIMES,SOMETIMES,NOT_SURE,YES,SOMETIMES,YES,NO,NOT_SURE,NOT_SURE,SOMETIMES,NOT_SURE,NO,SOMETIMES,SOMETIMES,SOMETIMES,YES,NOT_SURE,NOT_SURE,NOT_SURE,SOMETIMES,NOT_SURE,YES,SOMETIMES,SOMETIMES,SOMETIMES,SOMETIMES
SYN-0551,NOT_SURE,NOT_SURE,NOT_SURE,YES,YES,YES,NOT_SURE,NOT_SURE,NOT_SURE,YES,NOT_SURE,NOT_SURE,NO,NO,NO,SOMETIMES,SOMETIMES,YES,NO,NOT_SURE,80,CRITICAL,64,71,94,61,71,86,81,93,100,81,NOT_SURE,NOT_SURE,NOT_SURE,SOMETIMES,NOT_SURE,NOT_SURE,YES,NOT_SURE,YES,NOT_SURE,NOT_SURE,YES,YES,YES,YES,NOT_SURE,YES,NOT_SURE,NOT_SURE,SOMETIMES,NOT_SURE,NOT_SURE,NOT_SURE,NO,YES,SOMETIMES,NO,YES,YES,NO,SOMETIMES,NO,SOMETIMES,NO,NO,NO,NO,NOT_SURE,NO,YES,YES,YES,YES,YES,YES,NO,NO,NOT_SURE,NOT_SURE,NOT_SURE,NO
SYN-0552,PUBLIC,NOT_SURE,NOT_SURE,NOT_SURE,NOT_SURE,NO,NO,NOT_SURE,NOT_SURE,YES,SOMETIMES,YES,NO,NO,NO,SOMETIMES,NOT_SURE,NOT_SURE,SOMETIMES,SOMETIMES,70,HIGH,67,47,74,73,79,89,78,68,77,50,PUBLIC,SOMETIMES,NOT_SURE,NO,NOT_SURE,NOT_SURE,NOT_SURE,NOT_SURE,NO,NO,NOT_SURE,YES,YES,NOT_SURE,NOT_SURE,SOMETIMES,NOT_SURE,NOT_SURE,NOT_SURE,YES,SOMETIMES,YES,NOT_SURE,NOT_SURE,NOT_SURE,YES,NO,NOT_SURE,NOT_SURE,NO,NOT_SURE,NO,SOMETIMES,SOMETIMES,NO,NO,NO,SOMETIMES,NOT_SURE,NO,SOMETIMES,NOT_SURE,YES,YES,YES,SOMETIMES,SOMETIMES,SOMETIMES,SOMETIMES,SOMETIMES,SOMETIMES
SYN-0553,FRIENDS,NOT_SURE,YES,NOT_SURE,NOT_SURE,NOT_SURE,NOT_SURE,NOT_SURE,NOT_SURE,NOT_SURE,NOT_SURE,SOMETIMES,SOMETIMES,NOT_SURE,NO,NO,NO,NOT_SURE,SOMETIMES,YES,59,HIGH,67,66,55,57,63,36,61,57,67,36,FRIENDS,YES,NOT_SURE,SOMETIMES,NOT_SURE,YES,NOT_SURE,NOT_SURE,NOT_SURE,NOT_SURE,NOT_SURE,NOT_SURE,NOT_SURE,NOT_SURE,NOT_SURE,NOT_SURE,NO,NOT_SURE,SOMETIMES,SOMETIMES,SOMETIMES,SOMETIMES,NOT_SURE,NOT_SURE,YES,NO,SOMETIMES,SOMETIMES,SOMETIMES,NO,NO,YES,NO,SOMETIMES,NO,SOMETIMES,NOT_SURE,SOMETIMES,SOMETIMES,SOMETIMES,SOMETIMES,NOT_SURE,YES,SOMETIMES,NOT_SURE,SOMETIMES,SOMETIMES,SOMETIMES,SOMETIMES,YES,SOMETIMES
SYN-0554,FRIENDS,NO,NO,NOT_SURE,NO,NO,NOT_SURE,YES,FRIENDS,NO,NO,SOMETIMES,SOMETIMES,SOMETIMES,SOMETIMES,SOMETIMES,NO,NO,YES,SOMETIMES,39,MODERATE,43,41,21,40,67,51,34,64,18,43,FRIENDS,SOMETIMES,FRIENDS,NO,NO,NO,NOT_SURE,YES,NO,NOT_SURE,YES,SOMETIMES,NO,NOT_SURE,NO,NO,NO,FRIENDS,NOT_SURE,NO,SOMETIMES,SOMETIMES,YES,NOT_SURE,SOMETIMES,SOMETIMES,SOMETIMES,SOMETIMES,NOT_SURE,SOMETIMES,NO,SOMETIMES,SOMETIMES,NOT_SURE,YES,YES,SOMETIMES,SOMETIMES,NO,NOT_SURE,SOMETIMES,NO,NO,SOMETIMES,SOMETIMES,YES,YES,YES,SOMETIMES,SOMETIMES,SOMETIMES
SYN-0555,NOT_SURE,NOT_SURE,NOT_SURE,NOT_SURE,NOT_SURE,NOT_SURE,NOT_SURE,NOT_SURE,NOT_SURE,SOMETIMES,YES,SOMETIMES,SOMETIMES,NOT_SURE,NO,SOMETIMES,YES,SOMETIMES,SOMETIMES,SOMETIMES,68,HIGH,63,69,83,61,56,64,82,74,54,60,NOT_SURE,SOMETIMES,NOT_SURE,NOT_SURE,NOT_SURE,NOT_SURE,NOT_SURE,YES,NOT_SURE,NOT_SURE,NOT_SURE,YES,SOMETIMES,YES,NOT_SURE,YES,YES,NOT_SURE,NOT_SURE,SOMETIMES,NOT_SURE,SOMETIMES,NOT_SURE,NOT_SURE,SOMETIMES,SOMETIMES,SOMETIMES,YES,YES,NO,YES,NO,SOMETIMES,NOT_SURE,SOMETIMES,SOMETIMES,NOT_SURE,NOT_SURE,NOT_SURE,YES,NOT_SURE,SOMETIMES,SOMETIMES,NOT_SURE,NOT_SURE,SOMETIMES,SOMETIMES,YES,NOT_SURE,SOMETIMES,SOMETIMES
SYN-0556,FRIENDS,NO,NOT_SURE,NOT_SURE,NO,NOT_SURE,YES,NO,NOT_SURE,NO,NOT_SURE,NO,NOT_SURE,SOMETIMES,SOMETIMES,SOMETIMES,NOT_SURE,SOMETIMES,SOMETIMES,SOMETIMES,42,HIGH,39,46,22,32,26,81,47,63,53,53,FRIENDS,NO,NOT_SURE,SOMETIMES,NO,NOT_SURE,NOT_SURE,NOT_SURE,NOT_SURE,YES,NO,NO,NO,NOT_SURE,NO,NOT_SURE,SOMETIMES,NOT_SURE,NO,NO,SOMETIMES,NO,NOT_SURE,YES,NOT_SURE,YES,NOT_SURE,NOT_SURE,YES,SOMETIMES,NOT_SURE,SOMETIMES,SOMETIMES,YES,SOMETIMES,SOMETIMES,SOMETIMES,NO,SOMETIMES,SOMETIMES,SOMETIMES,SOMETIMES,NOT_SURE,SOMETIMES,SOMETIMES,SOMETIMES,SOMETIMES,SOMETIMES,SOMETIMES,SOMETIMES,NOT_SURE
SYN-0557,FRIENDS,YES,YES,YES,YES,YES,NOT_SURE,NOT_SURE,FRIENDS,YES,SOMETIMES,NOT_SURE,NOT_SURE,NO,NO,NOT_SURE,YES,YES,NOT_SURE,NO,79,CRITICAL,67,86,77,71,76,80,90,75,85,76,FRIENDS,NOT_SURE,PUBLIC,YES,YES,YES,YES,NOT_SURE,YES,NOT_SURE,NOT_SURE,SOMETIMES,YES,YES,YES,SOMETIMES,SOMETIMES,FRIENDS,NOT_SURE,YES,YES,NOT_SURE,YES,NO,SOMETIMES,YES,NOT_SURE,YES,SOMETIMES,NO,YES,NOT_SURE,NOT_SURE,NOT_SURE,NO,NO,NO,SOMETIMES,NOT_SURE,NOT_SURE,NOT_SURE,YES,YES,NOT_SURE,SOMETIMES,NO,NOT_SURE,SOMETIMES,NOT_SURE,NO,NOT_SURE
SYN-0558,PRIVATE,NO,NO,NOT_SURE,NO,NOT_SURE,NOT_SURE,NO,PRIVATE,SOMETIMES,SOMETIMES,SOMETIMES,SOMETIMES,YES,YES,YES,NO,NO,SOMETIMES,YES,24,MODERATE,36,34,29,6,43,21,9,6,14,37,PRIVATE,NOT_SURE,NOT_SURE,NOT_SURE,NO,NO,NOT_SURE,NOT_SURE,NOT_SURE,NOT_SURE,NO,NO,SOMETIMES,NOT_SURE,NO,SOMETIMES,NOT_SURE,PRIVATE,NO,NO,SOMETIMES,SOMETIMES,NO,SOMETIMES,YES,NO,SOMETIMES,NO,NO,YES,NO,YES,YES,SOMETIMES,SOMETIMES,YES,YES,YES,YES,SOMETIMES,NO,NO,SOMETIMES,NO,NO,YES,SOMETIMES,NOT_SURE,SOMETIMES,YES,SOMETIMES
SYN-0559,PUBLIC,NOT_SURE,YES,NOT_SURE,YES,NOT_SURE,NOT_SURE,NOT_SURE,NOT_SURE,NOT_SURE,SOMETIMES,YES,SOMETIMES,NOT_SURE,SOMETIMES,NOT_SURE,YES,NOT_SURE,SOMETIMES,SOMETIMES,75,CRITICAL,96,66,65,89,86,73,74,68,76,57,PUBLIC,YES,NOT_SURE,YES,NOT_SURE,YES,NOT_SURE,NOT_SURE,NOT_SURE,NOT_SURE,NOT_SURE,NOT_SURE,NOT_SURE,SOMETIMES,YES,SOMETIMES,SOMETIMES,NOT_SURE,YES,YES,YES,YES,YES,SOMETIMES,SOMETIMES,YES,SOMETIMES,NOT_SURE,YES,SOMETIMES,YES,NO,NOT_SURE,NOT_SURE,SOMETIMES,NO,NOT_SURE,NOT_SURE,NOT_SURE,SOMETIMES,NOT_SURE,NOT_SURE,YES,NOT_SURE,YES,NOT_SURE,SOMETIMES,NOT_SURE,NOT_SURE,SOMETIMES,NOT_SURE
SYN-0560,FRIENDS,NOT_SURE,NOT_SURE,NOT_SURE,NOT_SURE,NO,NOT_SURE,NO,FRIENDS,SOMETIMES,SOMETIMES,NO,SOMETIMES,SOMETIMES,NO,SOMETIMES,NO,SOMETIMES,SOMETIMES,SOMETIMES,37,MODERATE,31,34,55,39,0,21,56,38,34,36,FRIENDS,NO,NOT_SURE,NO,NOT_SURE,NOT_SURE,NOT_SURE,NO,NO,NOT_SURE,NO,NOT_SURE,SOMETIMES,SOMETIMES,NOT_SURE,SOMETIMES,SOMETIMES,FRIENDS,SOMETIMES,NO,NOT_SURE,NO,NO,YES,NO,NO,SOMETIMES,NO,NO,NO,NO,SOMETIMES,SOMETIMES,NOT_SURE,SOMETIMES,SOMETIMES,SOMETIMES,SOMETIMES,YES,SOMETIMES,NOT_SURE,SOMETIMES,NO,SOMETIMES,NO,SOMETIMES,SOMETIMES,NO,YES,SOMETIMES,SOMETIMES
SYN-0561,NOT_SURE,NOT_SURE,NOT_SURE,NOT_SURE,NOT_SURE,NO,YES,NOT_SURE,FRIENDS,NOT_SURE,NOT_SURE,SOMETIMES,YES,YES,NOT_SURE,NOT_SURE,SOMETIMES,NO,NOT_SURE,YES,50,HIGH,51,54,66,39,54,36,59,31,37,30,NOT_SURE,SOMETIMES,PRIVATE,SOMETIMES,NOT_SURE,NOT_SURE,NOT_SURE,NOT_SURE,NO,YES,NOT_SURE,NOT_SURE,NOT_SURE,YES,NOT_SURE,NOT_SURE,NOT_SURE,FRIENDS,SOMETIMES,NO,NOT_SURE,SOMETIMES,NOT_SURE,SOMETIMES,NOT_SURE,SOMETIMES,YES,YES,SOMETIMES,NOT_SURE,SOMETIMES,SOMETIMES,NOT_SURE,SOMETIMES,SOMETIMES,SOMETIMES,YES,SOMETIMES,SOMETIMES,SOMETIMES,NOT_SURE,NO,SOMETIMES,NO,NOT_SURE,NOT_SURE,NOT_SURE,NO,NOT_SURE,YES,YES
SYN-0562,NOT_SURE,YES,YES,YES,YES,YES,NOT_SURE,YES,FRIENDS,YES,YES,NOT_SURE,NOT_SURE,NOT_SURE,NO,NOT_SURE,NOT_SURE,YES,NO,NO,81,CRITICAL,70,97,100,51,71,81,81,69,83,87,NOT_SURE,NOT_SURE,PUBLIC,NOT_SURE,YES,YES,YES,YES,YES,NOT_SURE,YES,YES,YES,YES,YES,YES,YES,FRIENDS,SOMETIMES,SOMETIMES,NOT_SURE,NOT_SURE,NOT_SURE,NO,YES,YES,NOT_SURE,NOT_SURE,YES,NO,NOT_SURE,NO,NOT_SURE,NO,NOT_SURE,SOMETIMES,NOT_SURE,NOT_SURE,SOMETIMES,YES,NOT_SURE,YES,YES,SOMETIMES,YES,NOT_SURE,NO,NOT_SURE,NO,NO,SOMETIMES
SYN-0563,FRIENDS,NO,NO,NO,NO,NO,NOT_SURE,NO,PRIVATE,NO,NO,NO,SOMETIMES,YES,YES,SOMETIMES,SOMETIMES,SOMETIMES,YES,YES,15,LOW,36,4,0,0,0,44,28,13,36,7,FRIENDS,NO,FRIENDS,SOMETIMES,NO,NO,NO,NO,NO,NOT_SURE,NO,NO,NO,NO,NO,NO,NO,PRIVATE,NO,NO,NO,NO,NO,YES,NO,SOMETIMES,SOMETIMES,NO,NOT_SURE,YES,SOMETIMES,YES,SOMETIMES,SOMETIMES,YES,SOMETIMES,YES,SOMETIMES,YES,NO,SOMETIMES,SOMETIMES,NO,SOMETIMES,SOMETIMES,SOMETIMES,YES,NO,SOMETIMES,YES,YES
SYN-0564,NOT_SURE,NOT_SURE,NOT_SURE,NO,NOT_SURE,NO,NO,NO,NOT_SURE,NOT_SURE,NOT_SURE,SOMETIMES,SOMETIMES,NOT_SURE,SOMETIMES,SOMETIMES,NO,SOMETIMES,YES,YES,40,MODERATE,47,21,59,45,29,50,22,50,64,29,NOT_SURE,NOT_SURE,PRIVATE,NO,NOT_SURE,NOT_SURE,NO,NO,NO,NO,NO,SOMETIMES,NOT_SURE,SOMETIMES,NOT_SURE,NOT_SURE,YES,NOT_SURE,NO,SOMETIMES,SOMETIMES,SOMETIMES,NO,YES,SOMETIMES,SOMETIMES,SOMETIMES,SOMETIMES,SOMETIMES,SOMETIMES,NO,YES,SOMETIMES,YES,YES,YES,NOT_SURE,YES,NOT_SURE,SOMETIMES,NOT_SURE,SOMETIMES,YES,NOT_SURE,NO,SOMETIMES,YES,YES,SOMETIMES,YES,SOMETIMES
SYN-0565,PUBLIC,NOT_SURE,NOT_SURE,YES,YES,NOT_SURE,YES,NOT_SURE,NOT_SURE,YES,YES,YES,NOT_SURE,SOMETIMES,NO,NO,YES,NOT_SURE,SOMETIMES,NO,78,CRITICAL,84,77,94,61,81,70,92,64,54,77,PUBLIC,NOT_SURE,NOT_SURE,YES,NOT_SURE,NOT_SURE,YES,YES,NOT_SURE,YES,NOT_SURE,YES,YES,NOT_SURE,YES,YES,YES,NOT_SURE,SOMETIMES,NOT_SURE,NOT_SURE,YES,NOT_SURE,NO,SOMETIMES,NOT_SURE,NOT_SURE,YES,NOT_SURE,NO,YES,NOT_SURE,NO,NO,NOT_SURE,SOMETIMES,SOMETIMES,SOMETIMES,NO,NOT_SURE,NOT_SURE,NOT_SURE,SOMETIMES,SOMETIMES,NOT_SURE,SOMETIMES,SOMETIMES,YES,NOT_SURE,NO,NOT_SURE
SYN-0566,NOT_SURE,NOT_SURE,NOT_SURE,NOT_SURE,NOT_SURE,YES,NOT_SURE,NOT_SURE,NOT_SURE,SOMETIMES,YES,NOT_SURE,SOMETIMES,SOMETIMES,SOMETIMES,YES,YES,SOMETIMES,YES,YES,61,HIGH,49,74,65,74,51,53,57,69,72,14,NOT_SURE,NO,NOT_SURE,NOT_SURE,NOT_SURE,NOT_SURE,NOT_SURE,YES,YES,NOT_SURE,NOT_SURE,SOMETIMES,SOMETIMES,NOT_SURE,NOT_SURE,YES,YES,NOT_SURE,NOT_SURE,YES,NOT_SURE,NOT_SURE,NOT_SURE,YES,NOT_SURE,NOT_SURE,SOMETIMES,SOMETIMES,SOMETIMES,SOMETIMES,YES,NOT_SURE,YES,NOT_SURE,SOMETIMES,SOMETIMES,SOMETIMES,NOT_SURE,NO,NOT_SURE,YES,SOMETIMES,SOMETIMES,YES,NOT_SURE,NO,YES,SOMETIMES,YES,YES,SOMETIMES
SYN-0567,NOT_SURE,NOT_SURE,NOT_SURE,NO,NOT_SURE,NOT_SURE,NOT_SURE,NOT_SURE,FRIENDS,NO,NO,SOMETIMES,NOT_SURE,SOMETIMES,YES,YES,NOT_SURE,NO,YES,YES,36,MODERATE,44,60,26,19,29,51,22,60,36,23,NOT_SURE,NO,FRIENDS,SOMETIMES,NOT_SURE,NOT_SURE,NO,YES,NOT_SURE,NOT_SURE,NOT_SURE,NO,NO,SOMETIMES,NOT_SURE,NO,NOT_SURE,FRIENDS,NO,NO,NO,SOMETIMES,NO,SOMETIMES,NO,SOMETIMES,NOT_SURE,SOMETIMES,NO,YES,NOT_SURE,YES,YES,YES,NOT_SURE,SOMETIMES,SOMETIMES,NOT_SURE,NOT_SURE,SOMETIMES,YES,NO,SOMETIMES,NO,NO,SOMETIMES,YES,NOT_SURE,SOMETIMES,YES,SOMETIMES
SYN-0568,PUBLIC,NOT_SURE,YES,NOT_SURE,NOT_SURE,NOT_SURE,NOT_SURE,YES,FRIENDS,NOT_SURE,YES,YES,NOT_SURE,NO,NOT_SURE,NOT_SURE,NOT_SURE,YES,SOMETIMES,NOT_SURE,75,CRITICAL,87,69,82,55,83,87,69,80,81,59,PUBLIC,YES,FRIENDS,NOT_SURE,NOT_SURE,YES,NOT_SURE,NOT_SURE,NOT_SURE,NOT_SURE,YES,YES,NOT_SURE,YES,NOT_SURE,YES,NOT_SURE,FRIENDS,NOT_SURE,NOT_SURE,SOMETIMES,YES,NOT_SURE,NO,NOT_SURE,YES,NOT_SURE,YES,YES,NOT_SURE,NOT_SURE,NOT_SURE,NOT_SURE,NOT_SURE,NO,SOMETIMES,NO,NOT_SURE,NOT_SURE,NOT_SURE,NOT_SURE,YES,YES,NOT_SURE,NOT_SURE,NOT_SURE,SOMETIMES,SOMETIMES,SOMETIMES,NOT_SURE,NOT_SURE
SYN-0569,NOT_SURE,NOT_SURE,NO,NOT_SURE,NOT_SURE,NOT_SURE,NO,NO,NOT_SURE,SOMETIMES,SOMETIMES,SOMETIMES,NOT_SURE,NOT_SURE,SOMETIMES,SOMETIMES,NO,SOMETIMES,SOMETIMES,SOMETIMES,45,HIGH,44,43,50,63,53,70,26,63,26,43,NOT_SURE,SOMETIMES,PRIVATE,NO,NOT_SURE,NO,NOT_SURE,NOT_SURE,NOT_SURE,NO,NO,SOMETIMES,SOMETIMES,NOT_SURE,NOT_SURE,SOMETIMES,NO,NOT_SURE,NOT_SURE,NOT_SURE,SOMETIMES,SOMETIMES,NOT_SURE,SOMETIMES,SOMETIMES,NOT_SURE,NOT_SURE,YES,NOT_SURE,SOMETIMES,NO,YES,SOMETIMES,YES,YES,SOMETIMES,NOT_SURE,NOT_SURE,SOMETIMES,SOMETIMES,NOT_SURE,SOMETIMES,NO,NO,NO,SOMETIMES,SOMETIMES,SOMETIMES,SOMETIMES,SOMETIMES,YES
SYN-0570,PRIVATE,NOT_SURE,NOT_SURE,NO,NOT_SURE,NOT_SURE,NOT_SURE,NOT_SURE,PRIVATE,NOT_SURE,SOMETIMES,NO,NOT_SURE,YES,SOMETIMES,YES,NO,NOT_SURE,SOMETIMES,YES,29,MODERATE,14,39,56,15,0,46,36,18,30,14,PRIVATE,SOMETIMES,PRIVATE,NO,NOT_SURE,NOT_SURE,NO,NO,NOT_SURE,NOT_SURE,NOT_SURE,NOT_SURE,NOT_SURE,SOMETIMES,NOT_SURE,SOMETIMES,SOMETIMES,PRIVATE,NOT_SURE,NO,NO,NO,NO,YES,NO,NO,NOT_SURE,NOT_SURE,SOMETIMES,SOMETIMES,NO,YES,YES,NO,NOT_SURE,NOT_SURE,YES,YES,NOT_SURE,NO,NO,NOT_SURE,NOT_SURE,NO,NO,YES,SOMETIMES,NO,YES,YES,YES
SYN-0571,FRIENDS,NOT_SURE,YES,NOT_SURE,NOT_SURE,NOT_SURE,NOT_SURE,NOT_SURE,FRIENDS,SOMETIMES,NOT_SURE,NO,NO,NOT_SURE,SOMETIMES,NO,NOT_SURE,SOMETIMES,SOMETIMES,NO,63,HIGH,57,66,74,63,36,71,65,59,62,79,FRIENDS,NOT_SURE,NOT_SURE,NOT_SURE,NOT_SURE,YES,NOT_SURE,NOT_SURE,NOT_SURE,NOT_SURE,NOT_SURE,YES,SOMETIMES,YES,NOT_SURE,NOT_SURE,NOT_SURE,FRIENDS,YES,SOMETIMES,SOMETIMES,NO,NOT_SURE,NOT_SURE,NOT_SURE,SOMETIMES,NO,SOMETIMES,SOMETIMES,SOMETIMES,NOT_SURE,NO,NO,SOMETIMES,NOT_SURE,SOMETIMES,NOT_SURE,SOMETIMES,SOMETIMES,NOT_SURE,SOMETIMES,SOMETIMES,NOT_SURE,NOT_SURE,NOT_SURE,NO,SOMETIMES,YES,SOMETIMES,NO,NO
SYN-0572,PRIVATE,NO,NO,NOT_SURE,NO,NO,NO,NO,FRIENDS,NO,NO,NO,SOMETIMES,YES,SOMETIMES,YES,NO,NO,YES,YES,19,LOW,29,21,0,19,17,53,24,0,30,0,PRIVATE,SOMETIMES,FRIENDS,SOMETIMES,NO,NO,NOT_SURE,NOT_SURE,NO,NO,NO,NO,NO,NO,NO,NO,NO,FRIENDS,NO,NO,NO,NO,NOT_SURE,YES,NO,NOT_SURE,SOMETIMES,SOMETIMES,SOMETIMES,SOMETIMES,NO,SOMETIMES,YES,SOMETIMES,YES,YES,YES,YES,YES,NO,NO,NO,SOMETIMES,NOT_SURE,NO,SOMETIMES,YES,NO,YES,YES,YES
SYN-0573,PUBLIC,NOT_SURE,YES,YES,YES,YES,YES,NOT_SURE,NOT_SURE,NOT_SURE,YES,YES,NO,SOMETIMES,NOT_SURE,NOT_SURE,YES,YES,NO,NO,82,CRITICAL,81,80,94,60,100,100,79,69,72,93,PUBLIC,NOT_SURE,FRIENDS,YES,NOT_SURE,YES,YES,NOT_SURE,YES,YES,NOT_SURE,YES,NOT_SURE,YES,YES,YES,YES,NOT_SURE,SOMETIMES,NOT_SURE,SOMETIMES,YES,YES,NO,YES,YES,NO,YES,YES,NOT_SURE,YES,NO,NOT_SURE,SOMETIMES,NO,NOT_SURE,SOMETIMES,SOMETIMES,NO,YES,NOT_SURE,YES,NOT_SURE,YES,SOMETIMES,SOMETIMES,NO,SOMETIMES,NO,NO,NO
SYN-0574,PUBLIC,NOT_SURE,NOT_SURE,YES,YES,NOT_SURE,NOT_SURE,NOT_SURE,NOT_SURE,SOMETIMES,SOMETIMES,NOT_SURE,NOT_SURE,NO,NOT_SURE,NO,SOMETIMES,NOT_SURE,SOMETIMES,NO,72,CRITICAL,81,66,69,79,61,73,67,100,70,69,PUBLIC,NOT_SURE,FRIENDS,YES,NOT_SURE,NOT_SURE,YES,NOT_SURE,NOT_SURE,NOT_SURE,NOT_SURE,NOT_SURE,SOMETIMES,NOT_SURE,YES,SOMETIMES,YES,NOT_SURE,NOT_SURE,YES,YES,NOT_SURE,NOT_SURE,NOT_SURE,NOT_SURE,SOMETIMES,NOT_SURE,YES,YES,NOT_SURE,SOMETIMES,NOT_SURE,NO,NOT_SURE,SOMETIMES,SOMETIMES,NO,NO,NO,YES,YES,NOT_SURE,NOT_SURE,YES,NOT_SURE,SOMETIMES,SOMETIMES,NOT_SURE,SOMETIMES,NO,NOT_SURE
SYN-0575,PUBLIC,YES,YES,YES,YES,YES,YES,YES,PUBLIC,YES,YES,YES,NO,NO,NO,NOT_SURE,NOT_SURE,SOMETIMES,NO,SOMETIMES,89,CRITICAL,86,100,100,85,86,94,81,94,79,81,PUBLIC,SOMETIMES,PUBLIC,YES,YES,YES,YES,YES,YES,YES,YES,YES,YES,YES,YES,YES,YES,PUBLIC,NOT_SURE,YES,NOT_SURE,YES,YES,SOMETIMES,SOMETIMES,YES,NO,YES,NOT_SURE,NO,NOT_SURE,NO,NOT_SURE,SOMETIMES,NO,NO,NO,NO,NO,SOMETIMES,YES,SOMETIMES,YES,NOT_SURE,YES,NOT_SURE,NO,YES,NO,SOMETIMES,NOT_SURE
SYN-0576,NOT_SURE,NO,NOT_SURE,NOT_SURE,NOT_SURE,NO,NOT_SURE,NO,NOT_SURE,NOT_SURE,SOMETIMES,SOMETIMES,NOT_SURE,YES,YES,SOMETIMES,NOT_SURE,SOMETIMES,SOMETIMES,SOMETIMES,37,MODERATE,60,34,38,48,36,53,31,0,25,37,NOT_SURE,SOMETIMES,FRIENDS,NOT_SURE,NO,NOT_SURE,NOT_SURE,NOT_SURE,NO,NOT_SURE,NO,NO,NOT_SURE,SOMETIMES,NOT_SURE,SOMETIMES,NO,NOT_SURE,NOT_SURE,NO,SOMETIMES,SOMETIMES,NO,SOMETIMES,SOMETIMES,SOMETIMES,NOT_SURE,NOT_SURE,NO,YES,NOT_SURE,NOT_SURE,SOMETIMES,SOMETIMES,YES,YES,YES,YES,YES,NO,SOMETIMES,SOMETIMES,NO,NO,NO,SOMETIMES,SOMETIMES,NOT_SURE,YES,SOMETIMES,YES
SYN-0577,PRIVATE,NOT_SURE,NO,NO,NOT_SURE,NO,NO,NO,PRIVATE,NO,NOT_SURE,NO,SOMETIMES,SOMETIMES,YES,YES,SOMETIMES,NO,SOMETIMES,NOT_SURE,22,MODERATE,0,13,44,19,0,50,20,44,19,41,PRIVATE,NO,PRIVATE,NO,NOT_SURE,NO,NO,NO,NO,NO,NO,SOMETIMES,NO,NOT_SURE,NOT_SURE,NOT_SURE,NO,PRIVATE,SOMETIMES,NO,SOMETIMES,NO,NO,YES,NO,SOMETIMES,SOMETIMES,YES,NO,YES,SOMETIMES,NOT_SURE,YES,YES,YES,SOMETIMES,SOMETIMES,SOMETIMES,SOMETIMES,NO,NO,NO,SOMETIMES,NO,NOT_SURE,YES,SOMETIMES,NO,YES,NOT_SURE,SOMETIMES
SYN-0578,FRIENDS,YES,NOT_SURE,NOT_SURE,NO,NOT_SURE,NOT_SURE,NO,PRIVATE,SOMETIMES,NO,NOT_SURE,NOT_SURE,SOMETIMES,YES,SOMETIMES,NOT_SURE,NOT_SURE,SOMETIMES,SOMETIMES,36,MODERATE,60,64,8,0,50,54,36,26,27,43,FRIENDS,SOMETIMES,NOT_SURE,YES,YES,NOT_SURE,NOT_SURE,NOT_SURE,NOT_SURE,NOT_SURE,NO,NO,SOMETIMES,NO,NO,NO,NO,PRIVATE,NO,NO,NO,NOT_SURE,NOT_SURE,YES,SOMETIMES,NOT_SURE,NOT_SURE,SOMETIMES,NO,YES,NOT_SURE,YES,SOMETIMES,NOT_SURE,SOMETIMES,SOMETIMES,SOMETIMES,YES,YES,NOT_SURE,NO,NOT_SURE,SOMETIMES,NO,NO,YES,SOMETIMES,SOMETIMES,YES,SOMETIMES,SOMETIMES
SYN-0579,FRIENDS,NOT_SURE,NOT_SURE,YES,NO,NOT_SURE,NOT_SURE,NOT_SURE,PRIVATE,SOMETIMES,YES,SOMETIMES,YES,NO,SOMETIMES,YES,NO,NO,YES,SOMETIMES,44,HIGH,57,66,62,19,47,29,19,74,30,43,FRIENDS,SOMETIMES,FRIENDS,YES,NOT_SURE,NOT_SURE,YES,NOT_SURE,NOT_SURE,NOT_SURE,NOT_SURE,YES,SOMETIMES,SOMETIMES,NO,YES,YES,PRIVATE,SOMETIMES,NO,SOMETIMES,SOMETIMES,NOT_SURE,YES,NOT_SURE,SOMETIMES,YES,NO,YES,SOMETIMES,NO,SOMETIMES,YES,YES,YES,YES,NO,SOMETIMES,NOT_SURE,SOMETIMES,SOMETIMES,NO,NO,NOT_SURE,YES,SOMETIMES,YES,SOMETIMES,NO,SOMETIMES,SOMETIMES
SYN-0580,PUBLIC,NOT_SURE,YES,NOT_SURE,NOT_SURE,YES,NOT_SURE,YES,PUBLIC,YES,YES,SOMETIMES,SOMETIMES,SOMETIMES,SOMETIMES,SOMETIMES,YES,YES,NO,SOMETIMES,77,CRITICAL,96,74,83,88,54,79,68,61,84,71,PUBLIC,YES,NOT_SURE,YES,NOT_SURE,YES,NOT_SURE,NOT_SURE,YES,NOT_SURE,YES,YES,YES,SOMETIMES,NOT_SURE,YES,YES,PUBLIC,YES,SOMETIMES,YES,SOMETIMES,NOT_SURE,SOMETIMES,NOT_SURE,YES,SOMETIMES,YES,YES,SOMETIMES,YES,NOT_SURE,SOMETIMES,SOMETIMES,NO,NOT_SURE,SOMETIMES,SOMETIMES,NOT_SURE,YES,NOT_SURE,YES,YES,NOT_SURE,YES,NOT_SURE,NO,NOT_SURE,NOT_SURE,SOMETIMES,NOT_SURE
SYN-0581,NOT_SURE,NOT_SURE,NOT_SURE,NOT_SURE,NOT_SURE,NOT_SURE,YES,NOT_SURE,PUBLIC,NOT_SURE,SOMETIMES,SOMETIMES,SOMETIMES,NOT_SURE,SOMETIMES,SOMETIMES,SOMETIMES,NOT_SURE,SOMETIMES,SOMETIMES,58,HIGH,37,71,52,83,60,43,43,69,73,54,NOT_SURE,NO,PRIVATE,SOMETIMES,NOT_SURE,NOT_SURE,NOT_SURE,YES,NOT_SURE,YES,NOT_SURE,SOMETIMES,NOT_SURE,NOT_SURE,NOT_SURE,SOMETIMES,NO,PUBLIC,YES,SOMETIMES,NOT_SURE,SOMETIMES,NOT_SURE,SOMETIMES,YES,SOMETIMES,SOMETIMES,NO,SOMETIMES,SOMETIMES,SOMETIMES,YES,SOMETIMES,SOMETIMES,YES,SOMETIMES,NOT_SURE,NOT_SURE,NOT_SURE,NOT_SURE,NOT_SURE,NOT_SURE,YES,NOT_SURE,YES,SOMETIMES,SOMETIMES,NOT_SURE,SOMETIMES,SOMETIMES,NOT_SURE
SYN-0582,NOT_SURE,YES,YES,YES,NOT_SURE,NOT_SURE,YES,NOT_SURE,NOT_SURE,NOT_SURE,YES,YES,NO,NOT_SURE,NOT_SURE,SOMETIMES,NOT_SURE,YES,NOT_SURE,NOT_SURE,80,CRITICAL,80,91,72,84,94,83,66,64,86,79,NOT_SURE,YES,PUBLIC,SOMETIMES,YES,YES,YES,YES,NOT_SURE,YES,NOT_SURE,NOT_SURE,NOT_SURE,YES,NOT_SURE,YES,SOMETIMES,NOT_SURE,YES,YES,NOT_SURE,YES,YES,NO,NOT_SURE,NOT_SURE,NO,YES,NOT_SURE,NOT_SURE,NOT_SURE,NO,SOMETIMES,NOT_SURE,NOT_SURE,SOMETIMES,NOT_SURE,SOMETIMES,NOT_SURE,NOT_SURE,YES,YES,YES,NOT_SURE,SOMETIMES,NOT_SURE,NOT_SURE,YES,NO,NOT_SURE,NOT_SURE
SYN-0583,FRIENDS,NOT_SURE,NOT_SURE,NOT_SURE,NO,NOT_SURE,NOT_SURE,NO,FRIENDS,NOT_SURE,SOMETIMES,NOT_SURE,NOT_SURE,SOMETIMES,YES,NOT_SURE,NOT_SURE,YES,NOT_SURE,YES,52,HIGH,57,56,38,50,57,46,42,60,75,50,FRIENDS,NOT_SURE,NOT_SURE,NOT_SURE,NOT_SURE,NOT_SURE,NOT_SURE,NOT_SURE,NOT_SURE,NOT_SURE,NO,SOMETIMES,NOT_SURE,NOT_SURE,NO,SOMETIMES,NO,FRIENDS,SOMETIMES,SOMETIMES,SOMETIMES,NOT_SURE,NOT_SURE,YES,YES,NO,NOT_SURE,SOMETIMES,NOT_SURE,YES,NOT_SURE,NOT_SURE,NOT_SURE,SOMETIMES,SOMETIMES,SOMETIMES,SOMETIMES,NOT_SURE,NOT_SURE,SOMETIMES,SOMETIMES,YES,YES,SOMETIMES,SOMETIMES,SOMETIMES,NOT_SURE,NOT_SURE,SOMETIMES,YES,NO
SYN-0584,PRIVATE,NO,NOT_SURE,NOT_SURE,NO,NO,NO,NO,FRIENDS,NOT_SURE,SOMETIMES,NOT_SURE,SOMETIMES,SOMETIMES,SOMETIMES,NOT_SURE,SOMETIMES,SOMETIMES,SOMETIMES,YES,40,MODERATE,0,30,36,51,43,54,58,39,64,29,PRIVATE,NO,PRIVATE,NO,NO,NOT_SURE,NOT_SURE,NOT_SURE,NO,NO,NO,SOMETIMES,NOT_SURE,SOMETIMES,NO,SOMETIMES,NO,FRIENDS,SOMETIMES,SOMETIMES,NOT_SURE,NOT_SURE,NOT_SURE,YES,NO,NOT_SURE,SOMETIMES,SOMETIMES,NOT_SURE,SOMETIMES,SOMETIMES,SOMETIMES,NOT_SURE,NOT_SURE,NOT_SURE,NOT_SURE,SOMETIMES,YES,SOMETIMES,NOT_SURE,NOT_SURE,SOMETIMES,NOT_SURE,NOT_SURE,NOT_SURE,NO,SOMETIMES,NO,YES,YES,NO
SYN-0585,FRIENDS,NO,NO,NOT_SURE,NO,NO,NO,NO,PRIVATE,NO,NO,NOT_SURE,YES,SOMETIMES,YES,YES,NO,NO,YES,SOMETIMES,19,LOW,29,9,16,21,59,0,0,38,19,21,FRIENDS,NO,FRIENDS,NO,NO,NO,NOT_SURE,NO,NO,NO,NO,SOMETIMES,NO,NO,NO,NO,NOT_SURE,PRIVATE,NOT_SURE,NO,SOMETIMES,NOT_SURE,NOT_SURE,SOMETIMES,NOT_SURE,NO,YES,NO,NO,YES,NO,YES,YES,YES,YES,YES,SOMETIMES,YES,SOMETIMES,SOMETIMES,NOT_SURE,NO,NO,SOMETIMES,SOMETIMES,YES,YES,NO,SOMETIMES,SOMETIMES,YES
SYN-0586,PUBLIC,YES,YES,YES,YES,YES,NOT_SURE,NO,PUBLIC,YES,SOMETIMES,YES,NOT_SURE,NO,NO,NO,YES,NOT_SURE,SOMETIMES,NO,84,CRITICAL,100,90,75,75,100,61,92,80,72,74,PUBLIC,YES,PUBLIC,YES,YES,YES,YES,YES,YES,NOT_SURE,NO,NOT_SURE,YES,YES,YES,SOMETIMES,NO,PUBLIC,NOT_SURE,NOT_SURE,NOT_SURE,YES,YES,NO,YES,SOMETIMES,NOT_SURE,NOT_SURE,NOT_SURE,NO,YES,NO,NO,SOMETIMES,NO,NOT_SURE,NO,SOMETIMES,NOT_SURE,YES,YES,NOT_SURE,NOT_SURE,YES,SOMETIMES,NOT_SURE,SOMETIMES,SOMETIMES,NOT_SURE,NO,NO
SYN-0587,FRIENDS,NO,NOT_SURE,NOT_SURE,NO,NOT_SURE,NOT_SURE,NO,PRIVATE,NO,NO,NO,YES,SOMETIMES,YES,YES,NO,NO,SOMETIMES,YES,22,MODERATE,21,43,19,15,10,24,6,31,26,30,FRIENDS,NO,PRIVATE,NO,NO,NOT_SURE,NOT_SURE,NOT_SURE,NOT_SURE,NOT_SURE,NO,SOMETIMES,NO,SOMETIMES,NO,NO,NO,PRIVATE,NO,NOT_SURE,NO,NO,NO,NOT_SURE,NO,NOT_SURE,YES,NO,SOMETIMES,YES,NO,YES,YES,SOMETIMES,YES,YES,SOMETIMES,SOMETIMES,YES,NO,SOMETIMES,NO,NO,NOT_SURE,NO,NOT_SURE,SOMETIMES,NOT_SURE,YES,YES,SOMETIMES
SYN-0588,FRIENDS,YES,YES,NO,NOT_SURE,NOT_SURE,NOT_SURE,NOT_SURE,NOT_SURE,NOT_SURE,NOT_SURE,NOT_SURE,NOT_SURE,NOT_SURE,SOMETIMES,NOT_SURE,SOMETIMES,NO,NOT_SURE,NO,62,HIGH,54,66,69,70,57,70,57,69,37,83,FRIENDS,NOT_SURE,FRIENDS,NOT_SURE,YES,YES,NO,NOT_SURE,NOT_SURE,NOT_SURE,NOT_SURE,NOT_SURE,NOT_SURE,YES,NOT_SURE,NOT_SURE,YES,NOT_SURE,YES,SOMETIMES,SOMETIMES,NOT_SURE,NOT_SURE,SOMETIMES,SOMETIMES,NOT_SURE,NOT_SURE,NOT_SURE,YES,SOMETIMES,SOMETIMES,SOMETIMES,NOT_SURE,SOMETIMES,SOMETIMES,NO,NOT_SURE,NOT_SURE,NOT_SURE,NOT_SURE,SOMETIMES,NO,NOT_SURE,NOT_SURE,NOT_SURE,YES,NOT_SURE,YES,NOT_SURE,NO,NOT_SURE
SYN-0589,PRIVATE,NOT_SURE,NO,NOT_SURE,NOT_SURE,YES,NOT_SURE,NOT_SURE,PRIVATE,YES,YES,NOT_SURE,YES,NOT_SURE,NOT_SURE,SOMETIMES,NOT_SURE,SOMETIMES,NOT_SURE,NO,59,HIGH,41,57,88,33,64,29,61,57,61,84,PRIVATE,NOT_SURE,NOT_SURE,YES,NOT_SURE,NO,NOT_SURE,NOT_SURE,YES,NOT_SURE,NOT_SURE,YES,YES,YES,NOT_SURE,YES,NOT_SURE,PRIVATE,SOMETIMES,SOMETIMES,NOT_SURE,NOT_SURE,NOT_SURE,SOMETIMES,YES,SOMETIMES,YES,SOMETIMES,SOMETIMES,NOT_SURE,NOT_SURE,NOT_SURE,SOMETIMES,SOMETIMES,NOT_SURE,SOMETIMES,NOT_SURE,SOMETIMES,SOMETIMES,SOMETIMES,NOT_SURE,SOMETIMES,SOMETIMES,YES,SOMETIMES,NOT_SURE,NOT_SURE,YES,SOMETIMES,NO,NO
SYN-0590,NOT_SURE,NOT_SURE,NOT_SURE,NOT_SURE,NOT_SURE,YES,NOT_SURE,NOT_SURE,FRIENDS,SOMETIMES,SOMETIMES,NOT_SURE,SOMETIMES,NO,NOT_SURE,NO,YES,SOMETIMES,SOMETIMES,NOT_SURE,66,HIGH,69,66,54,50,50,56,87,88,71,70,NOT_SURE,NOT_SURE,FRIENDS,YES,NOT_SURE,NOT_SURE,NOT_SURE,NOT_SURE,YES,NOT_SURE,NOT_SURE,SOMETIMES,SOMETIMES,NOT_SURE,NOT_SURE,SOMETIMES,SOMETIMES,FRIENDS,SOMETIMES,SOMETIMES,SOMETIMES,NOT_SURE,NOT_SURE,SOMETIMES,NO,NOT_SURE,SOMETIMES,NOT_SURE,NOT_SURE,NOT_SURE,YES,NO,NO,NO,NO,SOMETIMES,NO,NOT_SURE,NO,NOT_SURE,YES,SOMETIMES,YES,SOMETIMES,SOMETIMES,SOMETIMES,SOMETIMES,SOMETIMES,NO,NOT_SURE,NO
SYN-0591,PRIVATE,NO,NO,NO,NO,NO,NO,NO,PRIVATE,NO,NO,NO,SOMETIMES,YES,YES,YES,NOT_SURE,NO,YES,YES,13,LOW,0,0,12,6,36,21,17,0,26,14,PRIVATE,NO,PRIVATE,NO,NO,NO,NO,NO,NO,NO,NO,NO,NO,SOMETIMES,NO,NO,SOMETIMES,PRIVATE,NO,NO,SOMETIMES,NO,YES,YES,SOMETIMES,NO,SOMETIMES,NO,NO,YES,NOT_SURE,YES,YES,YES,YES,SOMETIMES,YES,YES,YES,NO,SOMETIMES,NO,NO,NOT_SURE,SOMETIMES,SOMETIMES,YES,NO,SOMETIMES,YES,SOMETIMES
SYN-0592,NOT_SURE,NOT_SURE,YES,NOT_SURE,NOT_SURE,NOT_SURE,YES,YES,FRIENDS,YES,SOMETIMES,NOT_SURE,NO,NOT_SURE,NO,SOMETIMES,SOMETIMES,NOT_SURE,SOMETIMES,NO,69,HIGH,80,71,61,66,70,80,68,57,69,79,NOT_SURE,YES,FRIENDS,YES,NOT_SURE,YES,NOT_SURE,NOT_SURE,NOT_SURE,YES,YES,SOMETIMES,YES,SOMETIMES,NOT_SURE,SOMETIMES,NOT_SURE,FRIENDS,NOT_SURE,YES,NOT_SURE,NOT_SURE,YES,SOMETIMES,NOT_SURE,SOMETIMES,NO,NOT_SURE,YES,NO,SOMETIMES,NOT_SURE,SOMETIMES,SOMETIMES,NOT_SURE,SOMETIMES,NOT_SURE,SOMETIMES,SOMETIMES,SOMETIMES,NOT_SURE,NOT_SURE,YES,SOMETIMES,NOT_SURE,SOMETIMES,SOMETIMES,YES,NO,NO,SOMETIMES
SYN-0593,PRIVATE,NOT_SURE,NOT_SURE,YES,NOT_SURE,NO,NOT_SURE,NOT_SURE,FRIENDS,SOMETIMES,SOMETIMES,YES,SOMETIMES,NOT_SURE,SOMETIMES,YES,SOMETIMES,YES,NOT_SURE,NOT_SURE,55,HIGH,14,57,57,63,81,54,51,39,70,63,PRIVATE,NO,FRIENDS,SOMETIMES,NOT_SURE,NOT_SURE,YES,NOT_SURE,NO,NOT_SURE,NOT_SURE,NOT_SURE,SOMETIMES,NOT_SURE,NOT_SURE,SOMETIMES,NOT_SURE,FRIENDS,YES,SOMETIMES,SOMETIMES,YES,NOT_SURE,SOMETIMES,YES,NOT_SURE,SOMETIMES,SOMETIMES,NOT_SURE,SOMETIMES,SOMETIMES,NOT_SURE,YES,NOT_SURE,NO,NOT_SURE,NOT_SURE,YES,SOMETIMES,NO,SOMETIMES,YES,SOMETIMES,NOT_SURE,NOT_SURE,NO,NOT_SURE,NOT_SURE,SOMETIMES,NOT_SURE,SOMETIMES
SYN-0594,NOT_SURE,YES,NOT_SURE,YES,NOT_SURE,YES,NOT_SURE,NOT_SURE,NOT_SURE,NOT_SURE,NOT_SURE,SOMETIMES,NOT_SURE,SOMETIMES,NO,NOT_SURE,YES,YES,NO,NOT_SURE,77,CRITICAL,61,89,66,73,67,87,91,68,84,81,NOT_SURE,NOT_SURE,FRIENDS,SOMETIMES,YES,NOT_SURE,YES,YES,YES,NOT_SURE,NOT_SURE,NOT_SURE,NOT_SURE,YES,NOT_SURE,NOT_SURE,NOT_SURE,NOT_SURE,NOT_SURE,YES,SOMETIMES,SOMETIMES,NOT_SURE,NO,YES,YES,NOT_SURE,YES,YES,NO,YES,NOT_SURE,NOT_SURE,NO,NO,NOT_SURE,SOMETIMES,NO,NOT_SURE,SOMETIMES,NOT_SURE,YES,YES,YES,SOMETIMES,SOMETIMES,NO,NOT_SURE,NOT_SURE,NOT_SURE,NO
SYN-0595,NOT_SURE,NOT_SURE,NOT_SURE,YES,NOT_SURE,YES,NO,NOT_SURE,NOT_SURE,NO,NO,NOT_SURE,NOT_SURE,NOT_SURE,NOT_SURE,SOMETIMES,YES,NOT_SURE,NOT_SURE,NOT_SURE,62,HIGH,64,67,37,64,61,60,72,39,79,76,NOT_SURE,NOT_SURE,NOT_SURE,SOMETIMES,NOT_SURE,NOT_SURE,YES,NOT_SURE,YES,NO,NOT_SURE,SOMETIMES,NO,SOMETIMES,NOT_SURE,NO,SOMETIMES,NOT_SURE,NOT_SURE,NOT_SURE,NOT_SURE,NOT_SURE,NOT_SURE,NOT_SURE,NOT_SURE,SOMETIMES,NOT_SURE,NOT_SURE,SOMETIMES,NOT_SURE,YES,NO,SOMETIMES,SOMETIMES,NOT_SURE,SOMETIMES,NOT_SURE,YES,YES,YES,YES,NOT_SURE,YES,NOT_SURE,NOT_SURE,NOT_SURE,NOT_SURE,SOMETIMES,NO,NOT_SURE,NO
SYN-0596,PUBLIC,YES,YES,YES,YES,YES,YES,NOT_SURE,PRIVATE,NOT_SURE,YES,YES,NO,NO,NOT_SURE,NO,YES,YES,NO,NOT_SURE,83,CRITICAL,89,89,85,33,100,93,86,69,100,80,PUBLIC,NOT_SURE,PUBLIC,YES,YES,YES,YES,NOT_SURE,YES,YES,NOT_SURE,YES,NOT_SURE,NOT_SURE,YES,YES,NOT_SURE,PRIVATE,SOMETIMES,SOMETIMES,NOT_SURE,YES,YES,NO,YES,YES,NO,YES,SOMETIMES,NOT_SURE,YES,NO,NO,NOT_SURE,NOT_SURE,NO,NO,SOMETIMES,SOMETIMES,SOMETIMES,YES,YES,YES,YES,YES,NO,NO,YES,SOMETIMES,NOT_SURE,NOT_SURE
SYN-0597,FRIENDS,NOT_SURE,YES,NO,NOT_SURE,NOT_SURE,NOT_SURE,YES,FRIENDS,NOT_SURE,NO,NO,SOMETIMES,NOT_SURE,NOT_SURE,NO,NOT_SURE,NOT_SURE,SOMETIMES,SOMETIMES,53,HIGH,56,60,42,53,34,51,66,51,54,60,FRIENDS,NOT_SURE,NOT_SURE,SOMETIMES,NOT_SURE,YES,NO,NOT_SURE,NOT_SURE,NOT_SURE,YES,SOMETIMES,NOT_SURE,SOMETIMES,NOT_SURE,NO,NO,FRIENDS,NOT_SURE,SOMETIMES,SOMETIMES,NO,NOT_SURE,NOT_SURE,SOMETIMES,SOMETIMES,SOMETIMES,NOT_SURE,SOMETIMES,NOT_SURE,NOT_SURE,SOMETIMES,NO,SOMETIMES,SOMETIMES,SOMETIMES,NOT_SURE,YES,NOT_SURE,NOT_SURE,NOT_SURE,NOT_SURE,SOMETIMES,SOMETIMES,SOMETIMES,SOMETIMES,SOMETIMES,YES,SOMETIMES,SOMETIMES,NOT_SURE
SYN-0598,PUBLIC,YES,NOT_SURE,NOT_SURE,YES,YES,YES,NOT_SURE,PUBLIC,SOMETIMES,NOT_SURE,NOT_SURE,SOMETIMES,NOT_SURE,SOMETIMES,SOMETIMES,NOT_SURE,SOMETIMES,NO,SOMETIMES,75,CRITICAL,84,86,75,84,79,50,62,71,68,74,PUBLIC,NOT_SURE,NOT_SURE,YES,YES,NOT_SURE,NOT_SURE,YES,YES,YES,NOT_SURE,SOMETIMES,SOMETIMES,YES,YES,NOT_SURE,YES,PUBLIC,NOT_SURE,YES,SOMETIMES,NOT_SURE,YES,NOT_SURE,YES,SOMETIMES,SOMETIMES,SOMETIMES,SOMETIMES,SOMETIMES,NOT_SURE,NO,SOMETIMES,NOT_SURE,SOMETIMES,NO,NOT_SURE,NO,SOMETIMES,NOT_SURE,SOMETIMES,SOMETIMES,SOMETIMES,YES,YES,NO,NO,SOMETIMES,NO,SOMETIMES,NOT_SURE
SYN-0599,PRIVATE,NO,NO,NOT_SURE,NO,NOT_SURE,NOT_SURE,NO,FRIENDS,NO,NO,SOMETIMES,NOT_SURE,SOMETIMES,SOMETIMES,SOMETIMES,NO,NO,YES,YES,29,MODERATE,17,21,4,53,46,44,46,51,12,7,PRIVATE,NOT_SURE,PRIVATE,NO,NO,NO,NOT_SURE,NO,NOT_SURE,NOT_SURE,NO,NO,NO,NO,NO,NO,SOMETIMES,FRIENDS,NOT_SURE,SOMETIMES,SOMETIMES,SOMETIMES,NOT_SURE,SOMETIMES,NO,NO,NOT_SURE,SOMETIMES,SOMETIMES,SOMETIMES,NO,NOT_SURE,SOMETIMES,SOMETIMES,NO,NOT_SURE,SOMETIMES,SOMETIMES,SOMETIMES,NOT_SURE,NO,NO,NO,NOT_SURE,SOMETIMES,YES,YES,NO,SOMETIMES,YES,YES
SYN-0600,FRIENDS,NOT_SURE,NOT_SURE,YES,NOT_SURE,NOT_SURE,YES,NOT_SURE,NOT_SURE,NOT_SURE,SOMETIMES,SOMETIMES,NOT_SURE,YES,YES,SOMETIMES,YES,YES,YES,SOMETIMES,58,HIGH,74,69,55,66,39,76,51,25,75,30,FRIENDS,YES,NOT_SURE,YES,NOT_SURE,NOT_SURE,YES,NOT_SURE,NOT_SURE,YES,NOT_SURE,SOMETIMES,NOT_SURE,NOT_SURE,NOT_SURE,SOMETIMES,SOMETIMES,NOT_SURE,SOMETIMES,NOT_SURE,YES,SOMETIMES,NO,NOT_SURE,SOMETIMES,YES,NOT_SURE,NOT_SURE,NOT_SURE,YES,YES,NOT_SURE,SOMETIMES,NOT_SURE,SOMETIMES,NOT_SURE,YES,NOT_SURE,YES,NOT_SURE,YES,YES,SOMETIMES,SOMETIMES,SOMETIMES,NO,YES,NOT_SURE,YES,SOMETIMES,SOMETIMES
SYN-0601,FRIENDS,NO,NO,NOT_SURE,NO,NOT_SURE,NO,NO,PRIVATE,NO,NO,NOT_SURE,YES,YES,YES,YES,NO,NO,YES,SOMETIMES,14,LOW,21,17,0,8,64,7,4,13,0,14,FRIENDS,NO,PRIVATE,NO,NO,NO,NOT_SURE,NO,NOT_SURE,NO,NO,NO,NO,NO,NO,NO,NO,PRIVATE,NO,NO,NOT_SURE,NOT_SURE,NOT_SURE,SOMETIMES,YES,NO,YES,SOMETIMES,NO,YES,NO,YES,YES,YES,SOMETIMES,YES,YES,YES,SOMETIMES,NO,NO,NO,NO,NO,NO,YES,YES,NO,YES,SOMETIMES,YES
SYN-0602,PUBLIC,NOT_SURE,YES,NOT_SURE,YES,NO,NOT_SURE,NO,FRIENDS,YES,YES,SOMETIMES,NOT_SURE,NOT_SURE,NO,NO,YES,NOT_SURE,NOT_SURE,NOT_SURE,72,CRITICAL,93,40,96,63,46,59,92,76,66,76,PUBLIC,YES,PUBLIC,SOMETIMES,NOT_SURE,YES,NOT_SURE,NO,NO,NOT_SURE,NO,YES,YES,YES,YES,YES,SOMETIMES,FRIENDS,YES,SOMETIMES,SOMETIMES,SOMETIMES,NO,NOT_SURE,YES,SOMETIMES,NOT_SURE,SOMETIMES,SOMETIMES,NO,YES,NO,NO,SOMETIMES,NOT_SURE,NO,NOT_SURE,NOT_SURE,NO,NOT_SURE,YES,NOT_SURE,NOT_SURE,NOT_SURE,SOMETIMES,NOT_SURE,NOT_SURE,SOMETIMES,NO,NOT_SURE,NO
SYN-0603,FRIENDS,NO,NOT_SURE,NO,NOT_SURE,NOT_SURE,NO,NO,FRIENDS,NO,SOMETIMES,NO,SOMETIMES,NOT_SURE,YES,YES,NOT_SURE,YES,NO,YES,40,MODERATE,71,17,43,50,7,36,23,57,67,61,FRIENDS,YES,FRIENDS,YES,NO,NOT_SURE,NO,NO,NOT_SURE,NO,NO,NOT_SURE,NO,SOMETIMES,NOT_SURE,SOMETIMES,NO,FRIENDS,SOMETIMES,SOMETIMES,SOMETIMES,NO,NO,SOMETIMES,NO,NO,SOMETIMES,SOMETIMES,SOMETIMES,YES,NOT_SURE,YES,YES,SOMETIMES,YES,SOMETIMES,NOT_SURE,SOMETIMES,SOMETIMES,SOMETIMES,SOMETIMES,YES,NOT_SURE,SOMETIMES,NOT_SURE,NOT_SURE,NO,NOT_SURE,NOT_SURE,YES,NO
SYN-0604,PRIVATE,NO,NO,NO,NO,NOT_SURE,NO,NOT_SURE,PRIVATE,NO,NO,NO,SOMETIMES,YES,YES,NOT_SURE,NOT_SURE,SOMETIMES,YES,SOMETIMES,16,LOW,7,13,0,8,0,29,31,19,34,39,PRIVATE,NO,FRIENDS,NO,NO,NO,NO,NO,NOT_SURE,NO,NOT_SURE,NO,NO,NO,NO,NO,NO,PRIVATE,NO,NO,NOT_SURE,NO,NO,YES,NO,NO,SOMETIMES,NO,SOMETIMES,YES,NOT_SURE,YES,NOT_SURE,YES,SOMETIMES,SOMETIMES,YES,YES,SOMETIMES,SOMETIMES,NO,SOMETIMES,SOMETIMES,NOT_SURE,NO,YES,YES,SOMETIMES,NOT_SURE,SOMETIMES,SOMETIMES
SYN-0605,PUBLIC,NOT_SURE,NOT_SURE,NOT_SURE,NO,NO,NOT_SURE,NOT_SURE,FRIENDS,NOT_SURE,SOMETIMES,NOT_SURE,SOMETIMES,NOT_SURE,NOT_SURE,NO,SOMETIMES,NOT_SURE,YES,YES,56,HIGH,83,51,42,53,69,51,59,63,66,16,PUBLIC,NOT_SURE,PUBLIC,NOT_SURE,NOT_SURE,NOT_SURE,NOT_SURE,NOT_SURE,NO,NOT_SURE,NOT_SURE,SOMETIMES,NOT_SURE,NOT_SURE,NO,SOMETIMES,NOT_SURE,FRIENDS,NOT_SURE,SOMETIMES,SOMETIMES,NOT_SURE,YES,SOMETIMES,SOMETIMES,SOMETIMES,SOMETIMES,NOT_SURE,SOMETIMES,NOT_SURE,SOMETIMES,NOT_SURE,NO,YES,SOMETIMES,SOMETIMES,NOT_SURE,SOMETIMES,NOT_SURE,SOMETIMES,SOMETIMES,NOT_SURE,YES,SOMETIMES,SOMETIMES,SOMETIMES,YES,NOT_SURE,YES,YES,SOMETIMES
SYN-0606,PUBLIC,NOT_SURE,NOT_SURE,YES,YES,YES,NOT_SURE,NOT_SURE,PRIVATE,YES,NOT_SURE,SOMETIMES,NO,NOT_SURE,SOMETIMES,NO,NOT_SURE,YES,NO,NOT_SURE,79,CRITICAL,93,80,94,63,60,93,67,81,86,80,PUBLIC,YES,PUBLIC,SOMETIMES,NOT_SURE,NOT_SURE,YES,YES,YES,NOT_SURE,NOT_SURE,YES,YES,YES,YES,NOT_SURE,YES,PRIVATE,YES,YES,YES,SOMETIMES,NOT_SURE,SOMETIMES,YES,YES,NO,SOMETIMES,YES,SOMETIMES,NOT_SURE,SOMETIMES,NO,NO,SOMETIMES,NOT_SURE,NOT_SURE,NO,NOT_SURE,YES,YES,YES,YES,SOMETIMES,NOT_SURE,NOT_SURE,NO,YES,SOMETIMES,NOT_SURE,NOT_SURE
SYN-0607,PRIVATE,NOT_SURE,NOT_SURE,NOT_SURE,NO,NO,YES,NOT_SURE,NOT_SURE,NOT_SURE,SOMETIMES,NOT_SURE,NO,NO,SOMETIMES,NO,YES,NOT_SURE,YES,YES,58,HIGH,29,54,40,63,67,80,81,93,66,17,PRIVATE,SOMETIMES,FRIENDS,SOMETIMES,NOT_SURE,NOT_SURE,NOT_SURE,NOT_SURE,NO,YES,NOT_SURE,SOMETIMES,NOT_SURE,SOMETIMES,NO,SOMETIMES,SOMETIMES,NOT_SURE,NOT_SURE,NOT_SURE,SOMETIMES,NOT_SURE,NOT_SURE,NOT_SURE,YES,SOMETIMES,NO,NOT_SURE,YES,SOMETIMES,YES,NO,NO,NO,NOT_SURE,NOT_SURE,NO,NO,NOT_SURE,YES,SOMETIMES,NOT_SURE,NOT_SURE,YES,NOT_SURE,NOT_SURE,YES,SOMETIMES,NOT_SURE,YES,YES
SYN-0608,FRIENDS,NOT_SURE,YES,NOT_SURE,YES,YES,NOT_SURE,NOT_SURE,NOT_SURE,SOMETIMES,NOT_SURE,SOMETIMES,NOT_SURE,SOMETIMES,NOT_SURE,NO,SOMETIMES,YES,NOT_SURE,NO,68,HIGH,59,71,71,79,63,76,66,56,74,63,FRIENDS,YES,PRIVATE,NOT_SURE,NOT_SURE,YES,NOT_SURE,NOT_SURE,YES,NOT_SURE,NOT_SURE,SOMETIMES,SOMETIMES,YES,YES,NOT_SURE,SOMETIMES,NOT_SURE,NOT_SURE,YES,YES,SOMETIMES,NOT_SURE,NOT_SURE,YES,YES,NOT_SURE,NOT_SURE,NOT_SURE,NOT_SURE,SOMETIMES,NOT_SURE,NO,SOMETIMES,SOMETIMES,NOT_SURE,SOMETIMES,SOMETIMES,NOT_SURE,NOT_SURE,SOMETIMES,YES,NOT_SURE,YES,SOMETIMES,NOT_SURE,NOT_SURE,NO,SOMETIMES,NO,SOMETIMES
SYN-0609,NOT_SURE,NOT_SURE,NOT_SURE,NOT_SURE,NO,YES,NOT_SURE,YES,FRIENDS,NOT_SURE,NOT_SURE,SOMETIMES,NO,NOT_SURE,NO,SOMETIMES,NO,NOT_SURE,SOMETIMES,SOMETIMES,63,HIGH,69,69,55,69,54,100,64,39,65,51,NOT_SURE,NOT_SURE,FRIENDS,YES,NOT_SURE,NOT_SURE,NOT_SURE,NOT_SURE,YES,NOT_SURE,YES,YES,NOT_SURE,NOT_SURE,NO,NOT_SURE,SOMETIMES,FRIENDS,YES,SOMETIMES,YES,SOMETIMES,NOT_SURE,SOMETIMES,NOT_SURE,YES,NO,YES,YES,NO,NO,SOMETIMES,SOMETIMES,NO,NOT_SURE,NO,NOT_SURE,SOMETIMES,YES,NO,YES,NOT_SURE,NOT_SURE,SOMETIMES,SOMETIMES,NOT_SURE,SOMETIMES,NOT_SURE,SOMETIMES,SOMETIMES,SOMETIMES
SYN-0610,PRIVATE,NOT_SURE,NOT_SURE,NOT_SURE,YES,NOT_SURE,YES,NOT_SURE,FRIENDS,NOT_SURE,NOT_SURE,YES,SOMETIMES,YES,SOMETIMES,SOMETIMES,SOMETIMES,YES,NO,NOT_SURE,54,HIGH,24,50,68,53,69,50,54,38,59,73,PRIVATE,NOT_SURE,PRIVATE,SOMETIMES,NOT_SURE,NOT_SURE,NOT_SURE,NO,NOT_SURE,YES,NOT_SURE,SOMETIMES,NOT_SURE,SOMETIMES,YES,NOT_SURE,YES,FRIENDS,SOMETIMES,NOT_SURE,SOMETIMES,YES,NOT_SURE,YES,NOT_SURE,SOMETIMES,SOMETIMES,SOMETIMES,SOMETIMES,SOMETIMES,SOMETIMES,NOT_SURE,SOMETIMES,SOMETIMES,NOT_SURE,NOT_SURE,YES,SOMETIMES,NOT_SURE,NOT_SURE,NO,YES,NOT_SURE,NOT_SURE,NOT_SURE,SOMETIMES,NO,SOMETIMES,NOT_SURE,NOT_SURE,SOMETIMES
SYN-0611,FRIENDS,NOT_SURE,NOT_SURE,NO,NOT_SURE,NOT_SURE,YES,NOT_SURE,PRIVATE,NOT_SURE,SOMETIMES,SOMETIMES,SOMETIMES,YES,NOT_SURE,SOMETIMES,NOT_SURE,YES,SOMETIMES,NOT_SURE,47,HIGH,37,54,48,19,47,36,61,20,61,57,FRIENDS,NO,FRIENDS,NOT_SURE,NOT_SURE,NOT_SURE,NO,NOT_SURE,NOT_SURE,YES,NOT_SURE,NOT_SURE,NOT_SURE,NO,NOT_SURE,SOMETIMES,SOMETIMES,PRIVATE,SOMETIMES,NO,SOMETIMES,SOMETIMES,NOT_SURE,YES,NOT_SURE,NO,SOMETIMES,SOMETIMES,SOMETIMES,NOT_SURE,NOT_SURE,NOT_SURE,SOMETIMES,SOMETIMES,NOT_SURE,SOMETIMES,YES,YES,SOMETIMES,NOT_SURE,NO,YES,YES,NO,NOT_SURE,SOMETIMES,SOMETIMES,NOT_SURE,SOMETIMES,NOT_SURE,SOMETIMES
SYN-0612,FRIENDS,YES,YES,NOT_SURE,NOT_SURE,YES,YES,NOT_SURE,NOT_SURE,SOMETIMES,SOMETIMES,YES,NOT_SURE,NO,SOMETIMES,NOT_SURE,SOMETIMES,NOT_SURE,NO,NOT_SURE,75,CRITICAL,79,83,53,84,100,74,64,85,77,73,FRIENDS,YES,PUBLIC,YES,YES,YES,NOT_SURE,NOT_SURE,YES,YES,NOT_SURE,SOMETIMES,SOMETIMES,SOMETIMES,NOT_SURE,SOMETIMES,NOT_SURE,NOT_SURE,YES,YES,NOT_SURE,YES,YES,NO,YES,YES,NOT_SURE,NOT_SURE,SOMETIMES,SOMETIMES,SOMETIMES,NO,NOT_SURE,NO,SOMETIMES,NOT_SURE,NO,NOT_SURE,NOT_SURE,YES,NOT_SURE,NOT_SURE,YES,NOT_SURE,NOT_SURE,NO,NO,YES,YES,NOT_SURE,NOT_SURE
SYN-0613,PUBLIC,YES,NOT_SURE,YES,YES,YES,YES,YES,NOT_SURE,NOT_SURE,NOT_SURE,SOMETIMES,SOMETIMES,NO,NO,NOT_SURE,NOT_SURE,YES,NO,NO,80,CRITICAL,96,94,76,79,57,67,67,80,96,90,PUBLIC,YES,NOT_SURE,YES,YES,NOT_SURE,YES,YES,YES,YES,YES,SOMETIMES,NOT_SURE,YES,YES,NOT_SURE,YES,NOT_SURE,NOT_SURE,YES,YES,SOMETIMES,NOT_SURE,NOT_SURE,NOT_SURE,NOT_SURE,SOMETIMES,YES,YES,NO,NOT_SURE,NOT_SURE,NOT_SURE,YES,NOT_SURE,SOMETIMES,NO,SOMETIMES,NOT_SURE,YES,YES,YES,YES,YES,YES,NOT_SURE,NO,NOT_SURE,NO,NO,NOT_SURE
SYN-0614,PUBLIC,YES,YES,YES,NO,YES,NOT_SURE,NOT_SURE,FRIENDS,NOT_SURE,SOMETIMES,YES,NOT_SURE,NO,NOT_SURE,NOT_SURE,YES,NOT_SURE,NO,SOMETIMES,70,HIGH,87,86,42,66,76,54,79,70,54,81,PUBLIC,YES,FRIENDS,NOT_SURE,YES,YES,YES,NOT_SURE,YES,NOT_SURE,NOT_SURE,SOMETIMES,NOT_SURE,NOT_SURE,NO,SOMETIMES,NOT_SURE,FRIENDS,YES,NOT_SURE,NOT_SURE,YES,NOT_SURE,SOMETIMES,NOT_SURE,NOT_SURE,NOT_SURE,SOMETIMES,NO,NOT_SURE,YES,NO,NOT_SURE,NO,SOMETIMES,SOMETIMES,NO,SOMETIMES,SOMETIMES,NOT_SURE,SOMETIMES,NOT_SURE,SOMETIMES,NOT_SURE,SOMETIMES,SOMETIMES,NO,YES,NOT_SURE,SOMETIMES,NO
SYN-0615,FRIENDS,NOT_SURE,NOT_SURE,NO,NOT_SURE,NO,NO,NOT_SURE,NOT_SURE,NO,NO,YES,SOMETIMES,SOMETIMES,SOMETIMES,YES,SOMETIMES,YES,SOMETIMES,SOMETIMES,50,HIGH,37,39,35,79,74,51,43,51,57,57,FRIENDS,NO,FRIENDS,NOT_SURE,NOT_SURE,NOT_SURE,NO,NOT_SURE,NO,NO,NOT_SURE,NOT_SURE,NO,SOMETIMES,NOT_SURE,NO,NO,NOT_SURE,YES,NOT_SURE,YES,YES,NOT_SURE,SOMETIMES,SOMETIMES,SOMETIMES,SOMETIMES,SOMETIMES,NOT_SURE,SOMETIMES,SOMETIMES,SOMETIMES,YES,SOMETIMES,SOMETIMES,SOMETIMES,SOMETIMES,SOMETIMES,SOMETIMES,NOT_SURE,NOT_SURE,YES,SOMETIMES,NOT_SURE,NOT_SURE,YES,SOMETIMES,NOT_SURE,NOT_SURE,SOMETIMES,NOT_SURE
SYN-0616,FRIENDS,NO,NOT_SURE,NOT_SURE,NOT_SURE,NOT_SURE,NOT_SURE,NO,NOT_SURE,SOMETIMES,SOMETIMES,SOMETIMES,SOMETIMES,NOT_SURE,NOT_SURE,SOMETIMES,SOMETIMES,SOMETIMES,NOT_SURE,YES,54,HIGH,71,43,56,45,56,51,50,44,74,41,FRIENDS,YES,FRIENDS,YES,NO,NOT_SURE,NOT_SURE,NOT_SURE,NOT_SURE,NOT_SURE,NO,NOT_SURE,SOMETIMES,NOT_SURE,NOT_SURE,SOMETIMES,SOMETIMES,NOT_SURE,NO,SOMETIMES,SOMETIMES,SOMETIMES,NOT_SURE,NOT_SURE,SOMETIMES,SOMETIMES,SOMETIMES,NOT_SURE,SOMETIMES,NOT_SURE,SOMETIMES,YES,SOMETIMES,SOMETIMES,NOT_SURE,YES,NOT_SURE,YES,NOT_SURE,NO,NOT_SURE,SOMETIMES,YES,SOMETIMES,NOT_SURE,NO,NOT_SURE,SOMETIMES,SOMETIMES,YES,SOMETIMES
SYN-0617,FRIENDS,YES,YES,NOT_SURE,NOT_SURE,NO,YES,YES,NOT_SURE,NOT_SURE,NOT_SURE,SOMETIMES,NO,SOMETIMES,SOMETIMES,SOMETIMES,YES,NOT_SURE,SOMETIMES,NOT_SURE,68,HIGH,53,80,69,70,57,80,61,69,81,63,FRIENDS,SOMETIMES,NOT_SURE,SOMETIMES,YES,YES,NOT_SURE,YES,NO,YES,YES,NOT_SURE,NOT_SURE,YES,NOT_SURE,NOT_SURE,YES,NOT_SURE,SOMETIMES,YES,SOMETIMES,SOMETIMES,NOT_SURE,NOT_SURE,NOT_SURE,SOMETIMES,NO,NOT_SURE,YES,SOMETIMES,YES,SOMETIMES,SOMETIMES,SOMETIMES,SOMETIMES,SOMETIMES,SOMETIMES,NOT_SURE,NO,NOT_SURE,SOMETIMES,NOT_SURE,YES,YES,NOT_SURE,NO,SOMETIMES,NOT_SURE,NOT_SURE,NOT_SURE,NOT_SURE
SYN-0618,FRIENDS,NOT_SURE,NO,NOT_SURE,NOT_SURE,NO,NOT_SURE,NOT_SURE,NOT_SURE,SOMETIMES,YES,NO,SOMETIMES,NOT_SURE,NOT_SURE,NOT_SURE,SOMETIMES,NO,SOMETIMES,NO,52,HIGH,50,43,55,56,39,53,59,76,32,76,FRIENDS,SOMETIMES,FRIENDS,SOMETIMES,NOT_SURE,NO,NOT_SURE,NOT_SURE,NO,NOT_SURE,NOT_SURE,NOT_SURE,SOMETIMES,NO,NOT_SURE,YES,NOT_SURE,NOT_SURE,NOT_SURE,NOT_SURE,NO,NO,NOT_SURE,NO,SOMETIMES,SOMETIMES,SOMETIMES,NOT_SURE,NOT_SURE,NOT_SURE,SOMETIMES,YES,NOT_SURE,NOT_SURE,SOMETIMES,NOT_SURE,NOT_SURE,NO,SOMETIMES,YES,NO,NO,SOMETIMES,SOMETIMES,SOMETIMES,SOMETIMES,SOMETIMES,NOT_SURE,NO,NO,NOT_SURE
SYN-0619,FRIENDS,NOT_SURE,NO,NOT_SURE,NOT_SURE,NOT_SURE,NOT_SURE,NO,NOT_SURE,NOT_SURE,SOMETIMES,NOT_SURE,SOMETIMES,NO,NOT_SURE,NO,NOT_SURE,SOMETIMES,SOMETIMES,YES,61,HIGH,50,47,68,70,79,71,72,75,30,49,FRIENDS,SOMETIMES,FRIENDS,SOMETIMES,NOT_SURE,NO,NOT_SURE,NOT_SURE,NOT_SURE,NOT_SURE,NO,NOT_SURE,NOT_SURE,YES,NOT_SURE,SOMETIMES,YES,NOT_SURE,YES,SOMETIMES,SOMETIMES,NOT_SURE,YES,NOT_SURE,YES,YES,SOMETIMES,SOMETIMES,YES,NOT_SURE,NOT_SURE,NOT_SURE,NO,SOMETIMES,NOT_SURE,NO,NO,NOT_SURE,SOMETIMES,NOT_SURE,NOT_SURE,SOMETIMES,NO,NO,SOMETIMES,SOMETIMES,SOMETIMES,YES,NOT_SURE,YES,NOT_SURE
SYN-0620,NOT_SURE,YES,YES,YES,YES,YES,NOT_SURE,YES,FRIENDS,NOT_SURE,YES,NOT_SURE,NOT_SURE,NO,NOT_SURE,NOT_SURE,YES,YES,SOMETIMES,SOMETIMES,81,CRITICAL,70,97,94,63,77,80,75,100,79,60,NOT_SURE,NOT_SURE,PUBLIC,NOT_SURE,YES,YES,YES,YES,YES,NOT_SURE,YES,YES,NOT_SURE,YES,YES,YES,YES,FRIENDS,SOMETIMES,YES,SOMETIMES,NOT_SURE,YES,NO,NOT_SURE,YES,NOT_SURE,SOMETIMES,YES,NOT_SURE,YES,SOMETIMES,NOT_SURE,SOMETIMES,NO,NOT_SURE,NO,NO,NO,YES,NOT_SURE,YES,NOT_SURE,YES,SOMETIMES,NO,SOMETIMES,YES,SOMETIMES,SOMETIMES,NOT_SURE
SYN-0621,NOT_SURE,YES,NOT_SURE,NOT_SURE,NOT_SURE,NOT_SURE,NOT_SURE,NOT_SURE,FRIENDS,SOMETIMES,SOMETIMES,YES,NO,NOT_SURE,NOT_SURE,NOT_SURE,SOMETIMES,SOMETIMES,SOMETIMES,NO,63,HIGH,73,69,51,31,87,67,66,68,61,69,NOT_SURE,YES,FRIENDS,SOMETIMES,YES,NOT_SURE,NOT_SURE,NOT_SURE,NOT_SURE,NOT_SURE,NOT_SURE,NOT_SURE,SOMETIMES,NO,NOT_SURE,SOMETIMES,YES,FRIENDS,NO,SOMETIMES,NO,YES,YES,SOMETIMES,NOT_SURE,NOT_SURE,NO,SOMETIMES,NO,NOT_SURE,SOMETIMES,NOT_SURE,NOT_SURE,NOT_SURE,NO,SOMETIMES,NOT_SURE,NOT_SURE,NOT_SURE,SOMETIMES,SOMETIMES,SOMETIMES,NOT_SURE,YES,NOT_SURE,SOMETIMES,SOMETIMES,NOT_SURE,SOMETIMES,NO,NOT_SURE
SYN-0622,PUBLIC,YES,YES,NOT_SURE,NOT_SURE,NOT_SURE,NOT_SURE,NOT_SURE,PUBLIC,NOT_SURE,NOT_SURE,NOT_SURE,NO,SOMETIMES,SOMETIMES,NOT_SURE,NOT_SURE,SOMETIMES,NOT_SURE,SOMETIMES,71,CRITICAL,74,74,65,75,70,81,62,81,79,57,PUBLIC,NOT_SURE,FRIENDS,SOMETIMES,YES,YES,NOT_SURE,NOT_SURE,NOT_SURE,NOT_SURE,NOT_SURE,NOT_SURE,NOT_SURE,YES,NOT_SURE,NOT_SURE,SOMETIMES,PUBLIC,NOT_SURE,NOT_SURE,NOT_SURE,NOT_SURE,YES,SOMETIMES,NOT_SURE,NOT_SURE,NO,YES,SOMETIMES,SOMETIMES,NOT_SURE,NOT_SURE,NOT_SURE,NOT_SURE,NOT_SURE,NOT_SURE,SOMETIMES,NO,NO,YES,YES,SOMETIMES,YES,SOMETIMES,SOMETIMES,NO,NOT_SURE,NOT_SURE,SOMETIMES,SOMETIMES,SOMETIMES
SYN-0623,PUBLIC,YES,YES,NOT_SURE,YES,YES,NOT_SURE,YES,NOT_SURE,YES,NOT_SURE,YES,NO,NOT_SURE,NOT_SURE,NOT_SURE,NO,NOT_SURE,NO,NOT_SURE,76,CRITICAL,93,91,82,84,77,86,59,39,64,71,PUBLIC,YES,FRIENDS,YES,YES,YES,NOT_SURE,YES,YES,NOT_SURE,YES,YES,YES,SOMETIMES,YES,NOT_SURE,SOMETIMES,NOT_SURE,YES,YES,NOT_SURE,YES,NOT_SURE,NOT_SURE,SOMETIMES,SOMETIMES,NO,YES,YES,NOT_SURE,NO,NO,NOT_SURE,NOT_SURE,NOT_SURE,NO,NOT_SURE,SOMETIMES,YES,NO,YES,NOT_SURE,SOMETIMES,NOT_SURE,NOT_SURE,NOT_SURE,NO,NOT_SURE,SOMETIMES,NOT_SURE,SOMETIMES
SYN-0624,PUBLIC,YES,YES,YES,NOT_SURE,YES,YES,NOT_SURE,PUBLIC,YES,NOT_SURE,YES,NOT_SURE,NOT_SURE,SOMETIMES,NO,YES,YES,NO,NOT_SURE,89,CRITICAL,100,97,85,100,89,81,85,64,89,87,PUBLIC,YES,PUBLIC,YES,YES,YES,YES,YES,YES,YES,NOT_SURE,YES,YES,YES,NOT_SURE,NOT_SURE,YES,PUBLIC,YES,YES,YES,YES,YES,NOT_SURE,SOMETIMES,YES,NOT_SURE,NOT_SURE,YES,SOMETIMES,YES,NO,NO,NO,NO,NO,NOT_SURE,NOT_SURE,SOMETIMES,NOT_SURE,NOT_SURE,YES,YES,NOT_SURE,YES,NO,NO,YES,NO,NOT_SURE,NOT_SURE
SYN-0625,FRIENDS,NOT_SURE,NOT_SURE,NO,NOT_SURE,NOT_SURE,NOT_SURE,NOT_SURE,NOT_SURE,NOT_SURE,NOT_SURE,YES,YES,NOT_SURE,SOMETIMES,SOMETIMES,NOT_SURE,SOMETIMES,YES,NO,55,HIGH,56,51,58,48,81,33,56,68,44,53,FRIENDS,NOT_SURE,NOT_SURE,SOMETIMES,NOT_SURE,NOT_SURE,NO,NOT_SURE,NOT_SURE,NOT_SURE,NOT_SURE,NOT_SURE,NOT_SURE,SOMETIMES,NOT_SURE,NOT_SURE,SOMETIMES,NOT_SURE,NOT_SURE,NO,SOMETIMES,YES,NOT_SURE,NO,SOMETIMES,NOT_SURE,YES,NOT_SURE,SOMETIMES,SOMETIMES,NOT_SURE,SOMETIMES,SOMETIMES,NOT_SURE,NOT_SURE,SOMETIMES,NOT_SURE,NOT_SURE,NOT_SURE,SOMETIMES,NO,SOMETIMES,SOMETIMES,SOMETIMES,NOT_SURE,SOMETIMES,YES,SOMETIMES,NOT_SURE,NO,SOMETIMES
SYN-0626,FRIENDS,NOT_SURE,YES,YES,NOT_SURE,YES,NOT_SURE,YES,NOT_SURE,NO,NOT_SURE,YES,NOT_SURE,NO,NOT_SURE,SOMETIMES,YES,NOT_SURE,SOMETIMES,SOMETIMES,73,CRITICAL,67,80,62,84,79,54,80,75,76,51,FRIENDS,YES,NOT_SURE,SOMETIMES,NOT_SURE,YES,YES,NOT_SURE,YES,NOT_SURE,YES,YES,NO,SOMETIMES,NOT_SURE,NOT_SURE,YES,NOT_SURE,YES,YES,NOT_SURE,YES,NOT_SURE,NOT_SURE,NOT_SURE,NOT_SURE,NOT_SURE,SOMETIMES,NO,NOT_SURE,YES,NO,SOMETIMES,NOT_SURE,NO,NO,NO,SOMETIMES,SOMETIMES,YES,NOT_SURE,NOT_SURE,YES,SOMETIMES,NOT_SURE,NO,SOMETIMES,NOT_SURE,SOMETIMES,SOMETIMES,SOMETIMES
SYN-0627,NOT_SURE,NOT_SURE,NOT_SURE,NOT_SURE,YES,NOT_SURE,NOT_SURE,NOT_SURE,FRIENDS,YES,NOT_SURE,YES,NOT_SURE,NOT_SURE,SOMETIMES,SOMETIMES,SOMETIMES,SOMETIMES,SOMETIMES,YES,57,HIGH,54,60,72,39,76,60,55,75,40,36,NOT_SURE,SOMETIMES,NOT_SURE,NO,NOT_SURE,NOT_SURE,NOT_SURE,NOT_SURE,NOT_SURE,NOT_SURE,NOT_SURE,SOMETIMES,YES,SOMETIMES,YES,NOT_SURE,NOT_SURE,FRIENDS,SOMETIMES,NO,NOT_SURE,YES,NOT_SURE,SOMETIMES,NOT_SURE,SOMETIMES,NOT_SURE,NOT_SURE,SOMETIMES,SOMETIMES,SOMETIMES,SOMETIMES,SOMETIMES,NOT_SURE,NOT_SURE,NOT_SURE,NOT_SURE,NO,NOT_SURE,SOMETIMES,SOMETIMES,SOMETIMES,NO,NOT_SURE,SOMETIMES,NOT_SURE,SOMETIMES,SOMETIMES,SOMETIMES,YES,SOMETIMES
SYN-0628,PRIVATE,NO,NOT_SURE,NO,NO,NOT_SURE,NOT_SURE,NOT_SURE,PRIVATE,NO,NO,NOT_SURE,YES,YES,YES,NOT_SURE,NOT_SURE,YES,YES,SOMETIMES,29,MODERATE,29,39,12,19,33,0,34,24,61,21,PRIVATE,SOMETIMES,FRIENDS,SOMETIMES,NO,NOT_SURE,NO,NOT_SURE,NOT_SURE,NOT_SURE,NOT_SURE,SOMETIMES,NO,NO,NO,NO,NO,PRIVATE,NO,SOMETIMES,SOMETIMES,NOT_SURE,NO,YES,SOMETIMES,NO,YES,NO,NO,YES,NOT_SURE,YES,NOT_SURE,SOMETIMES,NOT_SURE,YES,YES,YES,NOT_SURE,SOMETIMES,SOMETIMES,YES,SOMETIMES,SOMETIMES,SOMETIMES,SOMETIMES,YES,NO,YES,SOMETIMES,SOMETIMES
SYN-0629,FRIENDS,NOT_SURE,NOT_SURE,NOT_SURE,NOT_SURE,YES,NOT_SURE,NOT_SURE,FRIENDS,NO,SOMETIMES,YES,SOMETIMES,SOMETIMES,SOMETIMES,NO,SOMETIMES,NOT_SURE,NOT_SURE,NO,57,HIGH,44,66,49,38,77,46,68,56,51,77,FRIENDS,SOMETIMES,PRIVATE,NOT_SURE,NOT_SURE,NOT_SURE,NOT_SURE,NOT_SURE,YES,NOT_SURE,NOT_SURE,NOT_SURE,NO,NOT_SURE,NOT_SURE,SOMETIMES,NOT_SURE,FRIENDS,SOMETIMES,NO,SOMETIMES,YES,NOT_SURE,NOT_SURE,SOMETIMES,NOT_SURE,SOMETIMES,NO,SOMETIMES,SOMETIMES,SOMETIMES,NO,NO,NO,SOMETIMES,NOT_SURE,SOMETIMES,SOMETIMES,NOT_SURE,NOT_SURE,NO,NOT_SURE,NOT_SURE,SOMETIMES,SOMETIMES,NOT_SURE,NOT_SURE,NOT_SURE,NOT_SURE,NO,NOT_SURE
SYN-0630,FRIENDS,NO,NOT_SURE,NOT_SURE,NOT_SURE,NOT_SURE,NO,NO,FRIENDS,NO,NO,SOMETIMES,NOT_SURE,NOT_SURE,YES,YES,NO,YES,YES,SOMETIMES,40,MODERATE,29,26,37,53,60,81,9,64,68,29,FRIENDS,NO,FRIENDS,NO,NO,NOT_SURE,NOT_SURE,NO,NOT_SURE,NO,NO,NOT_SURE,NO,NOT_SURE,NOT_SURE,NO,NO,FRIENDS,SOMETIMES,NOT_SURE,SOMETIMES,SOMETIMES,NOT_SURE,SOMETIMES,YES,YES,NOT_SURE,YES,NOT_SURE,YES,NO,YES,YES,YES,NOT_SURE,SOMETIMES,NOT_SURE,NO,YES,YES,SOMETIMES,YES,NOT_SURE,NOT_SURE,SOMETIMES,NOT_SURE,YES,SOMETIMES,YES,SOMETIMES,SOMETIMES
SYN-0631,NOT_SURE,YES,YES,NOT_SURE,YES,NOT_SURE,NOT_SURE,NOT_SURE,FRIENDS,SOMETIMES,NOT_SURE,NOT_SURE,NOT_SURE,NOT_SURE,NOT_SURE,NOT_SURE,SOMETIMES,SOMETIMES,SOMETIMES,NOT_SURE,64,HIGH,63,83,53,61,61,53,66,63,66,51,NOT_SURE,SOMETIMES,NOT_SURE,NOT_SURE,YES,YES,NOT_SURE,YES,NOT_SURE,NOT_SURE,NOT_SURE,NO,SOMETIMES,NOT_SURE,YES,NOT_SURE,SOMETIMES,FRIENDS,NOT_SURE,NOT_SURE,YES,NOT_SURE,NOT_SURE,NOT_SURE,NOT_SURE,NO,NOT_SURE,NOT_SURE,YES,NOT_SURE,SOMETIMES,NOT_SURE,NOT_SURE,SOMETIMES,NOT_SURE,NO,NOT_SURE,SOMETIMES,NOT_SURE,SOMETIMES,SOMETIMES,SOMETIMES,NOT_SURE,YES,YES,NOT_SURE,SOMETIMES,NO,SOMETIMES,NOT_SURE,NOT_SURE
SYN-0632,NOT_SURE,NOT_SURE,NOT_SURE,NOT_SURE,NOT_SURE,YES,NOT_SURE,YES,NOT_SURE,NOT_SURE,YES,YES,NOT_SURE,NO,NOT_SURE,NOT_SURE,YES,YES,NO,SOMETIMES,75,CRITICAL,83,69,65,70,79,87,84,63,83,71,NOT_SURE,YES,NOT_SURE,YES,NOT_SURE,NOT_SURE,NOT_SURE,NOT_SURE,YES,NOT_SURE,YES,NOT_SURE,NOT_SURE,SOMETIMES,NOT_SURE,YES,NOT_SURE,NOT_SURE,SOMETIMES,YES,SOMETIMES,YES,NOT_SURE,NOT_SURE,NOT_SURE,YES,NOT_SURE,YES,YES,NOT_SURE,YES,NOT_SURE,NOT_SURE,NO,NO,NO,NO,SOMETIMES,YES,YES,YES,YES,NOT_SURE,NOT_SURE,YES,NO,NO,YES,SOMETIMES,SOMETIMES,SOMETIMES
SYN-0633,PRIVATE,NOT_SURE,NOT_SURE,NO,NO,NOT_SURE,NOT_SURE,NOT_SURE,NOT_SURE,NO,NOT_SURE,NO,SOMETIMES,YES,NOT_SURE,NO,NOT_SURE,SOMETIMES,SOMETIMES,SOMETIMES,46,HIGH,21,51,35,64,7,43,67,25,82,46,PRIVATE,SOMETIMES,FRIENDS,NO,NOT_SURE,NOT_SURE,NO,NOT_SURE,NOT_SURE,NOT_SURE,NOT_SURE,SOMETIMES,NO,NOT_SURE,NO,NOT_SURE,NOT_SURE,NOT_SURE,NOT_SURE,NOT_SURE,NOT_SURE,NO,NO,YES,SOMETIMES,SOMETIMES,SOMETIMES,NO,SOMETIMES,NOT_SURE,NOT_SURE,SOMETIMES,NO,SOMETIMES,NOT_SURE,SOMETIMES,YES,NOT_SURE,YES,NOT_SURE,YES,SOMETIMES,YES,YES,NOT_SURE,NOT_SURE,SOMETIMES,SOMETIMES,YES,SOMETIMES,NOT_SURE
SYN-0634,PRIVATE,YES,NO,NO,NO,NOT_SURE,NO,NOT_SURE,FRIENDS,NO,NO,SOMETIMES,YES,YES,YES,NOT_SURE,NO,NO,YES,NOT_SURE,20,LOW,29,34,12,25,21,21,18,0,0,43,PRIVATE,SOMETIMES,FRIENDS,SOMETIMES,YES,NO,NO,NO,NOT_SURE,NO,NOT_SURE,NO,NO,SOMETIMES,NO,NO,SOMETIMES,FRIENDS,NO,NO,SOMETIMES,SOMETIMES,NO,YES,NO,SOMETIMES,YES,NO,SOMETIMES,YES,NO,YES,NOT_SURE,NOT_SURE,YES,YES,YES,YES,YES,NO,NO,NO,NO,NO,NO,YES,YES,NOT_SURE,SOMETIMES,NOT_SURE,SOMETIMES
SYN-0635,FRIENDS,NO,NOT_SURE,NO,NOT_SURE,NOT_SURE,NOT_SURE,NO,FRIENDS,NO,NO,SOMETIMES,SOMETIMES,YES,SOMETIMES,SOMETIMES,NOT_SURE,YES,SOMETIMES,NOT_SURE,45,HIGH,50,34,29,51,53,47,54,19,61,56,FRIENDS,SOMETIMES,FRIENDS,SOMETIMES,NO,NOT_SURE,NO,NOT_SURE,NOT_SURE,NOT_SURE,NO,SOMETIMES,NO,NO,NOT_SURE,NO,SOMETIMES,FRIENDS,SOMETIMES,SOMETIMES,NOT_SURE,SOMETIMES,NOT_SURE,SOMETIMES,SOMETIMES,NOT_SURE,SOMETIMES,NOT_SURE,NO,SOMETIMES,NOT_SURE,YES,SOMETIMES,SOMETIMES,NO,NOT_SURE,YES,YES,SOMETIMES,SOMETIMES,NO,YES,NOT_SURE,NOT_SURE,NO,NO,SOMETIMES,SOMETIMES,SOMETIMES,NOT_SURE,SOMETIMES
SYN-0636,PRIVATE,NOT_SURE,NOT_SURE,YES,NO,NOT_SURE,NOT_SURE,NOT_SURE,NOT_SURE,NOT_SURE,YES,SOMETIMES,NOT_SURE,NOT_SURE,YES,NOT_SURE,SOMETIMES,NO,YES,NOT_SURE,44,HIGH,30,74,34,57,53,56,43,51,4,29,PRIVATE,SOMETIMES,FRIENDS,NOT_SURE,NOT_SURE,NOT_SURE,YES,YES,NOT_SURE,NOT_SURE,NOT_SURE,NO,NOT_SURE,NOT_SURE,NO,YES,NO,NOT_SURE,SOMETIMES,SOMETIMES,SOMETIMES,SOMETIMES,NOT_SURE,SOMETIMES,SOMETIMES,NOT_SURE,NOT_SURE,NO,NOT_SURE,YES,SOMETIMES,SOMETIMES,NOT_SURE,SOMETIMES,NO,NOT_SURE,NOT_SURE,SOMETIMES,SOMETIMES,NO,NO,NO,NO,NO,NOT_SURE,YES,YES,NOT_SURE,YES,NOT_SURE,YES
SYN-0637,NOT_SURE,YES,NOT_SURE,YES,NOT_SURE,YES,NOT_SURE,NOT_SURE,FRIENDS,YES,NOT_SURE,YES,SOMETIMES,NOT_SURE,NO,SOMETIMES,YES,NOT_SURE,NOT_SURE,NO,75,CRITICAL,63,89,68,75,81,46,81,76,76,83,NOT_SURE,NOT_SURE,FRIENDS,NOT_SURE,YES,NOT_SURE,YES,YES,YES,NOT_SURE,NOT_SURE,NOT_SURE,YES,SOMETIMES,NOT_SURE,NOT_SURE,YES,FRIENDS,YES,YES,SOMETIMES,YES,NOT_SURE,SOMETIMES,YES,NOT_SURE,SOMETIMES,NO,SOMETIMES,NO,YES,SOMETIMES,SOMETIMES,SOMETIMES,NO,NOT_SURE,NOT_SURE,NOT_SURE,NO,NOT_SURE,NOT_SURE,NOT_SURE,YES,NOT_SURE,YES,NOT_SURE,NOT_SURE,YES,NOT_SURE,NO,NOT_SURE
SYN-0638,PUBLIC,NOT_SURE,NOT_SURE,YES,NOT_SURE,NOT_SURE,NOT_SURE,NO,FRIENDS,NO,NO,YES,SOMETIMES,SOMETIMES,SOMETIMES,NO,SOMETIMES,NOT_SURE,NOT_SURE,NO,65,HIGH,90,61,25,61,89,60,65,69,79,80,PUBLIC,YES,NOT_SURE,NOT_SURE,NOT_SURE,NOT_SURE,YES,NOT_SURE,NOT_SURE,NOT_SURE,NO,SOMETIMES,NO,NO,NOT_SURE,NO,NO,FRIENDS,NOT_SURE,NOT_SURE,YES,YES,YES,NOT_SURE,SOMETIMES,NOT_SURE,SOMETIMES,SOMETIMES,YES,SOMETIMES,SOMETIMES,NO,NO,NOT_SURE,NOT_SURE,SOMETIMES,SOMETIMES,NOT_SURE,NO,NOT_SURE,NOT_SURE,NOT_SURE,YES,YES,NOT_SURE,NOT_SURE,NOT_SURE,YES,SOMETIMES,NO,NOT_SURE
SYN-0639,PRIVATE,NO,NO,NOT_SURE,NO,NO,NO,NOT_SURE,PRIVATE,SOMETIMES,SOMETIMES,NO,YES,YES,YES,SOMETIMES,NO,NO,YES,YES,11,LOW,0,26,15,15,0,0,7,13,11,7,PRIVATE,NO,PRIVATE,NO,NO,NO,NOT_SURE,NOT_SURE,NO,NO,NOT_SURE,NO,SOMETIMES,NO,NO,SOMETIMES,NO,PRIVATE,NO,NOT_SURE,NO,NO,NO,YES,NO,NO,YES,NO,NO,YES,NO,YES,SOMETIMES,YES,YES,YES,YES,YES,SOMETIMES,NO,NO,NO,NO,NO,SOMETIMES,SOMETIMES,YES,NO,YES,YES,SOMETIMES
SYN-0640,FRIENDS,YES,NOT_SURE,NO,NOT_SURE,YES,NO,NOT_SURE,PRIVATE,SOMETIMES,NO,SOMETIMES,SOMETIMES,NOT_SURE,SOMETIMES,YES,NOT_SURE,SOMETIMES,SOMETIMES,SOMETIMES,49,HIGH,51,61,48,35,43,46,59,46,36,43,FRIENDS,SOMETIMES,FRIENDS,NOT_SURE,YES,NOT_SURE,NO,NOT_SURE,YES,NO,NOT_SURE,NOT_SURE,SOMETIMES,NOT_SURE,NOT_SURE,NO,SOMETIMES,PRIVATE,SOMETIMES,NOT_SURE,NOT_SURE,SOMETIMES,NO,NO,SOMETIMES,NOT_SURE,SOMETIMES,NO,SOMETIMES,SOMETIMES,NOT_SURE,NO,YES,NO,NOT_SURE,NO,NOT_SURE,SOMETIMES,YES,NOT_SURE,NOT_SURE,SOMETIMES,NO,SOMETIMES,NO,NOT_SURE,SOMETIMES,NO,NO,SOMETIMES,YES
SYN-0641,FRIENDS,NOT_SURE,NOT_SURE,YES,YES,NOT_SURE,NOT_SURE,NOT_SURE,PUBLIC,NOT_SURE,SOMETIMES,NOT_SURE,NO,SOMETIMES,NOT_SURE,YES,SOMETIMES,YES,SOMETIMES,YES,64,HIGH,63,66,68,90,61,100,46,61,59,30,FRIENDS,NOT_SURE,NOT_SURE,YES,NOT_SURE,NOT_SURE,YES,NOT_SURE,NOT_SURE,NOT_SURE,NOT_SURE,NOT_SURE,NOT_SURE,NOT_SURE,YES,SOMETIMES,NOT_SURE,PUBLIC,YES,NOT_SURE,YES,NOT_SURE,NOT_SURE,NOT_SURE,NOT_SURE,YES,NO,YES,YES,NOT_SURE,SOMETIMES,NOT_SURE,YES,SOMETIMES,YES,SOMETIMES,SOMETIMES,NOT_SURE,NOT_SURE,NOT_SURE,NO,YES,NOT_SURE,NOT_SURE,NOT_SURE,SOMETIMES,SOMETIMES,NOT_SURE,SOMETIMES,YES,YES
SYN-0642,FRIENDS,NO,NO,NOT_SURE,NOT_SURE,NO,NOT_SURE,NO,PRIVATE,SOMETIMES,SOMETIMES,NO,SOMETIMES,YES,YES,NOT_SURE,SOMETIMES,NO,YES,NOT_SURE,26,MODERATE,43,13,55,20,7,29,27,0,21,30,FRIENDS,SOMETIMES,PRIVATE,SOMETIMES,NO,NO,NOT_SURE,NO,NO,NOT_SURE,NO,NOT_SURE,SOMETIMES,SOMETIMES,NOT_SURE,SOMETIMES,SOMETIMES,PRIVATE,SOMETIMES,NO,NOT_SURE,NO,NO,YES,SOMETIMES,NO,SOMETIMES,SOMETIMES,NO,YES,SOMETIMES,YES,NOT_SURE,SOMETIMES,YES,YES,YES,YES,YES,NO,SOMETIMES,NO,SOMETIMES,NO,NO,YES,YES,NO,YES,NOT_SURE,NOT_SURE
SYN-0643,NOT_SURE,NOT_SURE,NOT_SURE,NOT_SURE,NOT_SURE,NO,NOT_SURE,NOT_SURE,NOT_SURE,NOT_SURE,YES,SOMETIMES,NOT_SURE,NOT_SURE,NOT_SURE,NO,YES,NOT_SURE,SOMETIMES,SOMETIMES,66,HIGH,66,60,73,63,46,81,80,63,76,39,NOT_SURE,NOT_SURE,NOT_SURE,NOT_SURE,NOT_SURE,NOT_SURE,NOT_SURE,YES,NO,NOT_SURE,NOT_SURE,SOMETIMES,NOT_SURE,YES,NOT_SURE,YES,YES,NOT_SURE,NOT_SURE,NOT_SURE,SOMETIMES,SOMETIMES,NOT_SURE,YES,SOMETIMES,YES,NOT_SURE,NOT_SURE,YES,NOT_SURE,YES,NOT_SURE,NO,NOT_SURE,NOT_SURE,SOMETIMES,NOT_SURE,SOMETIMES,NOT_SURE,SOMETIMES,NOT_SURE,NOT_SURE,YES,SOMETIMES,NOT_SURE,NO,SOMETIMES,NO,NOT_SURE,SOMETIMES,YES
SYN-0644,PUBLIC,YES,YES,YES,YES,YES,NOT_SURE,NOT_SURE,PUBLIC,YES,YES,SOMETIMES,SOMETIMES,NO,NO,NOT_SURE,YES,NOT_SURE,SOMETIMES,SOMETIMES,82,CRITICAL,90,94,97,94,64,54,92,75,54,54,PUBLIC,YES,NOT_SURE,NOT_SURE,YES,YES,YES,YES,YES,NOT_SURE,NOT_SURE,YES,YES,YES,YES,YES,NOT_SURE,PUBLIC,YES,YES,SOMETIMES,SOMETIMES,YES,SOMETIMES,SOMETIMES,NOT_SURE,SOMETIMES,SOMETIMES,NOT_SURE,NO,YES,SOMETIMES,NOT_SURE,NO,NO,NO,NO,SOMETIMES,NOT_SURE,NOT_SURE,NOT_SURE,NOT_SURE,SOMETIMES,YES,NOT_SURE,YES,SOMETIMES,NOT_SURE,NOT_SURE,SOMETIMES,SOMETIMES
SYN-0645,NOT_SURE,NOT_SURE,NO,NOT_SURE,NOT_SURE,NOT_SURE,YES,NOT_SURE,NOT_SURE,YES,SOMETIMES,NOT_SURE,NOT_SURE,NOT_SURE,SOMETIMES,NO,SOMETIMES,SOMETIMES,SOMETIMES,YES,56,HIGH,49,54,62,64,57,47,61,64,48,33,NOT_SURE,NO,NOT_SURE,NOT_SURE,NOT_SURE,NO,NOT_SURE,NOT_SURE,NOT_SURE,YES,NOT_SURE,NOT_SURE,YES,SOMETIMES,NOT_SURE,SOMETIMES,SOMETIMES,NOT_SURE,NOT_SURE,NOT_SURE,NOT_SURE,NOT_SURE,NOT_SURE,SOMETIMES,SOMETIMES,NO,NOT_SURE,NOT_SURE,NOT_SURE,SOMETIMES,SOMETIMES,NOT_SURE,NO,NOT_SURE,SOMETIMES,SOMETIMES,NOT_SURE,NOT_SURE,SOMETIMES,NOT_SURE,NO,SOMETIMES,SOMETIMES,NOT_SURE,NOT_SURE,NOT_SURE,SOMETIMES,NOT_SURE,YES,YES,NOT_SURE
SYN-0646,NOT_SURE,YES,NOT_SURE,YES,NOT_SURE,YES,NOT_SURE,YES,NOT_SURE,NOT_SURE,YES,YES,NO,NO,NOT_SURE,SOMETIMES,NOT_SURE,SOMETIMES,SOMETIMES,NOT_SURE,74,CRITICAL,63,91,69,71,76,89,60,80,79,70,NOT_SURE,NOT_SURE,FRIENDS,NOT_SURE,YES,NOT_SURE,YES,YES,YES,NOT_SURE,YES,SOMETIMES,NOT_SURE,YES,NOT_SURE,YES,SOMETIMES,NOT_SURE,SOMETIMES,YES,NOT_SURE,YES,NOT_SURE,SOMETIMES,NOT_SURE,NOT_SURE,NO,YES,YES,NOT_SURE,NOT_SURE,SOMETIMES,SOMETIMES,NOT_SURE,SOMETIMES,SOMETIMES,NO,NOT_SURE,NOT_SURE,NOT_SURE,YES,SOMETIMES,YES,YES,SOMETIMES,SOMETIMES,SOMETIMES,YES,NO,NOT_SURE,SOMETIMES
SYN-0647,NOT_SURE,NO,NOT_SURE,NOT_SURE,NOT_SURE,NOT_SURE,NOT_SURE,NOT_SURE,NOT_SURE,SOMETIMES,NOT_SURE,SOMETIMES,NO,SOMETIMES,NOT_SURE,YES,SOMETIMES,SOMETIMES,NO,NOT_SURE,55,HIGH,63,47,56,59,46,83,39,61,65,73,NOT_SURE,NOT_SURE,FRIENDS,NOT_SURE,NO,NOT_SURE,NOT_SURE,NOT_SURE,NOT_SURE,NOT_SURE,NOT_SURE,NOT_SURE,SOMETIMES,SOMETIMES,NOT_SURE,NOT_SURE,SOMETIMES,NOT_SURE,SOMETIMES,SOMETIMES,NOT_SURE,SOMETIMES,NOT_SURE,SOMETIMES,NO,NOT_SURE,NO,NOT_SURE,YES,NOT_SURE,SOMETIMES,SOMETIMES,YES,YES,SOMETIMES,YES,SOMETIMES,NOT_SURE,NOT_SURE,NOT_SURE,SOMETIMES,SOMETIMES,YES,SOMETIMES,NOT_SURE,SOMETIMES,NO,SOMETIMES,SOMETIMES,NOT_SURE,NOT_SURE
SYN-0648,FRIENDS,YES,YES,YES,YES,YES,YES,YES,PUBLIC,YES,NOT_SURE,NOT_SURE,NOT_SURE,NO,SOMETIMES,NO,YES,YES,NO,NOT_SURE,81,CRITICAL,60,100,79,83,71,64,77,93,91,79,FRIENDS,SOMETIMES,NOT_SURE,YES,YES,YES,YES,YES,YES,YES,YES,SOMETIMES,YES,YES,YES,NOT_SURE,NOT_SURE,PUBLIC,SOMETIMES,YES,NOT_SURE,NOT_SURE,NOT_SURE,NO,YES,NOT_SURE,NOT_SURE,NOT_SURE,NOT_SURE,SOMETIMES,YES,NO,NO,NOT_SURE,NOT_SURE,NOT_SURE,NO,NOT_SURE,NO,YES,YES,YES,YES,NOT_SURE,NOT_SURE,NO,NO,NOT_SURE,SOMETIMES,NOT_SURE,NO
SYN-0649,PRIVATE,NOT_SURE,NOT_SURE,NO,NO,NO,NOT_SURE,NO,PRIVATE,SOMETIMES,NO,NO,YES,SOMETIMES,YES,YES,NO,SOMETIMES,YES,YES,10,LOW,10,26,8,6,0,0,6,26,11,10,PRIVATE,NO,NOT_SURE,NO,NOT_SURE,NOT_SURE,NO,NO,NO,NOT_SURE,NO,NO,SOMETIMES,NO,NO,NO,NO,PRIVATE,NO,NO,SOMETIMES,NO,NO,YES,NO,NO,YES,NO,NO,YES,NO,YES,YES,SOMETIMES,YES,YES,SOMETIMES,YES,YES,NOT_SURE,NO,SOMETIMES,NO,NO,NO,YES,YES,NO,YES,YES,NOT_SURE
SYN-0650,PUBLIC,YES,YES,NOT_SURE,YES,NOT_SURE,YES,NOT_SURE,PUBLIC,NOT_SURE,SOMETIMES,YES,NO,SOMETIMES,NO,NO,SOMETIMES,SOMETIMES,NO,NO,80,CRITICAL,94,77,80,84,84,100,86,74,44,94,PUBLIC,YES,PUBLIC,NOT_SURE,YES,YES,NOT_SURE,NOT_SURE,NOT_SURE,YES,NOT_SURE,YES,NOT_SURE,NOT_SURE,YES,SOMETIMES,YES,PUBLIC,YES,NOT_SURE,SOMETIMES,YES,NOT_SURE,NOT_SURE,YES,YES,NO,YES,YES,NO,SOMETIMES,NO,NO,NOT_SURE,NO,NO,SOMETIMES,NOT_SURE,NO,YES,NO,SOMETIMES,SOMETIMES,SOMETIMES,NOT_SURE,SOMETIMES,NO,NOT_SURE,NO,NO,NO
SYN-0651,FRIENDS,NO,NOT_SURE,NO,NO,NOT_SURE,NO,NO,PRIVATE,NO,NO,SOMETIMES,YES,SOMETIMES,YES,YES,NO,NOT_SURE,NO,SOMETIMES,24,MODERATE,37,30,0,15,29,14,4,25,52,67,FRIENDS,NO,FRIENDS,NOT_SURE,NO,NOT_SURE,NO,NOT_SURE,NOT_SURE,NO,NO,NO,NO,NO,NO,NO,NO,PRIVATE,NOT_SURE,NO,NO,SOMETIMES,NO,SOMETIMES,NO,NO,YES,SOMETIMES,SOMETIMES,YES,NO,SOMETIMES,YES,YES,YES,YES,SOMETIMES,YES,YES,SOMETIMES,SOMETIMES,NOT_SURE,SOMETIMES,SOMETIMES,SOMETIMES,SOMETIMES,NO,SOMETIMES,SOMETIMES,SOMETIMES,NOT_SURE
SYN-0652,FRIENDS,NOT_SURE,YES,NOT_SURE,NOT_SURE,NOT_SURE,YES,YES,FRIENDS,NOT_SURE,SOMETIMES,NOT_SURE,NO,NOT_SURE,NO,NO,NOT_SURE,YES,NOT_SURE,NO,71,CRITICAL,60,71,56,41,67,83,87,81,93,81,FRIENDS,NOT_SURE,PUBLIC,SOMETIMES,NOT_SURE,YES,NOT_SURE,NOT_SURE,NOT_SURE,YES,YES,NOT_SURE,NOT_SURE,SOMETIMES,NOT_SURE,SOMETIMES,SOMETIMES,FRIENDS,NOT_SURE,NO,NOT_SURE,NOT_SURE,NOT_SURE,NOT_SURE,YES,NOT_SURE,NO,YES,NOT_SURE,NO,NOT_SURE,NOT_SURE,NO,NO,NOT_SURE,NO,NOT_SURE,NOT_SURE,NO,YES,YES,YES,YES,YES,YES,SOMETIMES,NOT_SURE,NOT_SURE,NO,NO,NOT_SURE
SYN-0653,FRIENDS,NOT_SURE,NO,NOT_SURE,NOT_SURE,NO,NOT_SURE,NO,FRIENDS,SOMETIMES,SOMETIMES,NO,SOMETIMES,YES,SOMETIMES,SOMETIMES,NO,SOMETIMES,YES,SOMETIMES,35,MODERATE,44,39,42,54,17,57,35,18,14,29,FRIENDS,SOMETIMES,PRIVATE,NOT_SURE,NOT_SURE,NO,NOT_SURE,NOT_SURE,NO,NOT_SURE,NO,NO,SOMETIMES,SOMETIMES,NOT_SURE,SOMETIMES,NOT_SURE,FRIENDS,NOT_SURE,SOMETIMES,NOT_SURE,NO,NOT_SURE,YES,NO,SOMETIMES,SOMETIMES,YES,SOMETIMES,SOMETIMES,NO,SOMETIMES,SOMETIMES,SOMETIMES,SOMETIMES,YES,YES,YES,NOT_SURE,NO,NO,SOMETIMES,NO,NO,SOMETIMES,YES,YES,SOMETIMES,SOMETIMES,SOMETIMES,YES
SYN-0654,FRIENDS,NOT_SURE,NO,NO,NOT_SURE,NO,NO,NOT_SURE,PRIVATE,NO,YES,NO,YES,SOMETIMES,SOMETIMES,YES,SOMETIMES,NOT_SURE,SOMETIMES,SOMETIMES,32,MODERATE,47,17,42,21,16,21,43,50,30,36,FRIENDS,NOT_SURE,PRIVATE,NOT_SURE,NOT_SURE,NO,NO,NO,NO,NO,NOT_SURE,NO,NO,NOT_SURE,NOT_SURE,YES,SOMETIMES,PRIVATE,NOT_SURE,NO,SOMETIMES,NO,NO,SOMETIMES,NOT_SURE,SOMETIMES,YES,NO,SOMETIMES,SOMETIMES,SOMETIMES,YES,YES,NOT_SURE,SOMETIMES,NOT_SURE,SOMETIMES,SOMETIMES,SOMETIMES,SOMETIMES,NO,NOT_SURE,NOT_SURE,NO,NO,YES,SOMETIMES,NO,SOMETIMES,SOMETIMES,YES
SYN-0655,PRIVATE,NOT_SURE,NO,YES,NO,NOT_SURE,NOT_SURE,NO,NOT_SURE,SOMETIMES,NOT_SURE,NO,YES,YES,SOMETIMES,SOMETIMES,NOT_SURE,NO,YES,YES,33,MODERATE,24,53,40,48,17,0,52,0,18,14,PRIVATE,NOT_SURE,FRIENDS,NO,NOT_SURE,NO,YES,NOT_SURE,NOT_SURE,NOT_SURE,NO,SOMETIMES,SOMETIMES,SOMETIMES,NO,NOT_SURE,SOMETIMES,NOT_SURE,NO,NOT_SURE,SOMETIMES,NO,NOT_SURE,YES,NO,NO,YES,NO,NO,SOMETIMES,NOT_SURE,NOT_SURE,SOMETIMES,NOT_SURE,YES,SOMETIMES,YES,YES,YES,NO,SOMETIMES,NO,NO,NO,SOMETIMES,SOMETIMES,YES,NO,SOMETIMES,YES,SOMETIMES
SYN-0656,NOT_SURE,NOT_SURE,NOT_SURE,YES,NO,NOT_SURE,NO,NOT_SURE,PRIVATE,SOMETIMES,NOT_SURE,SOMETIMES,SOMETIMES,SOMETIMES,NOT_SURE,NOT_SURE,NOT_SURE,NO,SOMETIMES,NOT_SURE,51,HIGH,59,61,42,21,53,64,68,44,44,51,NOT_SURE,SOMETIMES,FRIENDS,SOMETIMES,NOT_SURE,NOT_SURE,YES,NOT_SURE,NOT_SURE,NO,NOT_SURE,NOT_SURE,SOMETIMES,SOMETIMES,NO,NOT_SURE,SOMETIMES,PRIVATE,NOT_SURE,NO,SOMETIMES,SOMETIMES,NOT_SURE,SOMETIMES,SOMETIMES,SOMETIMES,SOMETIMES,YES,YES,NOT_SURE,NOT_SURE,NOT_SURE,NOT_SURE,SOMETIMES,NO,NOT_SURE,SOMETIMES,SOMETIMES,SOMETIMES,NO,SOMETIMES,NO,NOT_SURE,NOT_SURE,SOMETIMES,SOMETIMES,SOMETIMES,SOMETIMES,YES,NOT_SURE,NOT_SURE
SYN-0657,FRIENDS,NOT_SURE,NOT_SURE,NOT_SURE,NOT_SURE,NOT_SURE,NOT_SURE,NOT_SURE,FRIENDS,SOMETIMES,SOMETIMES,SOMETIMES,SOMETIMES,SOMETIMES,NOT_SURE,NOT_SURE,YES,SOMETIMES,YES,SOMETIMES,56,HIGH,66,60,33,44,56,71,80,51,62,31,FRIENDS,YES,FRIENDS,NOT_SURE,NOT_SURE,NOT_SURE,NOT_SURE,NOT_SURE,NOT_SURE,NOT_SURE,NOT_SURE,NO,SOMETIMES,NO,NOT_SURE,SOMETIMES,SOMETIMES,FRIENDS,SOMETIMES,SOMETIMES,NO,SOMETIMES,NOT_SURE,NOT_SURE,SOMETIMES,YES,SOMETIMES,SOMETIMES,YES,NOT_SURE,YES,NOT_SURE,NOT_SURE,NO,NOT_SURE,NOT_SURE,SOMETIMES,SOMETIMES,SOMETIMES,NOT_SURE,YES,SOMETIMES,NOT_SURE,NOT_SURE,NOT_SURE,SOMETIMES,YES,SOMETIMES,NOT_SURE,SOMETIMES,YES
SYN-0658,PRIVATE,NOT_SURE,NOT_SURE,NO,NO,NO,NO,NOT_SURE,FRIENDS,NO,SOMETIMES,SOMETIMES,SOMETIMES,SOMETIMES,SOMETIMES,YES,NO,NO,YES,YES,26,MODERATE,14,39,12,31,54,47,15,44,17,0,PRIVATE,SOMETIMES,PRIVATE,NO,NOT_SURE,NOT_SURE,NO,NOT_SURE,NO,NO,NOT_SURE,NO,NO,NO,NO,SOMETIMES,NOT_SURE,FRIENDS,SOMETIMES,NO,NO,SOMETIMES,NOT_SURE,SOMETIMES,NOT_SURE,NOT_SURE,SOMETIMES,NO,NOT_SURE,SOMETIMES,NO,YES,YES,YES,YES,YES,SOMETIMES,SOMETIMES,SOMETIMES,NO,NO,NO,NOT_SURE,NO,NO,YES,YES,NO,YES,YES,YES
SYN-0659,NOT_SURE,NOT_SURE,NOT_SURE,NOT_SURE,NOT_SURE,YES,NOT_SURE,NOT_SURE,FRIENDS,SOMETIMES,NOT_SURE,NO,YES,SOMETIMES,NOT_SURE,NOT_SURE,SOMETIMES,SOMETIMES,NOT_SURE,SOMETIMES,50,HIGH,61,66,58,31,19,21,55,63,54,57,NOT_SURE,SOMETIMES,NOT_SURE,SOMETIMES,NOT_SURE,NOT_SURE,NOT_SURE,NOT_SURE,YES,NOT_SURE,NOT_SURE,NOT_SURE,SOMETIMES,NOT_SURE,NOT_SURE,NOT_SURE,NOT_SURE,FRIENDS,SOMETIMES,NO,NO,NO,NO,NOT_SURE,NOT_SURE,SOMETIMES,YES,SOMETIMES,NO,NOT_SURE,SOMETIMES,SOMETIMES,NOT_SURE,YES,SOMETIMES,NOT_SURE,SOMETIMES,SOMETIMES,NO,SOMETIMES,SOMETIMES,SOMETIMES,SOMETIMES,NOT_SURE,SOMETIMES,NOT_SURE,NOT_SURE,NOT_SURE,SOMETIMES,SOMETIMES,SOMETIMES
SYN-0660,NOT_SURE,NOT_SURE,YES,NOT_SURE,YES,NOT_SURE,NOT_SURE,NOT_SURE,PUBLIC,NOT_SURE,SOMETIMES,NOT_SURE,SOMETIMES,SOMETIMES,NOT_SURE,SOMETIMES,NO,SOMETIMES,SOMETIMES,SOMETIMES,61,HIGH,54,74,59,95,50,53,50,55,56,57,NOT_SURE,NOT_SURE,PRIVATE,SOMETIMES,NOT_SURE,YES,NOT_SURE,YES,NOT_SURE,NOT_SURE,NOT_SURE,SOMETIMES,NOT_SURE,SOMETIMES,YES,SOMETIMES,NO,PUBLIC,YES,YES,NOT_SURE,NOT_SURE,NOT_SURE,YES,SOMETIMES,SOMETIMES,SOMETIMES,NOT_SURE,NOT_SURE,NOT_SURE,NO,SOMETIMES,SOMETIMES,NOT_SURE,NOT_SURE,NOT_SURE,SOMETIMES,NOT_SURE,SOMETIMES,SOMETIMES,NOT_SURE,SOMETIMES,NOT_SURE,NOT_SURE,SOMETIMES,SOMETIMES,SOMETIMES,YES,SOMETIMES,SOMETIMES,SOMETIMES
SYN-0661,PUBLIC,NOT_SURE,NOT_SURE,NOT_SURE,NOT_SURE,NO,NOT_SURE,NO,FRIENDS,YES,YES,NO,NOT_SURE,NO,SOMETIMES,SOMETIMES,YES,YES,SOMETIMES,NO,65,HIGH,84,47,88,54,24,76,68,79,74,66,PUBLIC,NOT_SURE,NOT_SURE,YES,NOT_SURE,NOT_SURE,NOT_SURE,NOT_SURE,NO,NOT_SURE,NO,YES,YES,YES,NOT_SURE,YES,NOT_SURE,FRIENDS,NOT_SURE,SOMETIMES,NOT_SURE,NO,NOT_SURE,SOMETIMES,NO,YES,NOT_SURE,NOT_SURE,NOT_SURE,SOMETIMES,YES,NOT_SURE,SOMETIMES,SOMETIMES,NOT_SURE,NO,NO,NOT_SURE,NOT_SURE,SOMETIMES,SOMETIMES,YES,NOT_SURE,YES,SOMETIMES,NOT_SURE,SOMETIMES,NOT_SURE,SOMETIMES,NO,SOMETIMES
SYN-0662,NOT_SURE,NOT_SURE,NO,NOT_SURE,NO,YES,NOT_SURE,NO,PRIVATE,NOT_SURE,NOT_SURE,SOMETIMES,NOT_SURE,NOT_SURE,YES,SOMETIMES,SOMETIMES,NO,NO,NO,45,HIGH,63,53,22,20,56,51,33,59,48,89,NOT_SURE,SOMETIMES,NOT_SURE,NOT_SURE,NOT_SURE,NO,NOT_SURE,NOT_SURE,YES,NOT_SURE,NO,NO,NOT_SURE,NO,NO,NOT_SURE,SOMETIMES,PRIVATE,NO,SOMETIMES,NOT_SURE,SOMETIMES,NOT_SURE,NOT_SURE,SOMETIMES,SOMETIMES,NOT_SURE,NO,SOMETIMES,YES,SOMETIMES,NOT_SURE,SOMETIMES,SOMETIMES,SOMETIMES,YES,NOT_SURE,SOMETIMES,SOMETIMES,NOT_SURE,NOT_SURE,NO,SOMETIMES,YES,SOMETIMES,SOMETIMES,NO,YES,SOMETIMES,NO,NOT_SURE
SYN-0663,NOT_SURE,NO,NO,NOT_SURE,NO,NO,NO,NOT_SURE,PRIVATE,NO,SOMETIMES,SOMETIMES,YES,YES,YES,YES,NO,NO,YES,YES,21,MODERATE,54,26,19,0,54,7,4,0,21,0,NOT_SURE,NOT_SURE,PRIVATE,SOMETIMES,NO,NO,NOT_SURE,NOT_SURE,NO,NO,NOT_SURE,SOMETIMES,NO,NO,NO,SOMETIMES,NO,PRIVATE,NO,NO,NO,SOMETIMES,NOT_SURE,SOMETIMES,NOT_SURE,NO,YES,NO,SOMETIMES,YES,NO,SOMETIMES,YES,YES,YES,YES,YES,YES,YES,NO,NO,NO,SOMETIMES,NO,NO,SOMETIMES,YES,NO,YES,YES,YES
SYN-0664,PRIVATE,NOT_SURE,NO,NO,YES,NO,NOT_SURE,NOT_SURE,FRIENDS,NO,NOT_SURE,NO,SOMETIMES,YES,YES,YES,NO,SOMETIMES,YES,SOMETIMES,30,MODERATE,31,21,58,65,0,39,9,0,36,24,PRIVATE,NOT_SURE,FRIENDS,SOMETIMES,NOT_SURE,NO,NO,NO,NO,NOT_SURE,NOT_SURE,SOMETIMES,NO,NOT_SURE,YES,NOT_SURE,NOT_SURE,FRIENDS,NOT_SURE,YES,SOMETIMES,NO,NO,YES,NO,NO,SOMETIMES,NOT_SURE,NOT_SURE,YES,NO,SOMETIMES,YES,YES,YES,NOT_SURE,YES,YES,YES,NO,SOMETIMES,SOMETIMES,NO,SOMETIMES,NOT_SURE,SOMETIMES,YES,NO,NOT_SURE,SOMETIMES,YES
SYN-0665,FRIENDS,NO,NOT_SURE,NOT_SURE,NOT_SURE,YES,NOT_SURE,YES,NOT_SURE,SOMETIMES,SOMETIMES,SOMETIMES,YES,YES,SOMETIMES,YES,SOMETIMES,NO,YES,YES,36,MODERATE,50,56,29,64,31,21,30,18,17,21,FRIENDS,SOMETIMES,FRIENDS,SOMETIMES,NO,NOT_SURE,NOT_SURE,NOT_SURE,YES,NOT_SURE,YES,NO,SOMETIMES,NO,NOT_SURE,SOMETIMES,NO,NOT_SURE,NOT_SURE,NOT_SURE,NOT_SURE,SOMETIMES,NO,NOT_SURE,NO,SOMETIMES,YES,SOMETIMES,NO,SOMETIMES,SOMETIMES,YES,YES,YES,YES,SOMETIMES,YES,YES,NOT_SURE,NO,NOT_SURE,NO,NO,NOT_SURE,NO,YES,YES,SOMETIMES,SOMETIMES,YES,SOMETIMES
SYN-0666,PUBLIC,NO,NO,NOT_SURE,YES,NOT_SURE,NOT_SURE,NOT_SURE,PRIVATE,YES,SOMETIMES,NOT_SURE,NOT_SURE,NO,SOMETIMES,SOMETIMES,NOT_SURE,NO,YES,NOT_SURE,56,HIGH,79,39,72,19,77,76,52,94,35,43,PUBLIC,NOT_SURE,NOT_SURE,NOT_SURE,NO,NO,NOT_SURE,NOT_SURE,NOT_SURE,NOT_SURE,NOT_SURE,NOT_SURE,YES,SOMETIMES,YES,SOMETIMES,SOMETIMES,PRIVATE,NO,SOMETIMES,SOMETIMES,NOT_SURE,YES,NO,NOT_SURE,YES,NOT_SURE,NOT_SURE,NOT_SURE,SOMETIMES,NOT_SURE,NOT_SURE,SOMETIMES,NOT_SURE,YES,SOMETIMES,NO,NO,NO,SOMETIMES,NOT_SURE,NO,SOMETIMES,NOT_SURE,SOMETIMES,YES,YES,NOT_SURE,SOMETIMES,NOT_SURE,SOMETIMES
SYN-0667,FRIENDS,NO,NO,NOT_SURE,NO,NO,NO,NO,PRIVATE,NO,SOMETIMES,NO,YES,YES,SOMETIMES,SOMETIMES,SOMETIMES,SOMETIMES,YES,YES,24,MODERATE,21,9,23,35,17,7,46,0,49,0,FRIENDS,NO,PRIVATE,NO,NO,NO,NOT_SURE,NO,NO,NO,NO,SOMETIMES,NO,NO,NO,SOMETIMES,SOMETIMES,PRIVATE,NOT_SURE,SOMETIMES,NOT_SURE,NO,NOT_SURE,YES,NO,NO,YES,SOMETIMES,NO,SOMETIMES,SOMETIMES,SOMETIMES,SOMETIMES,SOMETIMES,SOMETIMES,YES,YES,YES,YES,NO,NO,SOMETIMES,NOT_SURE,SOMETIMES,SOMETIMES,NOT_SURE,YES,NO,YES,YES,YES
SYN-0668,NOT_SURE,NOT_SURE,NOT_SURE,NOT_SURE,NOT_SURE,NOT_SURE,YES,NOT_SURE,NOT_SURE,SOMETIMES,NOT_SURE,NOT_SURE,SOMETIMES,SOMETIMES,NOT_SURE,SOMETIMES,SOMETIMES,NOT_SURE,NOT_SURE,SOMETIMES,64,HIGH,66,63,69,63,57,47,63,61,74,60,NOT_SURE,SOMETIMES,PUBLIC,SOMETIMES,NOT_SURE,NOT_SURE,NOT_SURE,NOT_SURE,NOT_SURE,YES,NOT_SURE,YES,SOMETIMES,SOMETIMES,NOT_SURE,NOT_SURE,YES,NOT_SURE,NOT_SURE,NOT_SURE,SOMETIMES,NOT_SURE,NOT_SURE,SOMETIMES,SOMETIMES,NOT_SURE,SOMETIMES,NOT_SURE,NO,NOT_SURE,SOMETIMES,NOT_SURE,SOMETIMES,NOT_SURE,NOT_SURE,NOT_SURE,SOMETIMES,SOMETIMES,NOT_SURE,YES,SOMETIMES,NOT_SURE,YES,YES,NOT_SURE,SOMETIMES,NOT_SURE,NOT_SURE,NOT_SURE,SOMETIMES,SOMETIMES
SYN-0669,PRIVATE,NOT_SURE,NO,NO,NOT_SURE,NO,NO,NOT_SURE,NOT_SURE,NOT_SURE,NO,SOMETIMES,NO,YES,SOMETIMES,YES,SOMETIMES,NO,YES,YES,35,MODERATE,29,30,39,61,46,59,39,30,7,7,PRIVATE,SOMETIMES,FRIENDS,SOMETIMES,NOT_SURE,NO,NO,NOT_SURE,NO,NO,NOT_SURE,SOMETIMES,NOT_SURE,NO,NOT_SURE,NO,NOT_SURE,NOT_SURE,NOT_SURE,SOMETIMES,NOT_SURE,SOMETIMES,NOT_SURE,SOMETIMES,NO,NO,NO,SOMETIMES,NOT_SURE,SOMETIMES,SOMETIMES,SOMETIMES,YES,SOMETIMES,YES,SOMETIMES,YES,NOT_SURE,SOMETIMES,NO,SOMETIMES,NO,NO,NO,NO,YES,YES,NO,YES,YES,SOMETIMES
SYN-0670,PRIVATE,NOT_SURE,NO,NO,NO,NO,NO,NOT_SURE,PRIVATE,NOT_SURE,NO,NO,YES,YES,YES,YES,NO,NOT_SURE,NOT_SURE,NOT_SURE,15,LOW,0,17,21,13,16,9,0,13,24,66,PRIVATE,NO,PRIVATE,NO,NOT_SURE,NO,NO,NO,NO,NO,NOT_SURE,SOMETIMES,NOT_SURE,NO,NO,NO,NO,PRIVATE,SOMETIMES,NO,NO,NO,NO,SOMETIMES,NOT_SURE,NO,YES,NO,NOT_SURE,YES,NO,YES,YES,YES,YES,YES,YES,SOMETIMES,YES,NO,SOMETIMES,NOT_SURE,NO,NO,SOMETIMES,YES,NOT_SURE,NOT_SURE,NOT_SURE,NOT_SURE,SOMETIMES
SYN-0671,FRIENDS,NOT_SURE,YES,NOT_SURE,NOT_SURE,YES,NOT_SURE,NOT_SURE,FRIENDS,YES,YES,NOT_SURE,SOMETIMES,YES,YES,SOMETIMES,NOT_SURE,NOT_SURE,SOMETIMES,YES,53,HIGH,53,71,76,38,53,54,32,36,60,29,FRIENDS,NOT_SURE,FRIENDS,SOMETIMES,NOT_SURE,YES,NOT_SURE,NOT_SURE,YES,NOT_SURE,NOT_SURE,SOMETIMES,YES,YES,NOT_SURE,YES,NOT_SURE,FRIENDS,NO,SOMETIMES,SOMETIMES,NOT_SURE,NOT_SURE,NOT_SURE,NO,NOT_SURE,SOMETIMES,NOT_SURE,SOMETIMES,YES,NOT_SURE,YES,SOMETIMES,NOT_SURE,YES,SOMETIMES,YES,NOT_SURE,SOMETIMES,SOMETIMES,SOMETIMES,NOT_SURE,YES,NO,NOT_SURE,SOMETIMES,SOMETIMES,NO,SOMETIMES,YES,SOMETIMES
SYN-0672,FRIENDS,YES,NOT_SURE,NOT_SURE,NOT_SURE,NOT_SURE,YES,NOT_SURE,FRIENDS,SOMETIMES,NOT_SURE,SOMETIMES,SOMETIMES,NOT_SURE,SOMETIMES,SOMETIMES,NO,NOT_SURE,SOMETIMES,SOMETIMES,46,HIGH,49,71,40,38,36,47,35,46,49,43,FRIENDS,NOT_SURE,NOT_SURE,NO,YES,NOT_SURE,NOT_SURE,NOT_SURE,NOT_SURE,YES,NOT_SURE,NO,SOMETIMES,NOT_SURE,NOT_SURE,NOT_SURE,NO,FRIENDS,SOMETIMES,NO,SOMETIMES,SOMETIMES,NO,YES,YES,NOT_SURE,SOMETIMES,NO,NOT_SURE,SOMETIMES,NO,YES,SOMETIMES,SOMETIMES,SOMETIMES,SOMETIMES,NOT_SURE,SOMETIMES,YES,NOT_SURE,SOMETIMES,NOT_SURE,NOT_SURE,SOMETIMES,NOT_SURE,YES,SOMETIMES,NO,SOMETIMES,SOMETIMES,SOMETIMES
SYN-0673,PUBLIC,YES,YES,YES,YES,YES,YES,YES,NOT_SURE,YES,YES,SOMETIMES,NOT_SURE,SOMETIMES,NO,NOT_SURE,YES,SOMETIMES,NO,SOMETIMES,84,CRITICAL,83,100,97,89,56,69,86,76,72,81,PUBLIC,NOT_SURE,PUBLIC,NOT_SURE,YES,YES,YES,YES,YES,YES,YES,YES,YES,YES,YES,YES,NOT_SURE,NOT_SURE,YES,YES,YES,SOMETIMES,NOT_SURE,NOT_SURE,SOMETIMES,NOT_SURE,NOT_SURE,YES,SOMETIMES,NO,YES,SOMETIMES,NOT_SURE,NOT_SURE,NO,NOT_SURE,SOMETIMES,NO,NO,NOT_SURE,YES,SOMETIMES,YES,SOMETIMES,NOT_SURE,SOMETIMES,NO,YES,NOT_SURE,SOMETIMES,NO
SYN-0674,PRIVATE,NO,NOT_SURE,NOT_SURE,NO,NOT_SURE,NO,NOT_SURE,PRIVATE,NO,NOT_SURE,NO,NOT_SURE,SOMETIMES,SOMETIMES,YES,SOMETIMES,NO,SOMETIMES,YES,27,MODERATE,16,43,27,6,0,30,33,51,44,21,PRIVATE,NO,FRIENDS,NOT_SURE,NO,NOT_SURE,NOT_SURE,NOT_SURE,NOT_SURE,NO,NOT_SURE,NOT_SURE,NO,NO,NO,NOT_SURE,SOMETIMES,PRIVATE,NO,NO,SOMETIMES,NO,NO,YES,NO,NO,NOT_SURE,NO,NO,SOMETIMES,SOMETIMES,SOMETIMES,YES,YES,SOMETIMES,YES,SOMETIMES,SOMETIMES,SOMETIMES,NOT_SURE,NOT_SURE,NO,NOT_SURE,SOMETIMES,SOMETIMES,SOMETIMES,SOMETIMES,NO,YES,YES,SOMETIMES
SYN-0675,PUBLIC,NOT_SURE,NOT_SURE,YES,NO,NOT_SURE,YES,YES,NOT_SURE,NOT_SURE,NOT_SURE,SOMETIMES,NOT_SURE,NO,NO,NOT_SURE,YES,SOMETIMES,SOMETIMES,SOMETIMES,66,HIGH,74,80,30,59,69,74,86,93,57,50,PUBLIC,NOT_SURE,FRIENDS,SOMETIMES,NOT_SURE,NOT_SURE,YES,YES,NOT_SURE,YES,YES,NO,NOT_SURE,SOMETIMES,NO,NOT_SURE,SOMETIMES,NOT_SURE,SOMETIMES,SOMETIMES,NOT_SURE,SOMETIMES,YES,NOT_SURE,NOT_SURE,YES,NOT_SURE,SOMETIMES,NOT_SURE,NO,YES,NOT_SURE,NOT_SURE,NOT_SURE,NOT_SURE,NOT_SURE,NO,NO,NOT_SURE,YES,SOMETIMES,SOMETIMES,YES,SOMETIMES,SOMETIMES,YES,SOMETIMES,SOMETIMES,SOMETIMES,SOMETIMES,SOMETIMES
SYN-0676,PUBLIC,NOT_SURE,NOT_SURE,YES,YES,YES,NOT_SURE,NOT_SURE,FRIENDS,NOT_SURE,YES,SOMETIMES,NOT_SURE,YES,NOT_SURE,SOMETIMES,YES,NOT_SURE,SOMETIMES,NO,73,CRITICAL,84,80,85,65,56,59,81,63,59,71,PUBLIC,NOT_SURE,NOT_SURE,YES,NOT_SURE,NOT_SURE,YES,YES,YES,NOT_SURE,NOT_SURE,NOT_SURE,NOT_SURE,YES,YES,YES,YES,FRIENDS,NOT_SURE,YES,SOMETIMES,SOMETIMES,NOT_SURE,NOT_SURE,SOMETIMES,SOMETIMES,NOT_SURE,SOMETIMES,SOMETIMES,NOT_SURE,YES,NO,SOMETIMES,NO,NOT_SURE,NO,YES,NO,NO,YES,SOMETIMES,NOT_SURE,SOMETIMES,YES,SOMETIMES,SOMETIMES,SOMETIMES,NOT_SURE,NOT_SURE,NO,NOT_SURE
SYN-0677,PRIVATE,NO,YES,NO,NO,YES,NOT_SURE,NO,FRIENDS,NO,NO,NO,YES,YES,YES,YES,SOMETIMES,NO,YES,NOT_SURE,25,MODERATE,24,46,25,59,0,0,23,0,7,41,PRIVATE,NOT_SURE,FRIENDS,NO,NO,YES,NO,NOT_SURE,YES,NOT_SURE,NO,NOT_SURE,NO,SOMETIMES,NO,NO,SOMETIMES,FRIENDS,SOMETIMES,NOT_SURE,YES,NO,NO,YES,NO,NO,YES,NO,NO,YES,SOMETIMES,YES,YES,NOT_SURE,YES,SOMETIMES,YES,YES,YES,NO,SOMETIMES,NO,NO,NO,NO,YES,YES,SOMETIMES,SOMETIMES,NOT_SURE,SOMETIMES
SYN-0678,FRIENDS,NO,NO,NOT_SURE,NOT_SURE,NOT_SURE,NO,NOT_SURE,NOT_SURE,NOT_SURE,NO,YES,YES,SOMETIMES,SOMETIMES,NOT_SURE,SOMETIMES,NO,SOMETIMES,SOMETIMES,41,HIGH,51,21,28,63,86,9,44,44,21,43,FRIENDS,SOMETIMES,FRIENDS,NOT_SURE,NO,NO,NOT_SURE,NO,NOT_SURE,NO,NOT_SURE,NO,NOT_SURE,NO,NOT_SURE,NO,NOT_SURE,NOT_SURE,NOT_SURE,NOT_SURE,SOMETIMES,YES,YES,YES,YES,NO,YES,NOT_SURE,NO,SOMETIMES,SOMETIMES,SOMETIMES,NOT_SURE,YES,SOMETIMES,YES,SOMETIMES,SOMETIMES,SOMETIMES,NO,NO,NO,NOT_SURE,NO,NOT_SURE,YES,SOMETIMES,SOMETIMES,YES,SOMETIMES,SOMETIMES
SYN-0679,PUBLIC,YES,NOT_SURE,YES,NOT_SURE,NOT_SURE,NOT_SURE,YES,PUBLIC,YES,YES,NOT_SURE,NOT_SURE,NO,NO,NO,YES,YES,NO,NO,88,CRITICAL,100,86,72,94,71,81,100,100,86,96,PUBLIC,YES,PUBLIC,YES,YES,NOT_SURE,YES,YES,NOT_SURE,NOT_SURE,YES,NOT_SURE,YES,NOT_SURE,NOT_SURE,YES,NOT_SURE,PUBLIC,YES,YES,SOMETIMES,NOT_SURE,YES,NOT_SURE,SOMETIMES,YES,NOT_SURE,YES,NOT_SURE,NO,YES,NO,NO,NO,NO,NO,NO,NO,NO,YES,NOT_SURE,YES,YES,NOT_SURE,NOT_SURE,NO,NO,YES,NOT_SURE,NO,NO
SYN-0680,FRIENDS,NOT_SURE,NOT_SURE,NOT_SURE,NO,NOT_SURE,NOT_SURE,NO,PRIVATE,SOMETIMES,NOT_SURE,YES,NOT_SURE,SOMETIMES,NOT_SURE,SOMETIMES,SOMETIMES,NOT_SURE,YES,SOMETIMES,49,HIGH,51,56,42,33,53,59,57,55,41,40,FRIENDS,SOMETIMES,FRIENDS,NOT_SURE,NOT_SURE,NOT_SURE,NOT_SURE,NOT_SURE,NOT_SURE,NOT_SURE,NO,SOMETIMES,SOMETIMES,NOT_SURE,NO,NOT_SURE,SOMETIMES,PRIVATE,SOMETIMES,SOMETIMES,NOT_SURE,YES,NO,NOT_SURE,NO,SOMETIMES,NOT_SURE,SOMETIMES,SOMETIMES,NOT_SURE,SOMETIMES,SOMETIMES,SOMETIMES,SOMETIMES,NOT_SURE,SOMETIMES,SOMETIMES,NOT_SURE,SOMETIMES,SOMETIMES,SOMETIMES,NOT_SURE,NOT_SURE,NO,SOMETIMES,YES,YES,NOT_SURE,SOMETIMES,SOMETIMES,NOT_SURE
SYN-0681,PUBLIC,NOT_SURE,NOT_SURE,NOT_SURE,NOT_SURE,NOT_SURE,NOT_SURE,YES,FRIENDS,SOMETIMES,NO,NOT_SURE,NO,NOT_SURE,NOT_SURE,SOMETIMES,SOMETIMES,NOT_SURE,SOMETIMES,SOMETIMES,59,HIGH,87,63,33,39,64,87,68,57,62,43,PUBLIC,YES,FRIENDS,NOT_SURE,NOT_SURE,NOT_SURE,NOT_SURE,NOT_SURE,NOT_SURE,NOT_SURE,YES,SOMETIMES,SOMETIMES,NO,NOT_SURE,NO,NO,FRIENDS,SOMETIMES,NO,NOT_SURE,NOT_SURE,NOT_SURE,SOMETIMES,YES,YES,NO,SOMETIMES,NOT_SURE,NOT_SURE,SOMETIMES,NO,SOMETIMES,NO,NOT_SURE,NOT_SURE,NOT_SURE,SOMETIMES,SOMETIMES,SOMETIMES,YES,NOT_SURE,NOT_SURE,SOMETIMES,SOMETIMES,SOMETIMES,SOMETIMES,SOMETIMES,YES,SOMETIMES,SOMETIMES
SYN-0682,PUBLIC,NOT_SURE,YES,NOT_SURE,YES,NOT_SURE,YES,YES,PUBLIC,YES,NOT_SURE,YES,NO,NOT_SURE,NO,NO,NOT_SURE,NOT_SURE,NO,NOT_SURE,83,CRITICAL,93,80,71,100,93,87,85,69,62,91,PUBLIC,YES,FRIENDS,YES,NOT_SURE,YES,NOT_SURE,YES,NOT_SURE,YES,YES,SOMETIMES,YES,SOMETIMES,YES,NOT_SURE,SOMETIMES,PUBLIC,YES,YES,YES,YES,YES,SOMETIMES,YES,YES,NO,SOMETIMES,NOT_SURE,NO,NOT_SURE,NO,NO,NO,SOMETIMES,NOT_SURE,NOT_SURE,NOT_SURE,NOT_SURE,NOT_SURE,NOT_SURE,NOT_SURE,SOMETIMES,NOT_SURE,SOMETIMES,NO,NO,YES,NO,NOT_SURE,NO
SYN-0683,NOT_SURE,NOT_SURE,NO,YES,YES,YES,YES,NOT_SURE,PRIVATE,YES,YES,NOT_SURE,NOT_SURE,SOMETIMES,SOMETIMES,NOT_SURE,YES,YES,NOT_SURE,NOT_SURE,60,HIGH,59,53,77,22,69,70,68,55,67,54,NOT_SURE,SOMETIMES,FRIENDS,SOMETIMES,NOT_SURE,NO,YES,NO,YES,YES,NOT_SURE,SOMETIMES,YES,SOMETIMES,YES,YES,SOMETIMES,PRIVATE,NOT_SURE,NO,NOT_SURE,NOT_SURE,YES,SOMETIMES,SOMETIMES,NOT_SURE,NOT_SURE,YES,NOT_SURE,SOMETIMES,YES,SOMETIMES,NOT_SURE,NOT_SURE,SOMETIMES,NOT_SURE,SOMETIMES,NOT_SURE,SOMETIMES,SOMETIMES,NOT_SURE,YES,NOT_SURE,NOT_SURE,NOT_SURE,SOMETIMES,NOT_SURE,NO,SOMETIMES,NOT_SURE,SOMETIMES
SYN-0684,FRIENDS,YES,NOT_SURE,NO,NOT_SURE,NO,NO,NO,FRIENDS,SOMETIMES,NOT_SURE,NO,NOT_SURE,YES,SOMETIMES,YES,NO,NO,SOMETIMES,SOMETIMES,33,MODERATE,36,30,46,44,10,46,19,13,41,51,FRIENDS,NO,FRIENDS,SOMETIMES,YES,NOT_SURE,NO,NO,NO,NO,NO,SOMETIMES,SOMETIMES,NO,NOT_SURE,NOT_SURE,SOMETIMES,FRIENDS,NO,SOMETIMES,YES,NO,NO,NOT_SURE,NO,NO,NOT_SURE,NOT_SURE,SOMETIMES,SOMETIMES,NO,SOMETIMES,YES,YES,YES,YES,YES,SOMETIMES,YES,NO,NOT_SURE,NO,SOMETIMES,SOMETIMES,SOMETIMES,SOMETIMES,SOMETIMES,NOT_SURE,SOMETIMES,SOMETIMES,SOMETIMES
SYN-0685,FRIENDS,NO,NOT_SURE,NOT_SURE,NO,NO,NO,NO,FRIENDS,SOMETIMES,SOMETIMES,SOMETIMES,SOMETIMES,SOMETIMES,SOMETIMES,NO,SOMETIMES,NOT_SURE,NO,SOMETIMES,46,HIGH,53,17,39,56,46,39,68,51,53,50,FRIENDS,NOT_SURE,FRIENDS,SOMETIMES,NO,NOT_SURE,NOT_SURE,NO,NO,NO,NO,SOMETIMES,SOMETIMES,SOMETIMES,NO,SOMETIMES,NOT_SURE,FRIENDS,NOT_SURE,NOT_SURE,NOT_SURE,SOMETIMES,NOT_SURE,SOMETIMES,NO,NOT_SURE,SOMETIMES,NO,NO,SOMETIMES,SOMETIMES,NO,NO,NO,SOMETIMES,NOT_SURE,SOMETIMES,SOMETIMES,SOMETIMES,NOT_SURE,SOMETIMES,NOT_SURE,SOMETIMES,SOMETIMES,NOT_SURE,SOMETIMES,NO,SOMETIMES,YES,SOMETIMES,YES
SYN-0686,FRIENDS,NOT_SURE,YES,YES,YES,YES,YES,YES,NOT_SURE,YES,NOT_SURE,NOT_SURE,NO,NO,NO,SOMETIMES,YES,YES,NOT_SURE,NO,79,CRITICAL,54,83,94,84,71,81,85,75,65,86,FRIENDS,SOMETIMES,NOT_SURE,NOT_SURE,NOT_SURE,YES,YES,NOT_SURE,YES,YES,YES,YES,YES,YES,YES,NOT_SURE,YES,NOT_SURE,YES,YES,NOT_SURE,NOT_SURE,NOT_SURE,NO,YES,NOT_SURE,NO,YES,SOMETIMES,NO,YES,NO,SOMETIMES,NOT_SURE,NOT_SURE,NOT_SURE,NO,SOMETIMES,NOT_SURE,NOT_SURE,NOT_SURE,YES,NOT_SURE,SOMETIMES,SOMETIMES,SOMETIMES,NOT_SURE,NOT_SURE,NO,NO,NO
SYN-0687,FRIENDS,NOT_SURE,NOT_SURE,NOT_SURE,NOT_SURE,NOT_SURE,NOT_SURE,NOT_SURE,FRIENDS,SOMETIMES,NO,SOMETIMES,SOMETIMES,SOMETIMES,NOT_SURE,SOMETIMES,NO,YES,NOT_SURE,NOT_SURE,48,HIGH,66,60,49,31,29,56,40,49,42,67,FRIENDS,YES,FRIENDS,NOT_SURE,NOT_SURE,NOT_SURE,NOT_SURE,NOT_SURE,NOT_SURE,NOT_SURE,NOT_SURE,NOT_SURE,SOMETIMES,NOT_SURE,NOT_SURE,NO,NOT_SURE,FRIENDS,NO,SOMETIMES,NO,SOMETIMES,NO,SOMETIMES,NO,NOT_SURE,SOMETIMES,NOT_SURE,NOT_SURE,NOT_SURE,NO,YES,SOMETIMES,NOT_SURE,SOMETIMES,YES,SOMETIMES,NOT_SURE,SOMETIMES,NO,SOMETIMES,YES,NO,NO,SOMETIMES,NOT_SURE,NOT_SURE,SOMETIMES,NOT_SURE,NOT_SURE,NOT_SURE
SYN-0688,PRIVATE,NO,NO,NO,NO,NOT_SURE,NOT_SURE,NOT_SURE,NOT_SURE,NO,NO,NO,YES,NOT_SURE,NOT_SURE,YES,SOMETIMES,NO,SOMETIMES,YES,25,MODERATE,21,30,0,46,7,7,47,45,14,33,PRIVATE,SOMETIMES,FRIENDS,NO,NO,NO,NO,NOT_SURE,NOT_SURE,NOT_SURE,NOT_SURE,NO,NO,NO,NO,NO,NO,NOT_SURE,SOMETIMES,NO,NOT_SURE,NO,NO,SOMETIMES,NO,NO,YES,NO,SOMETIMES,NOT_SURE,SOMETIMES,SOMETIMES,YES,NOT_SURE,SOMETIMES,YES,NOT_SURE,SOMETIMES,YES,SOMETIMES,NO,NO,SOMETIMES,NO,NO,YES,SOMETIMES,NOT_SURE,NOT_SURE,YES,YES
SYN-0689,FRIENDS,NO,NO,NOT_SURE,NOT_SURE,NOT_SURE,NO,NOT_SURE,FRIENDS,NOT_SURE,SOMETIMES,NO,SOMETIMES,YES,SOMETIMES,SOMETIMES,NO,NOT_SURE,YES,YES,31,MODERATE,53,34,35,38,0,51,35,19,33,0,FRIENDS,SOMETIMES,NOT_SURE,SOMETIMES,NO,NO,NOT_SURE,NOT_SURE,NOT_SURE,NO,NOT_SURE,NO,NOT_SURE,NO,NOT_SURE,SOMETIMES,SOMETIMES,FRIENDS,NO,SOMETIMES,SOMETIMES,NO,NO,YES,NO,SOMETIMES,SOMETIMES,NOT_SURE,SOMETIMES,SOMETIMES,NO,YES,SOMETIMES,NOT_SURE,NOT_SURE,YES,YES,SOMETIMES,YES,SOMETIMES,NOT_SURE,NOT_SURE,NO,NO,NOT_SURE,SOMETIMES,YES,NO,YES,YES,YES
SYN-0690,PUBLIC,NOT_SURE,NOT_SURE,NOT_SURE,NOT_SURE,YES,YES,NOT_SURE,FRIENDS,SOMETIMES,SOMETIMES,YES,SOMETIMES,NO,NOT_SURE,YES,NOT_SURE,NOT_SURE,NOT_SURE,NO,60,HIGH,74,69,52,46,81,36,56,63,56,66,PUBLIC,NOT_SURE,FRIENDS,SOMETIMES,NOT_SURE,NOT_SURE,NOT_SURE,NOT_SURE,YES,YES,NOT_SURE,SOMETIMES,SOMETIMES,SOMETIMES,NOT_SURE,SOMETIMES,SOMETIMES,FRIENDS,NOT_SURE,SOMETIMES,NO,YES,NOT_SURE,NO,SOMETIMES,NO,SOMETIMES,SOMETIMES,SOMETIMES,NOT_SURE,NOT_SURE,SOMETIMES,YES,NOT_SURE,NOT_SURE,NOT_SURE,NO,SOMETIMES,YES,YES,SOMETIMES,NOT_SURE,SOMETIMES,SOMETIMES,YES,SOMETIMES,NOT_SURE,SOMETIMES,YES,NO,NOT_SURE
SYN-0691,NOT_SURE,YES,YES,YES,NOT_SURE,YES,NOT_SURE,NOT_SURE,FRIENDS,YES,SOMETIMES,NOT_SURE,NO,NO,NOT_SURE,NOT_SURE,NOT_SURE,SOMETIMES,NO,SOMETIMES,66,HIGH,59,94,68,66,40,77,60,80,51,70,NOT_SURE,SOMETIMES,PRIVATE,YES,YES,YES,YES,YES,YES,NOT_SURE,NOT_SURE,SOMETIMES,YES,YES,NOT_SURE,SOMETIMES,NOT_SURE,FRIENDS,YES,NOT_SURE,NOT_SURE,NOT_SURE,NO,SOMETIMES,SOMETIMES,NOT_SURE,NO,NOT_SURE,NOT_SURE,NOT_SURE,NOT_SURE,YES,NOT_SURE,SOMETIMES,NOT_SURE,NOT_SURE,NO,NOT_SURE,NOT_SURE,NOT_SURE,NO,SOMETIMES,NOT_SURE,NOT_SURE,NOT_SURE,NOT_SURE,NO,SOMETIMES,NOT_SURE,SOMETIMES,NOT_SURE
SYN-0692,NOT_SURE,NO,NOT_SURE,NOT_SURE,NO,NOT_SURE,NO,NOT_SURE,NOT_SURE,NOT_SURE,NO,NOT_SURE,SOMETIMES,SOMETIMES,NOT_SURE,YES,NO,NOT_SURE,NOT_SURE,SOMETIMES,43,HIGH,51,43,32,48,34,46,37,49,50,57,NOT_SURE,SOMETIMES,FRIENDS,NO,NO,NOT_SURE,NOT_SURE,NOT_SURE,NOT_SURE,NO,NOT_SURE,SOMETIMES,NOT_SURE,SOMETIMES,NO,NO,SOMETIMES,NOT_SURE,NO,NOT_SURE,SOMETIMES,NOT_SURE,NO,YES,NOT_SURE,NOT_SURE,SOMETIMES,NO,SOMETIMES,NOT_SURE,NO,SOMETIMES,YES,SOMETIMES,SOMETIMES,SOMETIMES,SOMETIMES,NOT_SURE,SOMETIMES,NO,NO,NOT_SURE,NOT_SURE,NOT_SURE,NOT_SURE,SOMETIMES,NOT_SURE,NOT_SURE,SOMETIMES,SOMETIMES,SOMETIMES
SYN-0693,PUBLIC,NOT_SURE,NO,NO,NO,NOT_SURE,NOT_SURE,NOT_SURE,NOT_SURE,NO,NOT_SURE,NOT_SURE,NOT_SURE,SOMETIMES,YES,SOMETIMES,NO,SOMETIMES,SOMETIMES,SOMETIMES,39,MODERATE,71,30,9,59,57,46,16,50,44,47,PUBLIC,SOMETIMES,FRIENDS,SOMETIMES,NOT_SURE,NO,NO,NO,NOT_SURE,NOT_SURE,NOT_SURE,NO,NO,NO,NO,NOT_SURE,NO,NOT_SURE,SOMETIMES,SOMETIMES,NOT_SURE,NOT_SURE,NOT_SURE,SOMETIMES,SOMETIMES,NO,NOT_SURE,SOMETIMES,NOT_SURE,YES,NO,YES,SOMETIMES,YES,NOT_SURE,SOMETIMES,SOMETIMES,SOMETIMES,SOMETIMES,SOMETIMES,NOT_SURE,SOMETIMES,NOT_SURE,SOMETIMES,NO,YES,SOMETIMES,NOT_SURE,NOT_SURE,SOMETIMES,YES
SYN-0694,NOT_SURE,NO,NO,NOT_SURE,NOT_SURE,NOT_SURE,NOT_SURE,NOT_SURE,PRIVATE,NO,NO,SOMETIMES,NOT_SURE,YES,YES,YES,NOT_SURE,NOT_SURE,NOT_SURE,NOT_SURE,35,MODERATE,40,39,41,0,54,53,13,13,57,57,NOT_SURE,NO,NOT_SURE,NO,NO,NO,NOT_SURE,NOT_SURE,NOT_SURE,NOT_SURE,NOT_SURE,NOT_SURE,NO,NOT_SURE,NOT_SURE,NO,SOMETIMES,PRIVATE,NO,NO,NO,SOMETIMES,NOT_SURE,SOMETIMES,NOT_SURE,SOMETIMES,NOT_SURE,NO,NOT_SURE,YES,NOT_SURE,YES,YES,YES,YES,YES,YES,SOMETIMES,YES,NO,NO,NOT_SURE,NOT_SURE,NOT_SURE,NOT_SURE,NO,NOT_SURE,NO,NOT_SURE,NOT_SURE,SOMETIMES
SYN-0695,FRIENDS,NO,NOT_SURE,NO,YES,NO,NOT_SURE,NOT_SURE,PRIVATE,NOT_SURE,SOMETIMES,NO,SOMETIMES,YES,YES,SOMETIMES,NOT_SURE,NOT_SURE,SOMETIMES,SOMETIMES,41,HIGH,54,17,76,13,24,60,35,33,57,50,FRIENDS,NOT_SURE,FRIENDS,NOT_SURE,NO,NOT_SURE,NO,NO,NO,NOT_SURE,NOT_SURE,YES,NOT_SURE,NOT_SURE,YES,SOMETIMES,SOMETIMES,PRIVATE,NO,SOMETIMES,NO,NO,NOT_SURE,YES,SOMETIMES,NOT_SURE,SOMETIMES,SOMETIMES,YES,YES,NOT_SURE,NOT_SURE,SOMETIMES,YES,NOT_SURE,SOMETIMES,YES,SOMETIMES,SOMETIMES,NOT_SURE,SOMETIMES,NOT_SURE,NOT_SURE,NOT_SURE,NOT_SURE,SOMETIMES,SOMETIMES,SOMETIMES,SOMETIMES,SOMETIMES,SOMETIMES
SYN-0696,FRIENDS,NO,NOT_SURE,NO,NOT_SURE,NOT_SURE,NO,NO,NOT_SURE,NO,NO,SOMETIMES,NOT_SURE,NOT_SURE,NOT_SURE,SOMETIMES,SOMETIMES,SOMETIMES,SOMETIMES,YES,46,HIGH,36,30,45,57,37,64,62,63,54,14,FRIENDS,SOMETIMES,PRIVATE,NO,NO,NOT_SURE,NO,NOT_SURE,NOT_SURE,NO,NO,SOMETIMES,NO,YES,NOT_SURE,NO,NOT_SURE,NOT_SURE,SOMETIMES,SOMETIMES,SOMETIMES,SOMETIMES,NO,SOMETIMES,NOT_SURE,NOT_SURE,NOT_SURE,NOT_SURE,NOT_SURE,NOT_SURE,SOMETIMES,SOMETIMES,SOMETIMES,NOT_SURE,SOMETIMES,NO,NOT_SURE,NOT_SURE,SOMETIMES,SOMETIMES,SOMETIMES,SOMETIMES,SOMETIMES,SOMETIMES,NOT_SURE,NOT_SURE,SOMETIMES,NO,YES,YES,YES
SYN-0697,PRIVATE,NOT_SURE,NOT_SURE,NO,NOT_SURE,NO,NOT_SURE,NO,PRIVATE,NOT_SURE,NO,NO,SOMETIMES,SOMETIMES,SOMETIMES,YES,SOMETIMES,NO,SOMETIMES,SOMETIMES,33,MODERATE,31,26,36,0,37,43,40,38,44,54,PRIVATE,NOT_SURE,FRIENDS,SOMETIMES,NOT_SURE,NOT_SURE,NO,NO,NO,NOT_SURE,NO,NO,NOT_SURE,NOT_SURE,NOT_SURE,NO,SOMETIMES,PRIVATE,NO,NO,NO,NO,YES,YES,NOT_SURE,SOMETIMES,SOMETIMES,SOMETIMES,NO,SOMETIMES,SOMETIMES,NOT_SURE,YES,YES,SOMETIMES,NOT_SURE,SOMETIMES,SOMETIMES,YES,SOMETIMES,NOT_SURE,NO,NOT_SURE,NOT_SURE,NO,NOT_SURE,SOMETIMES,NOT_SURE,SOMETIMES,SOMETIMES,NOT_SURE
SYN-0698,NOT_SURE,NO,NO,NOT_SURE,NO,NO,NOT_SURE,NO,NOT_SURE,NOT_SURE,NOT_SURE,SOMETIMES,YES,SOMETIMES,SOMETIMES,SOMETIMES,SOMETIMES,SOMETIMES,SOMETIMES,NOT_SURE,41,HIGH,51,13,31,61,46,29,43,50,54,60,NOT_SURE,SOMETIMES,PRIVATE,SOMETIMES,NO,NO,NOT_SURE,NO,NO,NOT_SURE,NO,NO,NOT_SURE,SOMETIMES,NO,NOT_SURE,NOT_SURE,NOT_SURE,SOMETIMES,NOT_SURE,NOT_SURE,SOMETIMES,NOT_SURE,YES,SOMETIMES,SOMETIMES,YES,SOMETIMES,SOMETIMES,SOMETIMES,SOMETIMES,YES,SOMETIMES,SOMETIMES,SOMETIMES,YES,SOMETIMES,NO,YES,SOMETIMES,SOMETIMES,SOMETIMES,SOMETIMES,NOT_SURE,SOMETIMES,NOT_SURE,SOMETIMES,NOT_SURE,NOT_SURE,NOT_SURE,SOMETIMES
SYN-0699,FRIENDS,NO,NO,NO,NOT_SURE,NO,NO,NO,PRIVATE,NO,NO,NO,YES,SOMETIMES,YES,YES,NO,NO,YES,YES,14,LOW,43,0,22,20,17,0,0,49,0,7,FRIENDS,SOMETIMES,PRIVATE,SOMETIMES,NO,NO,NO,NO,NO,NO,NO,NO,NO,SOMETIMES,NOT_SURE,NO,NO,PRIVATE,SOMETIMES,NO,NOT_SURE,NO,NO,NOT_SURE,SOMETIMES,NO,YES,NO,NO,YES,NO,YES,YES,YES,YES,YES,SOMETIMES,SOMETIMES,NOT_SURE,NO,NO,NO,NO,NO,NO,YES,YES,NO,SOMETIMES,YES,YES
SYN-0700,PRIVATE,NOT_SURE,NOT_SURE,NO,NO,NOT_SURE,NOT_SURE,NO,PRIVATE,NOT_SURE,NOT_SURE,NOT_SURE,SOMETIMES,SOMETIMES,SOMETIMES,SOMETIMES,NO,NOT_SURE,SOMETIMES,YES,38,MODERATE,21,47,35,21,43,37,39,50,49,37,PRIVATE,SOMETIMES,PRIVATE,SOMETIMES,NOT_SURE,NOT_SURE,NO,NOT_SURE,NOT_SURE,NOT_SURE,NO,SOMETIMES,NOT_SURE,NO,NO,NOT_SURE,NOT_SURE,PRIVATE,NOT_SURE,NO,SOMETIMES,NOT_SURE,NOT_SURE,YES,NO,NO,SOMETIMES,SOMETIMES,NOT_SURE,SOMETIMES,NO,SOMETIMES,SOMETIMES,SOMETIMES,SOMETIMES,SOMETIMES,SOMETIMES,SOMETIMES,SOMETIMES,SOMETIMES,SOMETIMES,NOT_SURE,NOT_SURE,SOMETIMES,NOT_SURE,YES,SOMETIMES,NOT_SURE,SOMETIMES,YES,SOMETIMES
SYN-0701,FRIENDS,NO,NOT_SURE,NOT_SURE,NOT_SURE,NOT_SURE,NOT_SURE,NO,FRIENDS,SOMETIMES,SOMETIMES,SOMETIMES,NOT_SURE,YES,SOMETIMES,YES,NO,NO,NOT_SURE,NOT_SURE,39,MODERATE,29,30,53,59,49,56,22,13,26,64,FRIENDS,NO,PRIVATE,SOMETIMES,NO,NOT_SURE,NOT_SURE,NO,NOT_SURE,NOT_SURE,NO,SOMETIMES,SOMETIMES,SOMETIMES,NOT_SURE,SOMETIMES,NOT_SURE,FRIENDS,SOMETIMES,NOT_SURE,YES,SOMETIMES,NOT_SURE,NOT_SURE,NO,NOT_SURE,NOT_SURE,NOT_SURE,NO,SOMETIMES,NO,SOMETIMES,YES,YES,SOMETIMES,YES,YES,SOMETIMES,YES,NO,NO,NO,SOMETIMES,NO,NOT_SURE,SOMETIMES,NOT_SURE,YES,NOT_SURE,NOT_SURE,YES
SYN-0702,PRIVATE,NO,NO,NO,NO,NO,NOT_SURE,NOT_SURE,FRIENDS,NO,SOMETIMES,SOMETIMES,YES,NOT_SURE,YES,SOMETIMES,NOT_SURE,NOT_SURE,YES,YES,26,MODERATE,24,9,8,40,46,29,40,64,24,0,PRIVATE,NOT_SURE,PRIVATE,SOMETIMES,NO,NO,NO,NO,NO,NOT_SURE,NOT_SURE,NO,NO,NO,NO,SOMETIMES,NO,FRIENDS,NOT_SURE,NO,SOMETIMES,SOMETIMES,NOT_SURE,SOMETIMES,NO,SOMETIMES,YES,SOMETIMES,SOMETIMES,YES,NOT_SURE,YES,SOMETIMES,NOT_SURE,NO,SOMETIMES,NOT_SURE,NOT_SURE,SOMETIMES,NOT_SURE,SOMETIMES,NOT_SURE,NO,NO,NOT_SURE,YES,YES,NO,YES,YES,YES
SYN-0703,PUBLIC,YES,NOT_SURE,NO,NOT_SURE,NOT_SURE,NOT_SURE,NOT_SURE,PRIVATE,SOMETIMES,NOT_SURE,NOT_SURE,SOMETIMES,SOMETIMES,SOMETIMES,SOMETIMES,NO,NOT_SURE,SOMETIMES,SOMETIMES,59,HIGH,80,60,68,38,66,53,37,61,71,57,PUBLIC,SOMETIMES,PUBLIC,NOT_SURE,YES,NOT_SURE,NO,NOT_SURE,NOT_SURE,NOT_SURE,NOT_SURE,YES,SOMETIMES,NOT_SURE,NOT_SURE,NOT_SURE,NOT_SURE,PRIVATE,SOMETIMES,SOMETIMES,YES,NOT_SURE,NOT_SURE,NO,NOT_SURE,SOMETIMES,SOMETIMES,NOT_SURE,NOT_SURE,SOMETIMES,NO,NOT_SURE,SOMETIMES,SOMETIMES,YES,SOMETIMES,SOMETIMES,SOMETIMES,NOT_SURE,YES,SOMETIMES,NOT_SURE,YES,NOT_SURE,YES,SOMETIMES,SOMETIMES,NOT_SURE,NOT_SURE,SOMETIMES,NOT_SURE
SYN-0704,NOT_SURE,NOT_SURE,NOT_SURE,NO,NOT_SURE,NOT_SURE,NOT_SURE,NOT_SURE,PRIVATE,NOT_SURE,NOT_SURE,NO,SOMETIMES,NOT_SURE,NO,SOMETIMES,NOT_SURE,SOMETIMES,SOMETIMES,NO,53,HIGH,80,51,60,21,33,54,70,64,40,50,NOT_SURE,YES,PUBLIC,SOMETIMES,NOT_SURE,NOT_SURE,NO,NOT_SURE,NOT_SURE,NOT_SURE,NOT_SURE,NOT_SURE,NOT_SURE,NOT_SURE,NOT_SURE,NOT_SURE,NOT_SURE,PRIVATE,NOT_SURE,NO,SOMETIMES,NO,NOT_SURE,SOMETIMES,NOT_SURE,NOT_SURE,SOMETIMES,NOT_SURE,SOMETIMES,NO,NOT_SURE,NOT_SURE,SOMETIMES,SOMETIMES,NOT_SURE,SOMETIMES,NOT_SURE,NOT_SURE,SOMETIMES,NOT_SURE,SOMETIMES,SOMETIMES,NO,NOT_SURE,SOMETIMES,NOT_SURE,SOMETIMES,SOMETIMES,YES,NO,YES
SYN-0705,PUBLIC,YES,YES,YES,NOT_SURE,YES,YES,NOT_SURE,PUBLIC,NOT_SURE,SOMETIMES,NOT_SURE,NOT_SURE,SOMETIMES,NO,NO,SOMETIMES,SOMETIMES,NOT_SURE,NO,78,CRITICAL,77,97,62,90,61,70,84,56,84,71,PUBLIC,NOT_SURE,NOT_SURE,SOMETIMES,YES,YES,YES,YES,YES,YES,NOT_SURE,SOMETIMES,NOT_SURE,YES,NOT_SURE,SOMETIMES,NOT_SURE,PUBLIC,NOT_SURE,YES,YES,NOT_SURE,NOT_SURE,NOT_SURE,NOT_SURE,NOT_SURE,NOT_SURE,YES,NOT_SURE,NO,SOMETIMES,NOT_SURE,NO,NO,NOT_SURE,NO,SOMETIMES,SOMETIMES,NOT_SURE,NOT_SURE,YES,SOMETIMES,YES,NOT_SURE,YES,NO,NOT_SURE,NOT_SURE,SOMETIMES,NO,SOMETIMES
SYN-0706,PRIVATE,NO,NO,NOT_SURE,NO,NOT_SURE,NOT_SURE,NO,NOT_SURE,NOT_SURE,NOT_SURE,NO,SOMETIMES,SOMETIMES,SOMETIMES,SOMETIMES,NOT_SURE,SOMETIMES,NOT_SURE,NOT_SURE,41,HIGH,29,34,42,56,31,39,58,49,18,56,PRIVATE,SOMETIMES,FRIENDS,SOMETIMES,NO,NO,NOT_SURE,NOT_SURE,NOT_SURE,NOT_SURE,NO,SOMETIMES,NOT_SURE,SOMETIMES,NO,NOT_SURE,SOMETIMES,NOT_SURE,NOT_SURE,NOT_SURE,NO,NO,NOT_SURE,SOMETIMES,SOMETIMES,NOT_SURE,SOMETIMES,NO,NO,SOMETIMES,NOT_SURE,YES,SOMETIMES,NO,NO,SOMETIMES,SOMETIMES,NOT_SURE,SOMETIMES,NO,NO,SOMETIMES,NO,NO,NO,SOMETIMES,NOT_SURE,NOT_SURE,YES,NOT_SURE,SOMETIMES
SYN-0707,NOT_SURE,YES,YES,YES,NOT_SURE,NOT_SURE,YES,NOT_SURE,PUBLIC,YES,NOT_SURE,YES,NOT_SURE,NO,NO,NOT_SURE,SOMETIMES,NOT_SURE,NOT_SURE,NOT_SURE,77,CRITICAL,64,91,72,78,87,74,73,69,77,79,NOT_SURE,NOT_SURE,NOT_SURE,SOMETIMES,YES,YES,YES,YES,NOT_SURE,YES,NOT_SURE,NOT_SURE,YES,YES,NOT_SURE,NOT_SURE,NOT_SURE,PUBLIC,NOT_SURE,SOMETIMES,YES,YES,YES,SOMETIMES,NOT_SURE,YES,NOT_SURE,SOMETIMES,NOT_SURE,NO,SOMETIMES,SOMETIMES,NOT_SURE,NOT_SURE,NOT_SURE,NOT_SURE,NO,SOMETIMES,SOMETIMES,SOMETIMES,YES,NOT_SURE,YES,SOMETIMES,NOT_SURE,NOT_SURE,NOT_SURE,YES,NO,NOT_SURE,NOT_SURE
SYN-0708,FRIENDS,YES,NOT_SURE,NOT_SURE,YES,YES,NOT_SURE,NOT_SURE,NOT_SURE,YES,YES,YES,NO,NOT_SURE,NO,SOMETIMES,NOT_SURE,SOMETIMES,SOMETIMES,NO,74,CRITICAL,54,74,87,60,94,93,74,70,61,76,FRIENDS,SOMETIMES,NOT_SURE,NOT_SURE,YES,NOT_SURE,NOT_SURE,NOT_SURE,YES,NOT_SURE,NOT_SURE,NOT_SURE,YES,YES,YES,YES,SOMETIMES,NOT_SURE,NOT_SURE,SOMETIMES,SOMETIMES,YES,YES,NO,NOT_SURE,YES,NO,SOMETIMES,YES,NO,NOT_SURE,NOT_SURE,SOMETIMES,NOT_SURE,NO,SOMETIMES,NOT_SURE,SOMETIMES,NO,SOMETIMES,NOT_SURE,SOMETIMES,NOT_SURE,SOMETIMES,SOMETIMES,NO,SOMETIMES,NOT_SURE,NO,NO,NOT_SURE
SYN-0709,NOT_SURE,YES,YES,YES,NOT_SURE,NOT_SURE,YES,NOT_SURE,PUBLIC,NOT_SURE,NOT_SURE,YES,SOMETIMES,NOT_SURE,NOT_SURE,NO,YES,YES,NOT_SURE,SOMETIMES,78,CRITICAL,69,91,44,85,100,71,81,81,90,60,NOT_SURE,SOMETIMES,NOT_SURE,YES,YES,YES,YES,YES,NOT_SURE,YES,NOT_SURE,SOMETIMES,NOT_SURE,NO,NOT_SURE,NOT_SURE,NO,PUBLIC,NOT_SURE,YES,NOT_SURE,YES,YES,NO,YES,YES,SOMETIMES,YES,SOMETIMES,NOT_SURE,YES,SOMETIMES,NO,NO,SOMETIMES,NOT_SURE,NOT_SURE,NOT_SURE,NO,YES,YES,YES,YES,NOT_SURE,YES,NOT_SURE,NOT_SURE,NOT_SURE,NOT_SURE,SOMETIMES,SOMETIMES
SYN-0710,PRIVATE,NOT_SURE,NO,NOT_SURE,NO,NO,NO,NO,FRIENDS,SOMETIMES,SOMETIMES,SOMETIMES,YES,YES,SOMETIMES,SOMETIMES,SOMETIMES,SOMETIMES,YES,YES,29,MODERATE,17,34,29,26,47,9,46,20,18,9,PRIVATE,NO,NOT_SURE,SOMETIMES,NOT_SURE,NO,NOT_SURE,NOT_SURE,NO,NO,NO,NOT_SURE,SOMETIMES,NO,NO,SOMETIMES,NO,FRIENDS,NO,NO,NOT_SURE,SOMETIMES,NOT_SURE,YES,NOT_SURE,NO,YES,NOT_SURE,NO,SOMETIMES,SOMETIMES,YES,SOMETIMES,NOT_SURE,NOT_SURE,YES,YES,YES,SOMETIMES,NOT_SURE,NO,SOMETIMES,NO,NO,NO,SOMETIMES,YES,NOT_SURE,YES,YES,YES
SYN-0711,PRIVATE,NOT_SURE,NOT_SURE,NOT_SURE,NOT_SURE,NOT_SURE,NO,NOT_SURE,NOT_SURE,SOMETIMES,SOMETIMES,SOMETIMES,SOMETIMES,SOMETIMES,NOT_SURE,NO,SOMETIMES,NO,SOMETIMES,NOT_SURE,50,HIGH,29,56,48,61,64,59,65,51,16,49,PRIVATE,SOMETIMES,FRIENDS,SOMETIMES,NOT_SURE,NOT_SURE,NOT_SURE,NOT_SURE,NOT_SURE,NO,NOT_SURE,SOMETIMES,SOMETIMES,SOMETIMES,NOT_SURE,SOMETIMES,NO,NOT_SURE,NOT_SURE,SOMETIMES,NOT_SURE,SOMETIMES,YES,SOMETIMES,SOMETIMES,SOMETIMES,SOMETIMES,YES,NOT_SURE,NOT_SURE,SOMETIMES,NOT_SURE,NO,SOMETIMES,SOMETIMES,SOMETIMES,SOMETIMES,SOMETIMES,SOMETIMES,NOT_SURE,NOT_SURE,NO,NO,SOMETIMES,NO,YES,SOMETIMES,SOMETIMES,YES,NOT_SURE,SOMETIMES
SYN-0712,PUBLIC,YES,YES,NOT_SURE,YES,YES,YES,YES,PUBLIC,NOT_SURE,YES,YES,NO,SOMETIMES,NOT_SURE,SOMETIMES,NOT_SURE,SOMETIMES,NOT_SURE,SOMETIMES,82,CRITICAL,96,94,85,84,94,81,71,51,71,70,PUBLIC,YES,NOT_SURE,YES,YES,YES,NOT_SURE,YES,YES,YES,YES,NOT_SURE,NOT_SURE,YES,YES,YES,YES,PUBLIC,YES,NOT_SURE,SOMETIMES,YES,YES,NO,NOT_SURE,NOT_SURE,NO,SOMETIMES,YES,NOT_SURE,NOT_SURE,SOMETIMES,SOMETIMES,NO,NO,NO,SOMETIMES,SOMETIMES,SOMETIMES,NOT_SURE,SOMETIMES,SOMETIMES,YES,YES,SOMETIMES,SOMETIMES,NOT_SURE,YES,NO,SOMETIMES,SOMETIMES
SYN-0713,PUBLIC,NOT_SURE,YES,YES,YES,YES,NOT_SURE,NOT_SURE,FRIENDS,YES,YES,NOT_SURE,SOMETIMES,YES,SOMETIMES,NO,NOT_SURE,YES,NOT_SURE,SOMETIMES,62,HIGH,74,64,81,50,57,54,63,25,49,70,PUBLIC,NOT_SURE,FRIENDS,SOMETIMES,NOT_SURE,YES,YES,NO,YES,NOT_SURE,NOT_SURE,SOMETIMES,YES,YES,YES,YES,NO,FRIENDS,SOMETIMES,SOMETIMES,SOMETIMES,NOT_SURE,NOT_SURE,SOMETIMES,SOMETIMES,NOT_SURE,SOMETIMES,NOT_SURE,SOMETIMES,SOMETIMES,NOT_SURE,NOT_SURE,NO,SOMETIMES,SOMETIMES,NOT_SURE,YES,YES,NOT_SURE,NOT_SURE,NO,YES,SOMETIMES,NO,SOMETIMES,NOT_SURE,NOT_SURE,YES,NO,SOMETIMES,SOMETIMES
SYN-0714,FRIENDS,NOT_SURE,NOT_SURE,YES,NOT_SURE,NOT_SURE,NOT_SURE,YES,PUBLIC,NOT_SURE,NOT_SURE,NOT_SURE,SOMETIMES,SOMETIMES,SOMETIMES,NOT_SURE,NOT_SURE,NOT_SURE,NO,SOMETIMES,66,HIGH,57,69,60,90,64,59,60,69,54,86,FRIENDS,SOMETIMES,PUBLIC,SOMETIMES,NOT_SURE,NOT_SURE,YES,NOT_SURE,NOT_SURE,NOT_SURE,YES,NOT_SURE,NOT_SURE,NOT_SURE,NOT_SURE,NOT_SURE,NOT_SURE,PUBLIC,NOT_SURE,YES,YES,NOT_SURE,NOT_SURE,NO,SOMETIMES,SOMETIMES,SOMETIMES,NOT_SURE,YES,SOMETIMES,NOT_SURE,NOT_SURE,NOT_SURE,NOT_SURE,SOMETIMES,NOT_SURE,SOMETIMES,NO,NOT_SURE,NOT_SURE,YES,NOT_SURE,NO,NOT_SURE,NOT_SURE,NO,NO,YES,NO,SOMETIMES,NO
SYN-0715,FRIENDS,NOT_SURE,YES,NOT_SURE,YES,YES,NOT_SURE,NOT_SURE,NOT_SURE,NOT_SURE,SOMETIMES,SOMETIMES,NOT_SURE,SOMETIMES,SOMETIMES,NOT_SURE,YES,NOT_SURE,SOMETIMES,NOT_SURE,62,HIGH,73,71,65,60,61,46,68,31,61,41,FRIENDS,YES,PUBLIC,NOT_SURE,NOT_SURE,YES,NOT_SURE,NOT_SURE,YES,NOT_SURE,NOT_SURE,SOMETIMES,NOT_SURE,NOT_SURE,YES,SOMETIMES,NOT_SURE,NOT_SURE,SOMETIMES,NOT_SURE,SOMETIMES,SOMETIMES,NOT_SURE,NO,NOT_SURE,NO,NOT_SURE,NOT_SURE,SOMETIMES,SOMETIMES,YES,SOMETIMES,NOT_SURE,NOT_SURE,NOT_SURE,SOMETIMES,SOMETIMES,YES,SOMETIMES,NO,NOT_SURE,NOT_SURE,NOT_SURE,NOT_SURE,SOMETIMES,NOT_SURE,SOMETIMES,SOMETIMES,YES,NOT_SURE,YES
SYN-0716,NOT_SURE,NOT_SURE,NOT_SURE,NO,NO,NOT_SURE,NO,NO,NOT_SURE,SOMETIMES,NO,NO,SOMETIMES,YES,SOMETIMES,YES,NOT_SURE,YES,SOMETIMES,NOT_SURE,43,HIGH,53,43,38,46,16,60,43,24,59,56,NOT_SURE,SOMETIMES,PRIVATE,NOT_SURE,NOT_SURE,NOT_SURE,NO,NOT_SURE,NOT_SURE,NO,NO,NOT_SURE,SOMETIMES,NOT_SURE,NO,NO,YES,NOT_SURE,NO,SOMETIMES,NOT_SURE,NO,NO,SOMETIMES,NOT_SURE,NOT_SURE,SOMETIMES,SOMETIMES,YES,SOMETIMES,NOT_SURE,YES,YES,SOMETIMES,NOT_SURE,SOMETIMES,YES,YES,NOT_SURE,SOMETIMES,SOMETIMES,YES,NOT_SURE,NO,SOMETIMES,NOT_SURE,SOMETIMES,SOMETIMES,SOMETIMES,NOT_SURE,SOMETIMES
SYN-0717,PUBLIC,NOT_SURE,YES,YES,YES,YES,YES,NOT_SURE,PUBLIC,NOT_SURE,YES,YES,NO,NO,NO,NO,YES,YES,NO,NOT_SURE,90,CRITICAL,100,89,85,90,84,100,92,93,94,79,PUBLIC,YES,PUBLIC,YES,NOT_SURE,YES,YES,YES,YES,YES,NOT_SURE,NOT_SURE,NOT_SURE,YES,YES,YES,YES,PUBLIC,NOT_SURE,YES,YES,YES,NOT_SURE,NOT_SURE,YES,YES,NO,YES,YES,NO,YES,NOT_SURE,NO,NOT_SURE,NO,NOT_SURE,NO,NOT_SURE,NO,YES,NOT_SURE,YES,YES,YES,YES,NO,NO,NOT_SURE,SOMETIMES,NOT_SURE,NO
SYN-0718,NOT_SURE,NO,NO,NO,NOT_SURE,NO,NO,NOT_SURE,PRIVATE,NOT_SURE,NO,SOMETIMES,SOMETIMES,SOMETIMES,SOMETIMES,YES,SOMETIMES,SOMETIMES,NOT_SURE,YES,41,HIGH,73,17,42,25,64,29,40,56,39,27,NOT_SURE,YES,FRIENDS,SOMETIMES,NO,NO,NO,NOT_SURE,NO,NO,NOT_SURE,SOMETIMES,NOT_SURE,SOMETIMES,NOT_SURE,NO,NO,PRIVATE,SOMETIMES,SOMETIMES,NO,SOMETIMES,YES,SOMETIMES,SOMETIMES,NO,SOMETIMES,SOMETIMES,NO,SOMETIMES,SOMETIMES,YES,YES,SOMETIMES,SOMETIMES,NOT_SURE,SOMETIMES,NO,SOMETIMES,NO,NO,SOMETIMES,SOMETIMES,NO,SOMETIMES,NOT_SURE,NOT_SURE,NO,YES,YES,SOMETIMES
SYN-0719,FRIENDS,NO,NO,NOT_SURE,NOT_SURE,NO,NO,NO,NOT_SURE,NOT_SURE,NOT_SURE,SOMETIMES,NOT_SURE,NOT_SURE,SOMETIMES,YES,NOT_SURE,YES,NOT_SURE,NO,47,HIGH,46,9,55,41,37,64,41,68,81,77,FRIENDS,NOT_SURE,FRIENDS,NO,NO,NO,NOT_SURE,NO,NO,NO,NO,SOMETIMES,NOT_SURE,SOMETIMES,NOT_SURE,NOT_SURE,SOMETIMES,NOT_SURE,NO,NOT_SURE,NO,SOMETIMES,NO,SOMETIMES,NOT_SURE,NOT_SURE,NOT_SURE,NOT_SURE,NOT_SURE,SOMETIMES,NOT_SURE,YES,YES,SOMETIMES,SOMETIMES,SOMETIMES,NOT_SURE,NOT_SURE,NOT_SURE,SOMETIMES,YES,YES,SOMETIMES,YES,YES,NOT_SURE,NOT_SURE,NOT_SURE,NOT_SURE,NO,NOT_SURE
SYN-0720,NOT_SURE,NOT_SURE,NO,YES,NO,NOT_SURE,NOT_SURE,NOT_SURE,FRIENDS,NO,NO,NOT_SURE,YES,SOMETIMES,NOT_SURE,NOT_SURE,SOMETIMES,NOT_SURE,NO,YES,47,HIGH,59,57,13,53,33,23,64,50,56,60,NOT_SURE,SOMETIMES,FRIENDS,SOMETIMES,NOT_SURE,NO,YES,NOT_SURE,NOT_SURE,NOT_SURE,NOT_SURE,NO,NO,NOT_SURE,NO,NO,SOMETIMES,FRIENDS,SOMETIMES,NOT_SURE,SOMETIMES,NOT_SURE,NO,SOMETIMES,NO,SOMETIMES,YES,NO,NOT_SURE,NOT_SURE,SOMETIMES,NOT_SURE,NOT_SURE,SOMETIMES,NO,SOMETIMES,SOMETIMES,SOMETIMES,SOMETIMES,SOMETIMES,SOMETIMES,NOT_SURE,NOT_SURE,NOT_SURE,SOMETIMES,SOMETIMES,NO,YES,NOT_SURE,YES,SOMETIMES
SYN-0721,PUBLIC,NOT_SURE,NOT_SURE,NOT_SURE,YES,NOT_SURE,YES,NOT_SURE,PUBLIC,NOT_SURE,YES,NOT_SURE,SOMETIMES,YES,NOT_SURE,NO,SOMETIMES,SOMETIMES,SOMETIMES,NOT_SURE,71,CRITICAL,100,71,90,85,60,36,71,19,54,77,PUBLIC,YES,PUBLIC,YES,NOT_SURE,NOT_SURE,NOT_SURE,YES,NOT_SURE,YES,NOT_SURE,YES,NOT_SURE,YES,YES,YES,SOMETIMES,PUBLIC,YES,NOT_SURE,NOT_SURE,NOT_SURE,NOT_SURE,NOT_SURE,SOMETIMES,NO,SOMETIMES,SOMETIMES,SOMETIMES,NOT_SURE,SOMETIMES,NOT_SURE,NO,NOT_SURE,NO,SOMETIMES,YES,SOMETIMES,YES,SOMETIMES,NOT_SURE,SOMETIMES,NOT_SURE,SOMETIMES,SOMETIMES,SOMETIMES,SOMETIMES,YES,NO,NOT_SURE,NO
SYN-0722,FRIENDS,NOT_SURE,NOT_SURE,NO,NO,NO,NOT_SURE,NOT_SURE,FRIENDS,NOT_SURE,SOMETIMES,NOT_SURE,NOT_SURE,NOT_SURE,YES,NO,SOMETIMES,NOT_SURE,SOMETIMES,SOMETIMES,50,HIGH,49,43,32,50,73,46,45,57,67,50,FRIENDS,NOT_SURE,NOT_SURE,NO,NOT_SURE,NOT_SURE,NO,NOT_SURE,NO,NOT_SURE,NOT_SURE,SOMETIMES,NOT_SURE,NO,NO,SOMETIMES,SOMETIMES,FRIENDS,SOMETIMES,SOMETIMES,SOMETIMES,NOT_SURE,YES,NOT_SURE,NOT_SURE,NO,NOT_SURE,SOMETIMES,NOT_SURE,YES,SOMETIMES,SOMETIMES,NO,NOT_SURE,SOMETIMES,SOMETIMES,NOT_SURE,SOMETIMES,SOMETIMES,SOMETIMES,NOT_SURE,NOT_SURE,YES,NO,YES,NOT_SURE,SOMETIMES,NO,SOMETIMES,SOMETIMES,NO
SYN-0723,NOT_SURE,NOT_SURE,NOT_SURE,NOT_SURE,NO,NOT_SURE,NO,NO,PRIVATE,NO,NO,SOMETIMES,YES,YES,SOMETIMES,YES,NO,SOMETIMES,YES,YES,23,MODERATE,47,39,12,28,29,14,20,0,11,7,NOT_SURE,NO,NOT_SURE,SOMETIMES,NOT_SURE,NOT_SURE,NOT_SURE,NO,NOT_SURE,NO,NO,SOMETIMES,NO,NO,NO,NO,NO,PRIVATE,NOT_SURE,SOMETIMES,NO,SOMETIMES,NO,YES,SOMETIMES,SOMETIMES,YES,NO,NO,SOMETIMES,NO,YES,YES,SOMETIMES,YES,YES,YES,YES,YES,NO,NO,SOMETIMES,NO,NO,NO,YES,YES,NO,YES,YES,SOMETIMES
SYN-0724,NOT_SURE,YES,YES,NOT_SURE,NOT_SURE,NO,NOT_SURE,YES,FRIENDS,NOT_SURE,YES,YES,NOT_SURE,NOT_SURE,SOMETIMES,SOMETIMES,NO,YES,NOT_SURE,SOMETIMES,62,HIGH,46,69,65,53,96,66,42,51,84,49,NOT_SURE,NO,FRIENDS,NOT_SURE,YES,YES,NOT_SURE,NOT_SURE,NO,NOT_SURE,YES,NOT_SURE,NOT_SURE,SOMETIMES,NOT_SURE,YES,NOT_SURE,FRIENDS,SOMETIMES,NOT_SURE,SOMETIMES,YES,YES,NOT_SURE,YES,SOMETIMES,NOT_SURE,SOMETIMES,YES,SOMETIMES,NO,YES,SOMETIMES,NO,SOMETIMES,NOT_SURE,NOT_SURE,YES,NOT_SURE,NOT_SURE,SOMETIMES,YES,YES,NOT_SURE,NOT_SURE,NO,NOT_SURE,NO,SOMETIMES,SOMETIMES,SOMETIMES
SYN-0725,PRIVATE,NO,NOT_SURE,NOT_SURE,NOT_SURE,NOT_SURE,NO,NOT_SURE,FRIENDS,SOMETIMES,NO,NOT_SURE,NOT_SURE,SOMETIMES,YES,NOT_SURE,NO,NOT_SURE,SOMETIMES,SOMETIMES,42,HIGH,9,43,34,56,40,59,33,50,71,53,PRIVATE,NO,PRIVATE,NOT_SURE,NO,NOT_SURE,NOT_SURE,NOT_SURE,NOT_SURE,NO,NOT_SURE,NO,SOMETIMES,SOMETIMES,NOT_SURE,NO,NOT_SURE,FRIENDS,NOT_SURE,NOT_SURE,NOT_SURE,NOT_SURE,NO,SOMETIMES,SOMETIMES,SOMETIMES,NOT_SURE,SOMETIMES,SOMETIMES,YES,NO,NO,NOT_SURE,NO,SOMETIMES,YES,SOMETIMES,SOMETIMES,SOMETIMES,SOMETIMES,SOMETIMES,NOT_SURE,YES,NOT_SURE,SOMETIMES,NOT_SURE,SOMETIMES,SOMETIMES,NOT_SURE,SOMETIMES,SOMETIMES
SYN-0726,FRIENDS,NO,NO,NOT_SURE,NO,NOT_SURE,NOT_SURE,NO,FRIENDS,NOT_SURE,NOT_SURE,SOMETIMES,YES,YES,SOMETIMES,SOMETIMES,SOMETIMES,SOMETIMES,SOMETIMES,YES,35,MODERATE,53,34,30,39,29,17,41,13,44,30,FRIENDS,NOT_SURE,FRIENDS,SOMETIMES,NO,NO,NOT_SURE,NOT_SURE,NOT_SURE,NOT_SURE,NO,NO,NOT_SURE,SOMETIMES,NO,NOT_SURE,SOMETIMES,FRIENDS,NO,SOMETIMES,NOT_SURE,SOMETIMES,NO,SOMETIMES,NO,NO,YES,NOT_SURE,NOT_SURE,SOMETIMES,SOMETIMES,SOMETIMES,SOMETIMES,YES,SOMETIMES,YES,YES,YES,SOMETIMES,NO,NO,SOMETIMES,NOT_SURE,NOT_SURE,NO,SOMETIMES,SOMETIMES,NOT_SURE,YES,YES,SOMETIMES
SYN-0727,FRIENDS,NOT_SURE,NO,NOT_SURE,NO,NOT_SURE,NO,NOT_SURE,NOT_SURE,NOT_SURE,SOMETIMES,NOT_SURE,YES,YES,YES,NO,NO,SOMETIMES,NOT_SURE,SOMETIMES,41,HIGH,54,47,17,79,40,29,27,36,39,51,FRIENDS,NOT_SURE,FRIENDS,NOT_SURE,NOT_SURE,NO,NOT_SURE,NOT_SURE,NOT_SURE,NO,NOT_SURE,NO,NOT_SURE,NO,NO,SOMETIMES,NO,NOT_SURE,YES,NOT_SURE,YES,NOT_SURE,NO,SOMETIMES,SOMETIMES,SOMETIMES,YES,SOMETIMES,SOMETIMES,YES,NO,NO,NO,YES,YES,NOT_SURE,YES,SOMETIMES,NOT_SURE,SOMETIMES,SOMETIMES,SOMETIMES,NOT_SURE,NO,NOT_SURE,YES,NOT_SURE,SOMETIMES,YES,SOMETIMES,NOT_SURE
SYN-0728,NOT_SURE,NO,NO,NO,NO,NO,NO,NO,PRIVATE,NOT_SURE,NO,NOT_SURE,SOMETIMES,YES,YES,SOMETIMES,NO,SOMETIMES,YES,SOMETIMES,19,LOW,51,0,18,13,33,43,11,0,11,41,NOT_SURE,SOMETIMES,FRIENDS,NO,NO,NO,NO,NO,NO,NO,NO,NO,NOT_SURE,NOT_SURE,NO,NO,NO,PRIVATE,SOMETIMES,NO,NO,NOT_SURE,NO,YES,SOMETIMES,SOMETIMES,SOMETIMES,SOMETIMES,NO,YES,NO,YES,SOMETIMES,YES,SOMETIMES,YES,YES,YES,YES,NO,NO,SOMETIMES,NO,NO,NO,YES,YES,SOMETIMES,NOT_SURE,SOMETIMES,NOT_SURE
SYN-0729,FRIENDS,NO,NO,NO,NO,NO,NO,NOT_SURE,FRIENDS,SOMETIMES,SOMETIMES,SOMETIMES,SOMETIMES,NOT_SURE,SOMETIMES,NO,NOT_SURE,SOMETIMES,NO,NOT_SURE,40,MODERATE,63,4,38,41,29,37,61,45,42,49,FRIENDS,NOT_SURE,NOT_SURE,YES,NO,NO,NO,NO,NO,NO,NOT_SURE,SOMETIMES,SOMETIMES,SOMETIMES,NO,SOMETIMES,SOMETIMES,FRIENDS,NOT_SURE,NO,NOT_SURE,SOMETIMES,NO,YES,SOMETIMES,NO,SOMETIMES,NOT_SURE,SOMETIMES,SOMETIMES,NOT_SURE,SOMETIMES,NO,SOMETIMES,NOT_SURE,SOMETIMES,NOT_SURE,SOMETIMES,YES,SOMETIMES,NO,SOMETIMES,NOT_SURE,SOMETIMES,NO,SOMETIMES,NO,NO,YES,NOT_SURE,YES
SYN-0730,PRIVATE,NO,NO,NOT_SURE,NO,NO,NO,NOT_SURE,PRIVATE,YES,SOMETIMES,SOMETIMES,SOMETIMES,SOMETIMES,YES,NOT_SURE,NO,SOMETIMES,NO,SOMETIMES,30,MODERATE,7,26,35,22,37,53,10,44,49,50,PRIVATE,NO,PRIVATE,SOMETIMES,NO,NO,NOT_SURE,NOT_SURE,NO,NO,NOT_SURE,NO,YES,SOMETIMES,NO,SOMETIMES,NOT_SURE,PRIVATE,NO,NOT_SURE,NOT_SURE,SOMETIMES,NO,SOMETIMES,NOT_SURE,SOMETIMES,SOMETIMES,NOT_SURE,NOT_SURE,YES,NO,YES,NOT_SURE,YES,YES,YES,SOMETIMES,SOMETIMES,SOMETIMES,NO,NOT_SURE,SOMETIMES,NOT_SURE,NOT_SURE,SOMETIMES,YES,NO,NO,SOMETIMES,SOMETIMES,YES
SYN-0731,FRIENDS,NO,NO,NOT_SURE,NOT_SURE,NOT_SURE,NOT_SURE,NOT_SURE,FRIENDS,NOT_SURE,SOMETIMES,NOT_SURE,NOT_SURE,SOMETIMES,SOMETIMES,NOT_SURE,SOMETIMES,SOMETIMES,SOMETIMES,SOMETIMES,51,HIGH,60,26,50,44,70,73,45,51,62,56,FRIENDS,NOT_SURE,FRIENDS,YES,NO,NO,NOT_SURE,NO,NOT_SURE,NOT_SURE,NOT_SURE,SOMETIMES,NOT_SURE,SOMETIMES,NOT_SURE,SOMETIMES,NO,FRIENDS,SOMETIMES,SOMETIMES,NO,NOT_SURE,YES,SOMETIMES,NOT_SURE,SOMETIMES,NOT_SURE,YES,YES,SOMETIMES,SOMETIMES,NOT_SURE,NOT_SURE,YES,SOMETIMES,YES,SOMETIMES,SOMETIMES,SOMETIMES,NOT_SURE,NOT_SURE,SOMETIMES,NOT_SURE,NOT_SURE,YES,NOT_SURE,SOMETIMES,SOMETIMES,NOT_SURE,SOMETIMES,NOT_SURE
SYN-0732,FRIENDS,NOT_SURE,YES,NOT_SURE,NO,NOT_SURE,NOT_SURE,NOT_SURE,PRIVATE,NO,NO,NO,NOT_SURE,NO,SOMETIMES,SOMETIMES,SOMETIMES,SOMETIMES,SOMETIMES,SOMETIMES,47,HIGH,54,66,18,35,27,73,51,93,41,53,FRIENDS,NOT_SURE,FRIENDS,NOT_SURE,NOT_SURE,YES,NOT_SURE,NOT_SURE,NOT_SURE,NOT_SURE,NOT_SURE,NOT_SURE,NO,NO,NO,NO,NOT_SURE,PRIVATE,NOT_SURE,SOMETIMES,NOT_SURE,NO,NOT_SURE,NOT_SURE,NO,YES,NOT_SURE,SOMETIMES,SOMETIMES,SOMETIMES,SOMETIMES,SOMETIMES,SOMETIMES,SOMETIMES,NOT_SURE,SOMETIMES,NO,NOT_SURE,NO,YES,NOT_SURE,SOMETIMES,NO,NOT_SURE,SOMETIMES,NOT_SURE,SOMETIMES,SOMETIMES,NOT_SURE,SOMETIMES,SOMETIMES
SYN-0733,FRIENDS,NOT_SURE,NOT_SURE,NOT_SURE,NOT_SURE,NOT_SURE,NOT_SURE,YES,FRIENDS,SOMETIMES,NOT_SURE,SOMETIMES,SOMETIMES,YES,NO,SOMETIMES,YES,SOMETIMES,SOMETIMES,SOMETIMES,57,HIGH,56,50,52,53,63,53,77,36,59,51,FRIENDS,NOT_SURE,NOT_SURE,SOMETIMES,NOT_SURE,NOT_SURE,NOT_SURE,NO,NOT_SURE,NOT_SURE,YES,NOT_SURE,SOMETIMES,SOMETIMES,NOT_SURE,NOT_SURE,NO,FRIENDS,SOMETIMES,NOT_SURE,SOMETIMES,SOMETIMES,NOT_SURE,NOT_SURE,YES,SOMETIMES,SOMETIMES,NOT_SURE,NOT_SURE,NO,YES,SOMETIMES,SOMETIMES,SOMETIMES,SOMETIMES,NOT_SURE,YES,NOT_SURE,SOMETIMES,SOMETIMES,NOT_SURE,SOMETIMES,NOT_SURE,NOT_SURE,NOT_SURE,NOT_SURE,SOMETIMES,NOT_SURE,SOMETIMES,SOMETIMES,SOMETIMES
SYN-0734,PRIVATE,NO,NO,NOT_SURE,NO,NO,NO,NOT_SURE,FRIENDS,NO,NO,NO,YES,SOMETIMES,YES,YES,SOMETIMES,NO,YES,YES,12,LOW,0,13,8,19,17,0,15,26,14,7,PRIVATE,NO,PRIVATE,NO,NO,NO,NOT_SURE,NO,NO,NO,NOT_SURE,NO,NO,SOMETIMES,NO,NO,NO,FRIENDS,NO,NO,NO,NO,NO,NOT_SURE,SOMETIMES,NO,YES,NO,NO,YES,SOMETIMES,SOMETIMES,YES,YES,YES,YES,SOMETIMES,YES,YES,NOT_SURE,NO,NO,NO,SOMETIMES,NO,SOMETIMES,YES,SOMETIMES,YES,YES,YES
SYN-0735,PRIVATE,NO,NO,NOT_SURE,NOT_SURE,NOT_SURE,NOT_SURE,NOT_SURE,FRIENDS,NO,NOT_SURE,SOMETIMES,SOMETIMES,SOMETIMES,YES,YES,NO,SOMETIMES,YES,SOMETIMES,32,MODERATE,24,39,31,40,53,44,14,31,29,30,PRIVATE,SOMETIMES,NOT_SURE,NO,NO,NO,NOT_SURE,NOT_SURE,NOT_SURE,NOT_SURE,NOT_SURE,NO,NO,SOMETIMES,NOT_SURE,NOT_SURE,NO,FRIENDS,NO,NOT_SURE,SOMETIMES,SOMETIMES,NOT_SURE,NO,NO,SOMETIMES,SOMETIMES,NOT_SURE,NO,YES,NO,YES,YES,SOMETIMES,NOT_SURE,SOMETIMES,SOMETIMES,SOMETIMES,YES,NO,NO,SOMETIMES,SOMETIMES,NO,SOMETIMES,YES,YES,NOT_SURE,SOMETIMES,SOMETIMES,YES
SYN-0736,NOT_SURE,NOT_SURE,NOT_SURE,NOT_SURE,NOT_SURE,NO,NOT_SURE,YES,NOT_SURE,NOT_SURE,NOT_SURE,NOT_SURE,NO,NO,NOT_SURE,NO,SOMETIMES,NOT_SURE,NOT_SURE,YES,68,HIGH,63,54,68,63,69,100,70,80,79,51,NOT_SURE,SOMETIMES,NOT_SURE,NOT_SURE,NOT_SURE,NOT_SURE,NOT_SURE,NOT_SURE,NO,NOT_SURE,YES,YES,NOT_SURE,NOT_SURE,NOT_SURE,NOT_SURE,SOMETIMES,NOT_SURE,NOT_SURE,NOT_SURE,SOMETIMES,NOT_SURE,YES,SOMETIMES,SOMETIMES,YES,NO,YES,YES,NOT_SURE,SOMETIMES,NOT_SURE,NO,SOMETIMES,NOT_SURE,NO,NO,NOT_SURE,SOMETIMES,YES,NOT_SURE,NOT_SURE,YES,YES,YES,SOMETIMES,NOT_SURE,YES,SOMETIMES,YES,NOT_SURE
SYN-0737,PRIVATE,NO,NO,NOT_SURE,NOT_SURE,NO,NO,NOT_SURE,FRIENDS,SOMETIMES,NOT_SURE,SOMETIMES,SOMETIMES,SOMETIMES,SOMETIMES,SOMETIMES,SOMETIMES,NO,SOMETIMES,SOMETIMES,39,MODERATE,23,26,52,44,53,36,45,51,11,60,PRIVATE,SOMETIMES,PRIVATE,NOT_SURE,NO,NO,NOT_SURE,NOT_SURE,NO,NO,NOT_SURE,SOMETIMES,SOMETIMES,NOT_SURE,NOT_SURE,NOT_SURE,NO,FRIENDS,SOMETIMES,NO,YES,SOMETIMES,NOT_SURE,SOMETIMES,SOMETIMES,NO,SOMETIMES,SOMETIMES,SOMETIMES,SOMETIMES,SOMETIMES,SOMETIMES,SOMETIMES,NOT_SURE,YES,YES,SOMETIMES,NO,YES,NOT_SURE,NO,NO,NO,SOMETIMES,SOMETIMES,YES,SOMETIMES,SOMETIMES,NOT_SURE,SOMETIMES,NO
SYN-0738,PRIVATE,NOT_SURE,NOT_SURE,NOT_SURE,NO,NOT_SURE,NOT_SURE,NOT_SURE,PUBLIC,SOMETIMES,YES,SOMETIMES,NOT_SURE,SOMETIMES,NOT_SURE,SOMETIMES,NOT_SURE,SOMETIMES,NO,NOT_SURE,52,HIGH,21,60,48,81,46,59,58,43,39,73,PRIVATE,SOMETIMES,FRIENDS,NO,NOT_SURE,NOT_SURE,NOT_SURE,NOT_SURE,NOT_SURE,NOT_SURE,NOT_SURE,SOMETIMES,SOMETIMES,NOT_SURE,NO,YES,SOMETIMES,PUBLIC,YES,SOMETIMES,SOMETIMES,SOMETIMES,NOT_SURE,SOMETIMES,NO,SOMETIMES,NOT_SURE,SOMETIMES,SOMETIMES,NOT_SURE,NOT_SURE,SOMETIMES,SOMETIMES,SOMETIMES,SOMETIMES,SOMETIMES,SOMETIMES,NOT_SURE,YES,SOMETIMES,SOMETIMES,SOMETIMES,NO,SOMETIMES,SOMETIMES,NOT_SURE,NO,SOMETIMES,NOT_SURE,NOT_SURE,SOMETIMES
SYN-0739,PRIVATE,NO,NO,NOT_SURE,NO,NO,NOT_SURE,NO,PRIVATE,SOMETIMES,NO,NO,SOMETIMES,SOMETIMES,YES,YES,NO,NO,YES,SOMETIMES,14,LOW,0,13,25,19,0,44,0,39,7,21,PRIVATE,NO,PRIVATE,NO,NO,NO,NOT_SURE,NO,NO,NOT_SURE,NO,NOT_SURE,SOMETIMES,NO,NO,NO,SOMETIMES,PRIVATE,SOMETIMES,NO,SOMETIMES,NO,NO,YES,NO,SOMETIMES,SOMETIMES,NO,NOT_SURE,YES,NO,YES,YES,YES,YES,YES,SOMETIMES,YES,SOMETIMES,NOT_SURE,SOMETIMES,NO,NO,NO,NO,YES,YES,SOMETIMES,YES,SOMETIMES,YES
SYN-0740,NOT_SURE,NOT_SURE,YES,NOT_SURE,YES,NOT_SURE,YES,YES,PUBLIC,SOMETIMES,YES,NOT_SURE,NOT_SURE,NO,NOT_SURE,NO,YES,YES,NO,NOT_SURE,82,CRITICAL,71,71,92,90,69,81,86,88,90,87,NOT_SURE,NOT_SURE,NOT_SURE,YES,NOT_SURE,YES,NOT_SURE,NOT_SURE,NOT_SURE,YES,YES,YES,SOMETIMES,YES,YES,YES,YES,PUBLIC,NOT_SURE,YES,YES,NOT_SURE,YES,SOMETIMES,SOMETIMES,YES,NOT_SURE,NOT_SURE,YES,NOT_SURE,YES,NO,NO,NOT_SURE,NO,NOT_SURE,NO,NO,NOT_SURE,NOT_SURE,NOT_SURE,YES,YES,YES,YES,NOT_SURE,NO,YES,NOT_SURE,NOT_SURE,NO
SYN-0741,NOT_SURE,YES,NOT_SURE,NOT_SURE,YES,YES,NOT_SURE,YES,PUBLIC,YES,YES,NOT_SURE,NO,SOMETIMES,NOT_SURE,NO,YES,NOT_SURE,NO,NO,86,CRITICAL,87,77,96,100,61,100,89,74,88,96,NOT_SURE,YES,PUBLIC,YES,YES,NOT_SURE,NOT_SURE,NOT_SURE,YES,NOT_SURE,YES,YES,YES,YES,YES,YES,SOMETIMES,PUBLIC,YES,YES,YES,NOT_SURE,NOT_SURE,NOT_SURE,NOT_SURE,YES,NO,YES,YES,NOT_SURE,YES,NOT_SURE,NO,NO,NO,NO,SOMETIMES,NO,NOT_SURE,YES,YES,NOT_SURE,YES,YES,SOMETIMES,NO,NO,YES,NO,NO,NOT_SURE
SYN-0742,NOT_SURE,NOT_SURE,NOT_SURE,YES,YES,NOT_SURE,YES,YES,PUBLIC,NOT_SURE,NOT_SURE,NOT_SURE,NOT_SURE,NOT_SURE,SOMETIMES,SOMETIMES,NOT_SURE,SOMETIMES,SOMETIMES,SOMETIMES,65,HIGH,63,80,67,75,44,67,57,84,57,51,NOT_SURE,NOT_SURE,FRIENDS,NOT_SURE,NOT_SURE,NOT_SURE,YES,YES,NOT_SURE,YES,YES,SOMETIMES,NOT_SURE,NOT_SURE,YES,NOT_SURE,NOT_SURE,PUBLIC,SOMETIMES,SOMETIMES,YES,NOT_SURE,NO,NOT_SURE,NOT_SURE,SOMETIMES,NOT_SURE,YES,NOT_SURE,SOMETIMES,NOT_SURE,NO,SOMETIMES,SOMETIMES,NOT_SURE,SOMETIMES,NOT_SURE,NO,NO,NOT_SURE,SOMETIMES,SOMETIMES,YES,NO,SOMETIMES,SOMETIMES,SOMETIMES,NOT_SURE,SOMETIMES,SOMETIMES,SOMETIMES
SYN-0743,PUBLIC,NOT_SURE,NOT_SURE,YES,NOT_SURE,NOT_SURE,NO,NO,FRIENDS,NOT_SURE,NOT_SURE,NOT_SURE,SOMETIMES,YES,NOT_SURE,SOMETIMES,YES,SOMETIMES,NO,NOT_SURE,62,HIGH,100,57,60,46,60,59,77,19,47,77,PUBLIC,YES,PUBLIC,YES,NOT_SURE,NOT_SURE,YES,NOT_SURE,NOT_SURE,NO,NO,NOT_SURE,NOT_SURE,NOT_SURE,NOT_SURE,NOT_SURE,NOT_SURE,FRIENDS,SOMETIMES,NOT_SURE,NO,NOT_SURE,NOT_SURE,NOT_SURE,SOMETIMES,SOMETIMES,SOMETIMES,NOT_SURE,YES,NOT_SURE,YES,NOT_SURE,SOMETIMES,NO,NOT_SURE,NOT_SURE,YES,SOMETIMES,YES,SOMETIMES,NO,SOMETIMES,NOT_SURE,NOT_SURE,SOMETIMES,SOMETIMES,NO,SOMETIMES,NO,NOT_SURE,SOMETIMES
SYN-0744,FRIENDS,NOT_SURE,YES,NOT_SURE,NOT_SURE,YES,NOT_SURE,NOT_SURE,FRIENDS,NOT_SURE,YES,NOT_SURE,NOT_SURE,NO,SOMETIMES,SOMETIMES,NOT_SURE,YES,SOMETIMES,NOT_SURE,68,HIGH,53,71,72,66,61,70,62,100,81,56,FRIENDS,NOT_SURE,FRIENDS,SOMETIMES,NOT_SURE,YES,NOT_SURE,NOT_SURE,YES,NOT_SURE,NOT_SURE,NOT_SURE,NOT_SURE,YES,NOT_SURE,YES,NOT_SURE,FRIENDS,YES,NOT_SURE,NOT_SURE,NOT_SURE,NOT_SURE,NOT_SURE,NOT_SURE,NOT_SURE,NOT_SURE,NOT_SURE,YES,SOMETIMES,NOT_SURE,NO,SOMETIMES,NOT_SURE,NO,SOMETIMES,NO,NO,NO,YES,NOT_SURE,YES,YES,NOT_SURE,YES,SOMETIMES,SOMETIMES,SOMETIMES,SOMETIMES,NOT_SURE,SOMETIMES
SYN-0745,NOT_SURE,NOT_SURE,NOT_SURE,NOT_SURE,NO,NOT_SURE,NO,NO,FRIENDS,NO,NO,SOMETIMES,YES,SOMETIMES,YES,YES,NO,NO,SOMETIMES,YES,32,MODERATE,51,51,4,65,46,9,6,51,25,30,NOT_SURE,SOMETIMES,FRIENDS,NO,NOT_SURE,NOT_SURE,NOT_SURE,NOT_SURE,NOT_SURE,NO,NO,NO,NO,NO,NO,NO,SOMETIMES,FRIENDS,NOT_SURE,YES,SOMETIMES,SOMETIMES,NOT_SURE,SOMETIMES,NO,NO,YES,NO,NOT_SURE,YES,NO,YES,YES,SOMETIMES,YES,YES,SOMETIMES,SOMETIMES,SOMETIMES,NOT_SURE,SOMETIMES,NO,SOMETIMES,NO,SOMETIMES,YES,SOMETIMES,NOT_SURE,SOMETIMES,YES,YES
SYN-0746,FRIENDS,YES,NOT_SURE,YES,YES,YES,NOT_SURE,YES,PUBLIC,NOT_SURE,YES,YES,NO,SOMETIMES,NO,NOT_SURE,YES,NOT_SURE,NOT_SURE,SOMETIMES,81,CRITICAL,60,91,85,100,77,81,88,56,70,77,FRIENDS,SOMETIMES,NOT_SURE,YES,YES,NOT_SURE,YES,YES,YES,NOT_SURE,YES,NOT_SURE,NOT_SURE,YES,YES,YES,YES,PUBLIC,YES,YES,YES,YES,NOT_SURE,NOT_SURE,SOMETIMES,NOT_SURE,NO,SOMETIMES,YES,NO,YES,NOT_SURE,NOT_SURE,NOT_SURE,NOT_SURE,NO,SOMETIMES,NOT_SURE,SOMETIMES,NOT_SURE,YES,NOT_SURE,SOMETIMES,YES,YES,SOMETIMES,NOT_SURE,YES,NO,SOMETIMES,NO
SYN-0747,FRIENDS,YES,NOT_SURE,NOT_SURE,YES,YES,NOT_SURE,NOT_SURE,FRIENDS,SOMETIMES,NOT_SURE,SOMETIMES,NOT_SURE,NO,SOMETIMES,SOMETIMES,NOT_SURE,SOMETIMES,NOT_SURE,SOMETIMES,62,HIGH,57,83,77,38,39,81,52,61,69,51,FRIENDS,SOMETIMES,FRIENDS,YES,YES,NOT_SURE,NOT_SURE,YES,YES,NOT_SURE,NOT_SURE,NOT_SURE,SOMETIMES,YES,YES,NOT_SURE,YES,FRIENDS,NO,SOMETIMES,SOMETIMES,SOMETIMES,NO,NOT_SURE,SOMETIMES,YES,NOT_SURE,NOT_SURE,YES,SOMETIMES,NOT_SURE,SOMETIMES,SOMETIMES,SOMETIMES,SOMETIMES,SOMETIMES,NO,YES,NOT_SURE,SOMETIMES,NOT_SURE,SOMETIMES,YES,SOMETIMES,SOMETIMES,NOT_SURE,NOT_SURE,NO,NOT_SURE,SOMETIMES,SOMETIMES
SYN-0748,PRIVATE,NO,NO,NO,NO,NO,NO,NO,PRIVATE,SOMETIMES,NO,NO,YES,YES,SOMETIMES,NOT_SURE,NO,NO,YES,YES,16,LOW,14,0,8,34,7,7,42,0,21,7,PRIVATE,SOMETIMES,PRIVATE,NO,NO,NO,NO,NO,NO,NO,NO,NO,SOMETIMES,NO,NO,NO,NO,PRIVATE,NOT_SURE,SOMETIMES,SOMETIMES,NO,NO,YES,SOMETIMES,NO,YES,SOMETIMES,NO,SOMETIMES,NO,SOMETIMES,NOT_SURE,SOMETIMES,SOMETIMES,SOMETIMES,YES,YES,YES,NO,SOMETIMES,NO,NO,SOMETIMES,NO,SOMETIMES,YES,NO,SOMETIMES,YES,YES
SYN-0749,PRIVATE,NO,NO,NO,NOT_SURE,NO,NO,NO,FRIENDS,SOMETIMES,NO,SOMETIMES,SOMETIMES,NOT_SURE,YES,YES,NO,NO,NOT_SURE,YES,20,LOW,23,0,33,25,47,37,7,39,0,20,PRIVATE,SOMETIMES,PRIVATE,NOT_SURE,NO,NO,NO,NO,NO,NO,NO,SOMETIMES,SOMETIMES,NO,NOT_SURE,NO,NO,FRIENDS,NO,NO,SOMETIMES,SOMETIMES,NOT_SURE,YES,NOT_SURE,NO,SOMETIMES,SOMETIMES,NOT_SURE,YES,NO,SOMETIMES,YES,YES,YES,SOMETIMES,NOT_SURE,SOMETIMES,YES,NO,NO,NO,NO,NO,NO,YES,NOT_SURE,NO,YES,YES,YES
SYN-0750,NOT_SURE,NOT_SURE,NO,NO,NOT_SURE,NO,NO,NOT_SURE,FRIENDS,SOMETIMES,SOMETIMES,NOT_SURE,SOMETIMES,YES,SOMETIMES,SOMETIMES,NOT_SURE,NOT_SURE,SOMETIMES,SOMETIMES,51,HIGH,61,30,54,55,61,44,48,44,56,60,NOT_SURE,SOMETIMES,NOT_SURE,SOMETIMES,NOT_SURE,NO,NO,NOT_SURE,NO,NO,NOT_SURE,SOMETIMES,SOMETIMES,NOT_SURE,NOT_SURE,SOMETIMES,SOMETIMES,FRIENDS,NOT_SURE,NOT_SURE,SOMETIMES,NOT_SURE,NOT_SURE,NOT_SURE,NOT_SURE,SOMETIMES,SOMETIMES,NO,NOT_SURE,SOMETIMES,NOT_SURE,SOMETIMES,SOMETIMES,YES,NOT_SURE,SOMETIMES,YES,SOMETIMES,NO,SOMETIMES,SOMETIMES,NOT_SURE,SOMETIMES,NOT_SURE,SOMETIMES,NOT_SURE,SOMETIMES,YES,SOMETIMES,SOMETIMES,NOT_SURE
SYN-0751,FRIENDS,NOT_SURE,NO,NO,NO,NO,NOT_SURE,NO,FRIENDS,NO,NO,SOMETIMES,NO,NOT_SURE,SOMETIMES,YES,NOT_SURE,NOT_SURE,NOT_SURE,SOMETIMES,44,HIGH,43,30,22,54,60,59,48,64,41,57,FRIENDS,SOMETIMES,PRIVATE,SOMETIMES,NOT_SURE,NO,NO,NOT_SURE,NO,NOT_SURE,NO,NOT_SURE,NO,SOMETIMES,NO,NO,NO,FRIENDS,NOT_SURE,SOMETIMES,NOT_SURE,SOMETIMES,NOT_SURE,SOMETIMES,YES,NO,NO,NOT_SURE,SOMETIMES,SOMETIMES,NOT_SURE,NOT_SURE,YES,SOMETIMES,SOMETIMES,NOT_SURE,NOT_SURE,SOMETIMES,SOMETIMES,YES,NO,NOT_SURE,SOMETIMES,NO,SOMETIMES,NOT_SURE,NOT_SURE,NOT_SURE,YES,SOMETIMES,NO
SYN-0752,FRIENDS,NOT_SURE,NOT_SURE,NOT_SURE,NOT_SURE,YES,NOT_SURE,NOT_SURE,FRIENDS,SOMETIMES,SOMETIMES,YES,NOT_SURE,NOT_SURE,SOMETIMES,YES,YES,YES,NOT_SURE,NO,69,HIGH,73,66,55,56,93,60,56,89,86,87,FRIENDS,YES,PUBLIC,NOT_SURE,NOT_SURE,NOT_SURE,NOT_SURE,NOT_SURE,YES,NOT_SURE,NOT_SURE,SOMETIMES,SOMETIMES,NOT_SURE,NOT_SURE,SOMETIMES,NOT_SURE,FRIENDS,SOMETIMES,SOMETIMES,YES,YES,YES,SOMETIMES,YES,SOMETIMES,NOT_SURE,SOMETIMES,NOT_SURE,SOMETIMES,YES,SOMETIMES,YES,NOT_SURE,SOMETIMES,SOMETIMES,NOT_SURE,NO,NO,YES,YES,YES,YES,NOT_SURE,SOMETIMES,NOT_SURE,NOT_SURE,YES,NOT_SURE,NO,NO
SYN-0753,NOT_SURE,NOT_SURE,NOT_SURE,NOT_SURE,YES,NO,YES,NOT_SURE,PUBLIC,SOMETIMES,YES,YES,NO,NO,NOT_SURE,NOT_SURE,SOMETIMES,NOT_SURE,NOT_SURE,SOMETIMES,74,CRITICAL,66,54,88,70,100,73,67,93,71,64,NOT_SURE,NOT_SURE,NOT_SURE,NOT_SURE,NOT_SURE,NOT_SURE,NOT_SURE,NOT_SURE,NO,YES,NOT_SURE,YES,SOMETIMES,YES,YES,YES,SOMETIMES,PUBLIC,SOMETIMES,SOMETIMES,NOT_SURE,YES,YES,NO,YES,SOMETIMES,NO,NOT_SURE,SOMETIMES,NOT_SURE,SOMETIMES,NOT_SURE,NOT_SURE,NO,SOMETIMES,NOT_SURE,NO,NO,NOT_SURE,YES,YES,NOT_SURE,NOT_SURE,NOT_SURE,NOT_SURE,NO,NOT_SURE,NOT_SURE,NO,SOMETIMES,SOMETIMES
SYN-0754,PRIVATE,NOT_SURE,YES,NOT_SURE,YES,NOT_SURE,YES,YES,NOT_SURE,NOT_SURE,YES,NOT_SURE,NOT_SURE,NOT_SURE,YES,NOT_SURE,NOT_SURE,SOMETIMES,NOT_SURE,SOMETIMES,62,HIGH,31,80,88,51,59,59,46,76,57,73,PRIVATE,SOMETIMES,NOT_SURE,SOMETIMES,NOT_SURE,YES,NOT_SURE,YES,NOT_SURE,YES,YES,YES,NOT_SURE,NOT_SURE,YES,YES,YES,NOT_SURE,SOMETIMES,SOMETIMES,NO,NOT_SURE,NOT_SURE,SOMETIMES,NOT_SURE,SOMETIMES,NOT_SURE,SOMETIMES,SOMETIMES,YES,NOT_SURE,SOMETIMES,NOT_SURE,SOMETIMES,NOT_SURE,NO,NOT_SURE,NOT_SURE,NO,NOT_SURE,SOMETIMES,SOMETIMES,SOMETIMES,SOMETIMES,SOMETIMES,NO,NOT_SURE,YES,NOT_SURE,SOMETIMES,NO
SYN-0755,PUBLIC,NOT_SURE,NOT_SURE,NOT_SURE,YES,NOT_SURE,NO,YES,PUBLIC,SOMETIMES,YES,NOT_SURE,NOT_SURE,SOMETIMES,NO,NO,SOMETIMES,NOT_SURE,SOMETIMES,YES,70,HIGH,74,59,72,90,79,76,76,61,56,49,PUBLIC,NOT_SURE,FRIENDS,SOMETIMES,NOT_SURE,NOT_SURE,NOT_SURE,NOT_SURE,NOT_SURE,NO,YES,SOMETIMES,SOMETIMES,NOT_SURE,YES,YES,NOT_SURE,PUBLIC,YES,NOT_SURE,YES,NOT_SURE,YES,NOT_SURE,YES,NOT_SURE,NOT_SURE,YES,YES,NO,SOMETIMES,NOT_SURE,NO,NOT_SURE,SOMETIMES,SOMETIMES,SOMETIMES,NOT_SURE,SOMETIMES,YES,SOMETIMES,NOT_SURE,NOT_SURE,NOT_SURE,SOMETIMES,SOMETIMES,SOMETIMES,YES,NOT_SURE,YES,NOT_SURE
SYN-0756,PRIVATE,NO,NO,NOT_SURE,NOT_SURE,NO,NO,NOT_SURE,FRIENDS,SOMETIMES,SOMETIMES,NO,YES,YES,NOT_SURE,SOMETIMES,NO,NO,SOMETIMES,YES,21,MODERATE,7,26,37,39,0,7,32,0,7,33,PRIVATE,NO,FRIENDS,NO,NO,NO,NOT_SURE,NOT_SURE,NO,NO,NOT_SURE,NO,SOMETIMES,SOMETIMES,NOT_SURE,SOMETIMES,NO,FRIENDS,SOMETIMES,NO,NOT_SURE,NO,NO,YES,NO,NO,YES,SOMETIMES,NO,NOT_SURE,NO,YES,SOMETIMES,YES,SOMETIMES,YES,YES,YES,YES,NO,SOMETIMES,NO,NO,NO,NO,YES,SOMETIMES,NOT_SURE,NOT_SURE,YES,YES
SYN-0757,PRIVATE,YES,NOT_SURE,NOT_SURE,YES,NOT_SURE,NOT_SURE,NOT_SURE,FRIENDS,NOT_SURE,SOMETIMES,SOMETIMES,NOT_SURE,NOT_SURE,SOMETIMES,NOT_SURE,SOMETIMES,YES,SOMETIMES,NO,60,HIGH,29,77,73,41,54,60,58,64,64,74,PRIVATE,SOMETIMES,FRIENDS,SOMETIMES,YES,NOT_SURE,NOT_SURE,YES,NOT_SURE,NOT_SURE,NOT_SURE,NOT_SURE,NOT_SURE,YES,YES,SOMETIMES,SOMETIMES,FRIENDS,NOT_SURE,NO,NOT_SURE,SOMETIMES,NOT_SURE,SOMETIMES,NOT_SURE,SOMETIMES,NOT_SURE,SOMETIMES,NOT_SURE,SOMETIMES,SOMETIMES,SOMETIMES,NOT_SURE,NOT_SURE,NOT_SURE,NOT_SURE,NOT_SURE,SOMETIMES,NOT_SURE,NOT_SURE,SOMETIMES,YES,NOT_SURE,SOMETIMES,NOT_SURE,SOMETIMES,SOMETIMES,YES,SOMETIMES,NO,NOT_SURE
SYN-0758,PRIVATE,NOT_SURE,NOT_SURE,NOT_SURE,NOT_SURE,NO,NOT_SURE,NOT_SURE,FRIENDS,SOMETIMES,NO,NOT_SURE,SOMETIMES,YES,YES,YES,NOT_SURE,SOMETIMES,YES,SOMETIMES,34,MODERATE,14,51,22,38,59,36,21,20,51,14,PRIVATE,SOMETIMES,PRIVATE,NO,NOT_SURE,NOT_SURE,NOT_SURE,NOT_SURE,NO,NOT_SURE,NOT_SURE,NO,SOMETIMES,NO,NOT_SURE,NO,NO,FRIENDS,SOMETIMES,NO,SOMETIMES,NOT_SURE,NOT_SURE,SOMETIMES,NOT_SURE,NO,SOMETIMES,SOMETIMES,SOMETIMES,YES,NOT_SURE,SOMETIMES,YES,YES,SOMETIMES,YES,YES,SOMETIMES,YES,NOT_SURE,NOT_SURE,SOMETIMES,SOMETIMES,SOMETIMES,SOMETIMES,SOMETIMES,YES,NO,YES,SOMETIMES,YES
SYN-0759,PRIVATE,NO,NOT_SURE,NO,NO,NO,NOT_SURE,NO,FRIENDS,NO,NO,NO,NOT_SURE,NOT_SURE,SOMETIMES,SOMETIMES,NO,NOT_SURE,NO,NOT_SURE,24,MODERATE,7,13,4,31,0,61,35,56,38,56,PRIVATE,NO,FRIENDS,NO,NO,NOT_SURE,NO,NO,NO,NOT_SURE,NO,NO,NO,NO,NO,NO,SOMETIMES,FRIENDS,NO,SOMETIMES,NO,NO,NO,YES,NO,NOT_SURE,NOT_SURE,SOMETIMES,SOMETIMES,SOMETIMES,NO,SOMETIMES,SOMETIMES,SOMETIMES,YES,SOMETIMES,NOT_SURE,SOMETIMES,NOT_SURE,NO,NO,NOT_SURE,SOMETIMES,SOMETIMES,SOMETIMES,YES,NO,NO,YES,NOT_SURE,SOMETIMES
SYN-0760,FRIENDS,NOT_SURE,NOT_SURE,NOT_SURE,NOT_SURE,NO,NO,YES,FRIENDS,SOMETIMES,YES,SOMETIMES,NOT_SURE,SOMETIMES,SOMETIMES,NO,NO,SOMETIMES,NOT_SURE,SOMETIMES,56,HIGH,63,59,65,51,57,51,48,38,55,63,FRIENDS,NOT_SURE,NOT_SURE,YES,NOT_SURE,NOT_SURE,NOT_SURE,YES,NO,NO,YES,NOT_SURE,SOMETIMES,NOT_SURE,NOT_SURE,YES,NOT_SURE,FRIENDS,YES,NO,NOT_SURE,SOMETIMES,NOT_SURE,NOT_SURE,NOT_SURE,SOMETIMES,NOT_SURE,NO,SOMETIMES,SOMETIMES,NO,SOMETIMES,NO,SOMETIMES,SOMETIMES,NOT_SURE,SOMETIMES,SOMETIMES,YES,SOMETIMES,NOT_SURE,SOMETIMES,SOMETIMES,SOMETIMES,NOT_SURE,NOT_SURE,NOT_SURE,NOT_SURE,NOT_SURE,SOMETIMES,NOT_SURE
SYN-0761,PRIVATE,YES,YES,NOT_SURE,YES,YES,NOT_SURE,NOT_SURE,NOT_SURE,YES,NOT_SURE,YES,NOT_SURE,NO,SOMETIMES,NO,NOT_SURE,NOT_SURE,NO,SOMETIMES,69,HIGH,31,89,75,63,74,63,63,80,72,77,PRIVATE,NOT_SURE,FRIENDS,SOMETIMES,YES,YES,NOT_SURE,YES,YES,NOT_SURE,NOT_SURE,NOT_SURE,YES,NOT_SURE,YES,NOT_SURE,NOT_SURE,NOT_SURE,NOT_SURE,NOT_SURE,SOMETIMES,YES,NOT_SURE,SOMETIMES,SOMETIMES,NOT_SURE,NOT_SURE,SOMETIMES,NOT_SURE,SOMETIMES,NOT_SURE,NOT_SURE,NO,SOMETIMES,SOMETIMES,NOT_SURE,NO,NOT_SURE,NOT_SURE,NOT_SURE,YES,NOT_SURE,NOT_SURE,YES,SOMETIMES,NOT_SURE,NO,YES,NOT_SURE,SOMETIMES,NOT_SURE
SYN-0762,NOT_SURE,NOT_SURE,NO,NOT_SURE,NOT_SURE,NOT_SURE,NOT_SURE,NOT_SURE,NOT_SURE,NOT_SURE,SOMETIMES,SOMETIMES,YES,SOMETIMES,NOT_SURE,SOMETIMES,SOMETIMES,SOMETIMES,NO,SOMETIMES,48,HIGH,61,39,45,39,37,30,57,63,53,64,NOT_SURE,NOT_SURE,PRIVATE,YES,NOT_SURE,NO,NOT_SURE,NO,NOT_SURE,NOT_SURE,NOT_SURE,NOT_SURE,NOT_SURE,NO,NOT_SURE,SOMETIMES,NO,NOT_SURE,SOMETIMES,NO,NO,SOMETIMES,NO,SOMETIMES,NOT_SURE,SOMETIMES,YES,NOT_SURE,SOMETIMES,NOT_SURE,SOMETIMES,NOT_SURE,SOMETIMES,NOT_SURE,YES,NOT_SURE,SOMETIMES,SOMETIMES,NO,SOMETIMES,NOT_SURE,SOMETIMES,SOMETIMES,NOT_SURE,SOMETIMES,SOMETIMES,NO,SOMETIMES,SOMETIMES,SOMETIMES,SOMETIMES
SYN-0763,NOT_SURE,NOT_SURE,YES,NOT_SURE,YES,NOT_SURE,YES,NOT_SURE,NOT_SURE,NOT_SURE,YES,SOMETIMES,SOMETIMES,NOT_SURE,NOT_SURE,SOMETIMES,NOT_SURE,NO,SOMETIMES,NOT_SURE,64,HIGH,67,69,85,59,57,54,63,75,39,59,NOT_SURE,SOMETIMES,PUBLIC,NOT_SURE,NOT_SURE,YES,NOT_SURE,NOT_SURE,NOT_SURE,YES,NOT_SURE,YES,NOT_SURE,NOT_SURE,YES,YES,NOT_SURE,NOT_SURE,SOMETIMES,SOMETIMES,NOT_SURE,SOMETIMES,NOT_SURE,NOT_SURE,NOT_SURE,NOT_SURE,SOMETIMES,NOT_SURE,SOMETIMES,NOT_SURE,NOT_SURE,SOMETIMES,SOMETIMES,SOMETIMES,NO,NOT_SURE,NOT_SURE,NO,NOT_SURE,SOMETIMES,NO,NO,NOT_SURE,SOMETIMES,NO,NO,SOMETIMES,SOMETIMES,NOT_SURE,NOT_SURE,SOMETIMES
SYN-0764,PUBLIC,NOT_SURE,NOT_SURE,NOT_SURE,NO,NOT_SURE,NO,NOT_SURE,FRIENDS,NO,NOT_SURE,NO,NOT_SURE,SOMETIMES,SOMETIMES,NOT_SURE,SOMETIMES,YES,NOT_SURE,YES,52,HIGH,79,56,28,66,24,60,51,56,81,29,PUBLIC,SOMETIMES,FRIENDS,YES,NOT_SURE,NOT_SURE,NOT_SURE,NOT_SURE,NOT_SURE,NO,NOT_SURE,SOMETIMES,NO,SOMETIMES,NO,NOT_SURE,NO,FRIENDS,YES,NOT_SURE,NOT_SURE,NO,NOT_SURE,YES,SOMETIMES,SOMETIMES,NOT_SURE,SOMETIMES,NOT_SURE,SOMETIMES,SOMETIMES,NOT_SURE,NOT_SURE,SOMETIMES,YES,SOMETIMES,SOMETIMES,SOMETIMES,NOT_SURE,NOT_SURE,NOT_SURE,YES,YES,NOT_SURE,SOMETIMES,NOT_SURE,NOT_SURE,NOT_SURE,YES,YES,YES
SYN-0765,NOT_SURE,YES,YES,YES,YES,YES,YES,YES,NOT_SURE,YES,YES,YES,NOT_SURE,NO,NOT_SURE,NO,NOT_SURE,YES,NOT_SURE,NO,86,CRITICAL,87,100,81,76,93,81,79,100,79,81,NOT_SURE,YES,PUBLIC,YES,YES,YES,YES,YES,YES,YES,YES,SOMETIMES,YES,SOMETIMES,YES,YES,YES,NOT_SURE,SOMETIMES,YES,YES,YES,YES,NO,SOMETIMES,YES,NOT_SURE,NOT_SURE,YES,NOT_SURE,NOT_SURE,NO,NO,NO,NO,SOMETIMES,NO,NO,NO,YES,SOMETIMES,YES,YES,NOT_SURE,SOMETIMES,NOT_SURE,NOT_SURE,NOT_SURE,NO,NO,NOT_SURE
SYN-0766,FRIENDS,YES,NOT_SURE,NOT_SURE,NOT_SURE,NOT_SURE,YES,NOT_SURE,FRIENDS,NO,NOT_SURE,YES,SOMETIMES,SOMETIMES,SOMETIMES,SOMETIMES,SOMETIMES,NOT_SURE,NOT_SURE,NOT_SURE,58,HIGH,51,71,48,71,77,44,54,56,39,66,FRIENDS,SOMETIMES,FRIENDS,NOT_SURE,YES,NOT_SURE,NOT_SURE,NOT_SURE,NOT_SURE,YES,NOT_SURE,NOT_SURE,NO,SOMETIMES,NOT_SURE,NOT_SURE,SOMETIMES,FRIENDS,NOT_SURE,YES,YES,YES,NOT_SURE,NOT_SURE,SOMETIMES,SOMETIMES,SOMETIMES,NOT_SURE,NO,SOMETIMES,SOMETIMES,SOMETIMES,SOMETIMES,NOT_SURE,NOT_SURE,SOMETIMES,SOMETIMES,SOMETIMES,SOMETIMES,YES,NOT_SURE,NOT_SURE,SOMETIMES,NO,SOMETIMES,YES,NOT_SURE,NOT_SURE,SOMETIMES,NOT_SURE,NOT_SURE
SYN-0767,FRIENDS,NOT_SURE,NOT_SURE,NOT_SURE,YES,NOT_SURE,NO,NOT_SURE,PUBLIC,YES,YES,YES,NO,NO,YES,NOT_SURE,SOMETIMES,NOT_SURE,NOT_SURE,NO,72,CRITICAL,40,56,100,95,81,94,47,81,74,79,FRIENDS,NO,NOT_SURE,NOT_SURE,NOT_SURE,NOT_SURE,NOT_SURE,NOT_SURE,NOT_SURE,NO,NOT_SURE,YES,YES,YES,YES,YES,YES,PUBLIC,YES,YES,NOT_SURE,YES,NOT_SURE,NO,SOMETIMES,YES,NO,NOT_SURE,YES,YES,SOMETIMES,NOT_SURE,NOT_SURE,NO,NOT_SURE,SOMETIMES,NO,NO,SOMETIMES,SOMETIMES,YES,NOT_SURE,YES,SOMETIMES,SOMETIMES,SOMETIMES,NOT_SURE,NOT_SURE,NO,NO,SOMETIMES
SYN-0768,NOT_SURE,NOT_SURE,YES,NOT_SURE,NOT_SURE,YES,NO,NOT_SURE,PRIVATE,NOT_SURE,NO,NO,NOT_SURE,YES,SOMETIMES,YES,SOMETIMES,SOMETIMES,SOMETIMES,NOT_SURE,43,HIGH,60,67,49,28,24,37,30,36,43,41,NOT_SURE,SOMETIMES,FRIENDS,NOT_SURE,NOT_SURE,YES,NOT_SURE,NOT_SURE,YES,NO,NOT_SURE,NOT_SURE,NOT_SURE,SOMETIMES,NOT_SURE,NO,NOT_SURE,PRIVATE,SOMETIMES,NOT_SURE,NO,NO,NOT_SURE,YES,SOMETIMES,NO,NOT_SURE,SOMETIMES,NO,SOMETIMES,SOMETIMES,YES,YES,YES,SOMETIMES,YES,YES,SOMETIMES,NOT_SURE,SOMETIMES,NO,SOMETIMES,SOMETIMES,SOMETIMES,SOMETIMES,SOMETIMES,SOMETIMES,SOMETIMES,YES,NOT_SURE,YES
SYN-0769,FRIENDS,YES,NOT_SURE,YES,NOT_SURE,NOT_SURE,YES,NOT_SURE,FRIENDS,NOT_SURE,NOT_SURE,SOMETIMES,SOMETIMES,NOT_SURE,NOT_SURE,NOT_SURE,YES,YES,SOMETIMES,NO,63,HIGH,50,86,48,54,71,43,77,59,53,69,FRIENDS,SOMETIMES,FRIENDS,SOMETIMES,YES,NOT_SURE,YES,YES,NOT_SURE,YES,NOT_SURE,SOMETIMES,NOT_SURE,NO,NOT_SURE,NOT_SURE,SOMETIMES,FRIENDS,NOT_SURE,SOMETIMES,NOT_SURE,SOMETIMES,YES,NO,SOMETIMES,SOMETIMES,SOMETIMES,NO,SOMETIMES,NOT_SURE,YES,NOT_SURE,NOT_SURE,NOT_SURE,NO,SOMETIMES,NOT_SURE,SOMETIMES,SOMETIMES,NOT_SURE,NOT_SURE,YES,NO,NOT_SURE,NOT_SURE,NOT_SURE,SOMETIMES,NOT_SURE,SOMETIMES,NO,NOT_SURE
SYN-0770,PUBLIC,NOT_SURE,YES,NOT_SURE,YES,NO,NOT_SURE,NOT_SURE,PUBLIC,SOMETIMES,SOMETIMES,YES,NOT_SURE,SOMETIMES,NO,NO,NOT_SURE,YES,NO,NOT_SURE,82,CRITICAL,94,57,64,100,89,76,91,69,97,91,PUBLIC,YES,PUBLIC,NOT_SURE,NOT_SURE,YES,NOT_SURE,NOT_SURE,NO,NOT_SURE,NOT_SURE,SOMETIMES,SOMETIMES,NOT_SURE,YES,SOMETIMES,NOT_SURE,PUBLIC,YES,YES,YES,YES,NOT_SURE,NO,YES,YES,NOT_SURE,NOT_SURE,NOT_SURE,NO,NOT_SURE,NO,NO,NO,NO,NO,SOMETIMES,NOT_SURE,NO,NOT_SURE,YES,YES,YES,YES,NOT_SURE,NO,NO,YES,NO,NOT_SURE,NO
SYN-0771,PUBLIC,NO,NOT_SURE,NOT_SURE,NOT_SURE,NOT_SURE,YES,NOT_SURE,NOT_SURE,NO,NO,SOMETIMES,NO,NOT_SURE,NOT_SURE,NOT_SURE,NO,NOT_SURE,NO,NO,52,HIGH,61,50,25,56,46,76,51,59,54,93,PUBLIC,NO,NOT_SURE,NOT_SURE,NO,NOT_SURE,NOT_SURE,NOT_SURE,NOT_SURE,YES,NOT_SURE,NO,NO,SOMETIMES,NOT_SURE,NO,SOMETIMES,NOT_SURE,NOT_SURE,NOT_SURE,NO,SOMETIMES,NO,NOT_SURE,YES,NOT_SURE,NO,NOT_SURE,SOMETIMES,NOT_SURE,NO,SOMETIMES,NOT_SURE,SOMETIMES,SOMETIMES,NO,NOT_SURE,SOMETIMES,SOMETIMES,NOT_SURE,NOT_SURE,NOT_SURE,SOMETIMES,SOMETIMES,SOMETIMES,SOMETIMES,NO,YES,SOMETIMES,NO,NO
SYN-0772,FRIENDS,YES,NOT_SURE,NOT_SURE,NO,NOT_SURE,NOT_SURE,NO,PUBLIC,YES,SOMETIMES,YES,NOT_SURE,NOT_SURE,NO,NOT_SURE,YES,SOMETIMES,NOT_SURE,NO,74,CRITICAL,67,64,46,95,89,74,93,89,64,83,FRIENDS,NOT_SURE,PUBLIC,YES,YES,NOT_SURE,NOT_SURE,NOT_SURE,NOT_SURE,NOT_SURE,NO,NOT_SURE,YES,NOT_SURE,NO,SOMETIMES,NO,PUBLIC,YES,YES,NOT_SURE,YES,NOT_SURE,NO,YES,YES,NOT_SURE,NOT_SURE,SOMETIMES,NO,YES,NOT_SURE,NOT_SURE,NO,NO,NO,NOT_SURE,NO,NO,YES,YES,SOMETIMES,SOMETIMES,SOMETIMES,YES,NOT_SURE,NOT_SURE,YES,NOT_SURE,NO,NOT_SURE
SYN-0773,PRIVATE,NOT_SURE,NOT_SURE,NO,NO,NOT_SURE,NOT_SURE,NO,NOT_SURE,NO,NO,SOMETIMES,NOT_SURE,SOMETIMES,NOT_SURE,NOT_SURE,NOT_SURE,SOMETIMES,NOT_SURE,SOMETIMES,42,HIGH,33,47,0,54,46,59,61,36,46,59,PRIVATE,SOMETIMES,NOT_SURE,NOT_SURE,NOT_SURE,NOT_SURE,NO,NOT_SURE,NOT_SURE,NOT_SURE,NO,NO,NO,NO,NO,NO,NO,NOT_SURE,NOT_SURE,SOMETIMES,NO,SOMETIMES,NOT_SURE,SOMETIMES,NO,SOMETIMES,NOT_SURE,SOMETIMES,SOMETIMES,NOT_SURE,NOT_SURE,NO,NOT_SURE,SOMETIMES,SOMETIMES,YES,SOMETIMES,NOT_SURE,YES,NO,NO,SOMETIMES,NOT_SURE,SOMETIMES,NOT_SURE,SOMETIMES,NOT_SURE,YES,YES,SOMETIMES,NOT_SURE
SYN-0774,FRIENDS,NOT_SURE,YES,NOT_SURE,NOT_SURE,NOT_SURE,NOT_SURE,NOT_SURE,FRIENDS,NOT_SURE,NO,NOT_SURE,SOMETIMES,SOMETIMES,NO,NOT_SURE,NOT_SURE,SOMETIMES,NOT_SURE,YES,60,HIGH,57,66,44,55,59,67,81,56,58,49,FRIENDS,SOMETIMES,FRIENDS,YES,NOT_SURE,YES,NOT_SURE,NOT_SURE,NOT_SURE,NOT_SURE,NOT_SURE,SOMETIMES,NOT_SURE,NOT_SURE,NOT_SURE,NO,NO,FRIENDS,NOT_SURE,NOT_SURE,SOMETIMES,NOT_SURE,NOT_SURE,SOMETIMES,NOT_SURE,YES,SOMETIMES,NOT_SURE,NOT_SURE,NO,NOT_SURE,SOMETIMES,NOT_SURE,NO,NOT_SURE,NO,SOMETIMES,SOMETIMES,NOT_SURE,NOT_SURE,NOT_SURE,SOMETIMES,NOT_SURE,SOMETIMES,NOT_SURE,NOT_SURE,NOT_SURE,SOMETIMES,SOMETIMES,YES,NO
SYN-0775,FRIENDS,NO,NOT_SURE,NOT_SURE,NOT_SURE,YES,NOT_SURE,NOT_SURE,FRIENDS,NOT_SURE,SOMETIMES,SOMETIMES,SOMETIMES,YES,SOMETIMES,SOMETIMES,NOT_SURE,SOMETIMES,NOT_SURE,NOT_SURE,47,HIGH,36,53,56,50,46,50,45,33,45,50,FRIENDS,SOMETIMES,PRIVATE,NO,NO,NOT_SURE,NOT_SURE,NOT_SURE,YES,NOT_SURE,NOT_SURE,SOMETIMES,NOT_SURE,NOT_SURE,NOT_SURE,SOMETIMES,NOT_SURE,FRIENDS,SOMETIMES,SOMETIMES,SOMETIMES,SOMETIMES,NOT_SURE,YES,SOMETIMES,SOMETIMES,SOMETIMES,SOMETIMES,SOMETIMES,SOMETIMES,NOT_SURE,YES,SOMETIMES,SOMETIMES,SOMETIMES,YES,YES,SOMETIMES,SOMETIMES,NOT_SURE,NO,SOMETIMES,NOT_SURE,SOMETIMES,NO,NOT_SURE,NOT_SURE,NO,YES,NOT_SURE,NOT_SURE
SYN-0776,PUBLIC,YES,YES,YES,YES,YES,YES,YES,FRIENDS,YES,SOMETIMES,NOT_SURE,NO,NOT_SURE,NOT_SURE,NO,SOMETIMES,NOT_SURE,NO,NO,81,CRITICAL,80,91,92,55,76,94,78,63,81,90,PUBLIC,SOMETIMES,PUBLIC,NOT_SURE,YES,YES,YES,NOT_SURE,YES,YES,YES,YES,YES,YES,YES,SOMETIMES,YES,FRIENDS,NOT_SURE,NOT_SURE,SOMETIMES,NOT_SURE,YES,NO,SOMETIMES,YES,NO,YES,NOT_SURE,NOT_SURE,SOMETIMES,NOT_SURE,NO,NO,NO,NO,NOT_SURE,SOMETIMES,NOT_SURE,SOMETIMES,NOT_SURE,NOT_SURE,YES,YES,YES,NOT_SURE,NO,NOT_SURE,NOT_SURE,NO,NO
SYN-0777,PUBLIC,NO,NOT_SURE,NOT_SURE,NOT_SURE,YES,YES,NOT_SURE,FRIENDS,NOT_SURE,SOMETIMES,SOMETIMES,SOMETIMES,NO,SOMETIMES,SOMETIMES,NOT_SURE,NO,SOMETIMES,NOT_SURE,54,HIGH,73,43,64,51,37,54,48,80,48,67,PUBLIC,SOMETIMES,FRIENDS,NOT_SURE,NO,NOT_SURE,NOT_SURE,NO,YES,YES,NOT_SURE,NOT_SURE,NOT_SURE,YES,NOT_SURE,SOMETIMES,SOMETIMES,FRIENDS,SOMETIMES,SOMETIMES,NOT_SURE,SOMETIMES,NO,SOMETIMES,NOT_SURE,NOT_SURE,SOMETIMES,SOMETIMES,NOT_SURE,SOMETIMES,NOT_SURE,SOMETIMES,SOMETIMES,YES,SOMETIMES,NOT_SURE,NO,NOT_SURE,NOT_SURE,NOT_SURE,NOT_SURE,NO,YES,NO,SOMETIMES,SOMETIMES,SOMETIMES,NOT_SURE,NO,NOT_SURE,NOT_SURE
SYN-0778,PRIVATE,NO,NOT_SURE,NO,NO,NO,NO,NO,PRIVATE,NO,NO,NO,YES,YES,YES,SOMETIMES,NO,NO,NOT_SURE,YES,14,LOW,16,21,0,0,17,0,20,0,28,41,PRIVATE,NO,FRIENDS,NOT_SURE,NO,NOT_SURE,NO,NOT_SURE,NO,NO,NO,NO,NO,NO,NO,NO,NO,PRIVATE,NO,NO,NO,NO,NOT_SURE,YES,NO,NO,YES,NO,NO,YES,NO,SOMETIMES,SOMETIMES,SOMETIMES,YES,SOMETIMES,YES,YES,YES,NO,SOMETIMES,NO,NOT_SURE,NO,SOMETIMES,YES,NOT_SURE,SOMETIMES,SOMETIMES,YES,SOMETIMES
SYN-0779,PRIVATE,NOT_SURE,NOT_SURE,NO,NOT_SURE,NO,NO,NO,PRIVATE,SOMETIMES,SOMETIMES,NOT_SURE,SOMETIMES,YES,NOT_SURE,SOMETIMES,SOMETIMES,NO,NOT_SURE,SOMETIMES,34,MODERATE,14,34,46,6,33,54,43,6,43,49,PRIVATE,NO,FRIENDS,SOMETIMES,NOT_SURE,NOT_SURE,NO,NOT_SURE,NO,NO,NO,NO,SOMETIMES,NOT_SURE,NOT_SURE,SOMETIMES,YES,PRIVATE,NO,NO,SOMETIMES,NOT_SURE,NO,YES,SOMETIMES,NOT_SURE,SOMETIMES,NOT_SURE,SOMETIMES,NOT_SURE,SOMETIMES,YES,SOMETIMES,YES,YES,SOMETIMES,YES,YES,YES,SOMETIMES,SOMETIMES,NO,SOMETIMES,SOMETIMES,YES,SOMETIMES,NOT_SURE,NO,SOMETIMES,SOMETIMES,SOMETIMES
SYN-0780,PRIVATE,NO,NO,NO,NOT_SURE,NO,NOT_SURE,NOT_SURE,FRIENDS,NOT_SURE,NOT_SURE,NOT_SURE,SOMETIMES,YES,SOMETIMES,YES,NO,NO,YES,SOMETIMES,29,MODERATE,16,21,54,46,33,21,15,8,33,31,PRIVATE,NO,FRIENDS,NOT_SURE,NO,NO,NO,NOT_SURE,NO,NOT_SURE,NOT_SURE,NOT_SURE,NOT_SURE,SOMETIMES,NOT_SURE,NOT_SURE,NO,FRIENDS,NOT_SURE,SOMETIMES,NO,NOT_SURE,NO,YES,SOMETIMES,NO,SOMETIMES,NO,NO,SOMETIMES,NO,YES,YES,YES,YES,YES,YES,YES,YES,NOT_SURE,SOMETIMES,NO,SOMETIMES,NO,NOT_SURE,SOMETIMES,YES,SOMETIMES,NOT_SURE,SOMETIMES,YES
SYN-0781,NOT_SURE,YES,NOT_SURE,YES,NOT_SURE,YES,NOT_SURE,YES,PRIVATE,NOT_SURE,YES,NO,SOMETIMES,SOMETIMES,NOT_SURE,NO,NOT_SURE,SOMETIMES,NO,NO,68,HIGH,83,91,72,31,39,50,80,55,67,91,NOT_SURE,YES,NOT_SURE,YES,YES,NOT_SURE,YES,YES,YES,NOT_SURE,YES,NOT_SURE,NOT_SURE,YES,NOT_SURE,YES,SOMETIMES,PRIVATE,SOMETIMES,SOMETIMES,SOMETIMES,NO,NOT_SURE,NO,SOMETIMES,SOMETIMES,SOMETIMES,SOMETIMES,SOMETIMES,NOT_SURE,NOT_SURE,NO,NO,NO,NOT_SURE,NO,SOMETIMES,NOT_SURE,SOMETIMES,SOMETIMES,YES,SOMETIMES,SOMETIMES,YES,SOMETIMES,NOT_SURE,NO,YES,NOT_SURE,NO,NOT_SURE
SYN-0782,FRIENDS,NOT_SURE,YES,YES,NOT_SURE,YES,YES,YES,FRIENDS,NOT_SURE,SOMETIMES,SOMETIMES,NO,SOMETIMES,SOMETIMES,SOMETIMES,YES,YES,SOMETIMES,NO,74,CRITICAL,61,91,64,55,53,86,73,81,100,80,FRIENDS,NOT_SURE,PUBLIC,NOT_SURE,NOT_SURE,YES,YES,YES,YES,YES,YES,NOT_SURE,NOT_SURE,YES,NOT_SURE,SOMETIMES,SOMETIMES,FRIENDS,NOT_SURE,NOT_SURE,SOMETIMES,SOMETIMES,NOT_SURE,SOMETIMES,SOMETIMES,YES,NO,SOMETIMES,SOMETIMES,SOMETIMES,YES,NO,SOMETIMES,NO,NOT_SURE,NOT_SURE,SOMETIMES,NO,NO,YES,YES,YES,YES,YES,YES,NO,SOMETIMES,NOT_SURE,NO,NO,NO
SYN-0783,FRIENDS,YES,NOT_SURE,YES,NOT_SURE,NOT_SURE,NOT_SURE,NOT_SURE,FRIENDS,YES,SOMETIMES,SOMETIMES,SOMETIMES,NO,NOT_SURE,SOMETIMES,SOMETIMES,YES,NO,NO,69,HIGH,53,83,63,50,74,71,64,86,72,86,FRIENDS,SOMETIMES,NOT_SURE,SOMETIMES,YES,NOT_SURE,YES,YES,NOT_SURE,NOT_SURE,NOT_SURE,NOT_SURE,YES,SOMETIMES,NOT_SURE,SOMETIMES,NOT_SURE,FRIENDS,SOMETIMES,SOMETIMES,SOMETIMES,SOMETIMES,YES,NOT_SURE,YES,YES,SOMETIMES,SOMETIMES,YES,NOT_SURE,SOMETIMES,NOT_SURE,SOMETIMES,NO,SOMETIMES,NOT_SURE,NO,NOT_SURE,NO,SOMETIMES,YES,YES,NOT_SURE,NOT_SURE,SOMETIMES,SOMETIMES,NO,NOT_SURE,NOT_SURE,NO,NOT_SURE
SYN-0784,FRIENDS,YES,NO,NOT_SURE,NOT_SURE,NO,NOT_SURE,NOT_SURE,FRIENDS,SOMETIMES,NOT_SURE,SOMETIMES,YES,SOMETIMES,YES,SOMETIMES,NO,NOT_SURE,YES,SOMETIMES,40,MODERATE,43,39,55,38,56,24,15,31,54,31,FRIENDS,SOMETIMES,FRIENDS,NO,YES,NO,NOT_SURE,NO,NO,NOT_SURE,NOT_SURE,SOMETIMES,SOMETIMES,SOMETIMES,NOT_SURE,NOT_SURE,NOT_SURE,FRIENDS,NO,SOMETIMES,SOMETIMES,SOMETIMES,NOT_SURE,NOT_SURE,SOMETIMES,NOT_SURE,YES,NO,SOMETIMES,YES,NO,SOMETIMES,SOMETIMES,YES,SOMETIMES,YES,SOMETIMES,SOMETIMES,YES,NO,NOT_SURE,NOT_SURE,SOMETIMES,NOT_SURE,NO,NOT_SURE,YES,SOMETIMES,NOT_SURE,SOMETIMES,YES
SYN-0785,FRIENDS,YES,NOT_SURE,YES,YES,NOT_SURE,NOT_SURE,NOT_SURE,PUBLIC,NOT_SURE,SOMETIMES,NOT_SURE,SOMETIMES,SOMETIMES,NOT_SURE,NO,NOT_SURE,NOT_SURE,NOT_SURE,NO,71,CRITICAL,60,74,75,88,71,51,78,56,56,84,FRIENDS,NOT_SURE,FRIENDS,YES,YES,NOT_SURE,YES,NOT_SURE,NOT_SURE,NOT_SURE,NOT_SURE,YES,NOT_SURE,SOMETIMES,YES,SOMETIMES,NOT_SURE,PUBLIC,SOMETIMES,YES,YES,NOT_SURE,NOT_SURE,NO,YES,SOMETIMES,SOMETIMES,SOMETIMES,NOT_SURE,NOT_SURE,NOT_SURE,NO,NO,NO,NOT_SURE,NOT_SURE,SOMETIMES,NOT_SURE,SOMETIMES,NOT_SURE,SOMETIMES,NOT_SURE,NOT_SURE,SOMETIMES,NOT_SURE,SOMETIMES,NOT_SURE,YES,NO,NO,SOMETIMES
SYN-0786,PRIVATE,NO,NO,NOT_SURE,NOT_SURE,NOT_SURE,NOT_SURE,NOT_SURE,NOT_SURE,SOMETIMES,NO,YES,YES,YES,YES,NOT_SURE,NO,NOT_SURE,YES,SOMETIMES,40,MODERATE,16,39,29,57,79,31,16,30,73,40,PRIVATE,NO,FRIENDS,NOT_SURE,NO,NO,NOT_SURE,NOT_SURE,NOT_SURE,NOT_SURE,NOT_SURE,NO,SOMETIMES,SOMETIMES,NOT_SURE,NO,NO,NOT_SURE,SOMETIMES,SOMETIMES,SOMETIMES,YES,NOT_SURE,NOT_SURE,NOT_SURE,SOMETIMES,YES,NOT_SURE,NOT_SURE,YES,NO,YES,NOT_SURE,YES,NOT_SURE,YES,YES,SOMETIMES,NOT_SURE,NO,SOMETIMES,NOT_SURE,YES,SOMETIMES,YES,NOT_SURE,YES,NOT_SURE,SOMETIMES,SOMETIMES,NOT_SURE
SYN-0787,FRIENDS,NO,NOT_SURE,NOT_SURE,NOT_SURE,NOT_SURE,NOT_SURE,NOT_SURE,FRIENDS,NOT_SURE,SOMETIMES,NO,YES,SOMETIMES,SOMETIMES,SOMETIMES,NO,SOMETIMES,NOT_SURE,SOMETIMES,41,HIGH,36,47,54,25,31,21,40,55,44,41,FRIENDS,SOMETIMES,PRIVATE,NO,NO,NOT_SURE,NOT_SURE,NOT_SURE,NOT_SURE,NOT_SURE,NOT_SURE,NOT_SURE,NOT_SURE,NOT_SURE,NOT_SURE,SOMETIMES,NO,FRIENDS,NO,NO,SOMETIMES,NO,NOT_SURE,SOMETIMES,SOMETIMES,SOMETIMES,YES,NO,SOMETIMES,SOMETIMES,NO,SOMETIMES,SOMETIMES,SOMETIMES,SOMETIMES,NOT_SURE,SOMETIMES,SOMETIMES,NOT_SURE,SOMETIMES,NOT_SURE,SOMETIMES,NOT_SURE,NO,NO,SOMETIMES,NOT_SURE,SOMETIMES,YES,SOMETIMES,YES
SYN-0788,PUBLIC,NOT_SURE,NOT_SURE,YES,YES,YES,YES,YES,NOT_SURE,SOMETIMES,SOMETIMES,NOT_SURE,YES,YES,SOMETIMES,SOMETIMES,YES,YES,SOMETIMES,SOMETIMES,67,HIGH,71,86,81,54,69,33,65,30,73,60,PUBLIC,SOMETIMES,FRIENDS,SOMETIMES,NOT_SURE,NOT_SURE,YES,YES,YES,YES,YES,YES,SOMETIMES,YES,YES,SOMETIMES,SOMETIMES,NOT_SURE,NOT_SURE,SOMETIMES,NO,NOT_SURE,YES,SOMETIMES,SOMETIMES,NOT_SURE,YES,NOT_SURE,SOMETIMES,SOMETIMES,YES,SOMETIMES,SOMETIMES,NOT_SURE,SOMETIMES,NOT_SURE,YES,NOT_SURE,YES,YES,NOT_SURE,YES,SOMETIMES,YES,YES,SOMETIMES,SOMETIMES,YES,NOT_SURE,SOMETIMES,SOMETIMES
SYN-0789,PUBLIC,YES,NOT_SURE,YES,NOT_SURE,NOT_SURE,NOT_SURE,YES,FRIENDS,NOT_SURE,NOT_SURE,YES,SOMETIMES,NOT_SURE,NO,SOMETIMES,YES,NOT_SURE,NO,NO,70,HIGH,89,77,57,40,89,53,93,46,54,79,PUBLIC,NOT_SURE,PUBLIC,YES,YES,NOT_SURE,YES,NOT_SURE,NOT_SURE,NOT_SURE,YES,SOMETIMES,NOT_SURE,NOT_SURE,NOT_SURE,NOT_SURE,SOMETIMES,FRIENDS,NOT_SURE,NO,SOMETIMES,YES,NOT_SURE,NO,YES,SOMETIMES,SOMETIMES,NOT_SURE,NOT_SURE,NO,YES,NO,SOMETIMES,NO,NO,NO,NOT_SURE,YES,SOMETIMES,NOT_SURE,NOT_SURE,NOT_SURE,SOMETIMES,SOMETIMES,SOMETIMES,SOMETIMES,NO,SOMETIMES,SOMETIMES,NO,SOMETIMES
SYN-0790,NOT_SURE,NO,NOT_SURE,NOT_SURE,YES,NOT_SURE,NOT_SURE,NOT_SURE,FRIENDS,NOT_SURE,NOT_SURE,NO,YES,YES,YES,YES,YES,SOMETIMES,YES,SOMETIMES,42,HIGH,39,47,68,38,24,44,33,33,48,29,NOT_SURE,NO,PRIVATE,NOT_SURE,NO,NOT_SURE,NOT_SURE,NOT_SURE,NOT_SURE,NOT_SURE,NOT_SURE,NOT_SURE,NOT_SURE,NOT_SURE,YES,NOT_SURE,SOMETIMES,FRIENDS,SOMETIMES,NO,SOMETIMES,NO,NOT_SURE,SOMETIMES,NO,YES,YES,NOT_SURE,SOMETIMES,YES,YES,SOMETIMES,YES,YES,NO,YES,YES,SOMETIMES,SOMETIMES,NOT_SURE,NOT_SURE,SOMETIMES,NOT_SURE,SOMETIMES,NOT_SURE,YES,YES,YES,YES,SOMETIMES,YES
SYN-0791,FRIENDS,NO,NO,NOT_SURE,NOT_SURE,NOT_SURE,NOT_SURE,NO,PRIVATE,NO,NO,SOMETIMES,NOT_SURE,SOMETIMES,YES,YES,SOMETIMES,NO,YES,NOT_SURE,25,MODERATE,29,21,22,25,37,53,11,26,20,30,FRIENDS,NO,FRIENDS,NO,NO,NO,NOT_SURE,NO,NOT_SURE,NOT_SURE,NO,NO,NO,SOMETIMES,NOT_SURE,NO,NO,PRIVATE,SOMETIMES,SOMETIMES,NO,SOMETIMES,NO,SOMETIMES,NOT_SURE,SOMETIMES,NOT_SURE,NO,NOT_SURE,YES,SOMETIMES,YES,YES,YES,YES,YES,SOMETIMES,YES,YES,NOT_SURE,NOT_SURE,NO,NO,NO,NOT_SURE,SOMETIMES,YES,NO,NOT_SURE,NOT_SURE,YES
SYN-0792,PUBLIC,NOT_SURE,NOT_SURE,YES,YES,NOT_SURE,NOT_SURE,NOT_SURE,FRIENDS,SOMETIMES,YES,YES,NOT_SURE,NOT_SURE,NO,SOMETIMES,SOMETIMES,SOMETIMES,NOT_SURE,NO,75,CRITICAL,74,74,92,66,84,80,76,69,46,91,PUBLIC,SOMETIMES,NOT_SURE,SOMETIMES,NOT_SURE,NOT_SURE,YES,YES,NOT_SURE,NOT_SURE,NOT_SURE,YES,SOMETIMES,YES,YES,YES,YES,FRIENDS,YES,NOT_SURE,NOT_SURE,YES,NOT_SURE,NOT_SURE,YES,YES,NOT_SURE,YES,SOMETIMES,NO,SOMETIMES,SOMETIMES,SOMETIMES,NO,NOT_SURE,NO,NOT_SURE,NOT_SURE,NOT_SURE,NOT_SURE,SOMETIMES,SOMETIMES,SOMETIMES,NO,SOMETIMES,NOT_SURE,NOT_SURE,YES,NO,NO,NO
SYN-0793,FRIENDS,NOT_SURE,YES,NOT_SURE,NO,NOT_SURE,YES,YES,PRIVATE,NO,NOT_SURE,YES,YES,SOMETIMES,SOMETIMES,YES,NO,NO,YES,SOMETIMES,45,HIGH,53,80,35,21,100,0,19,44,37,37,FRIENDS,SOMETIMES,NOT_SURE,SOMETIMES,NOT_SURE,YES,NOT_SURE,YES,NOT_SURE,YES,YES,NOT_SURE,NO,SOMETIMES,NO,NOT_SURE,SOMETIMES,PRIVATE,NO,NOT_SURE,SOMETIMES,YES,YES,NO,YES,NO,YES,NO,NO,SOMETIMES,NO,SOMETIMES,YES,YES,YES,YES,SOMETIMES,NOT_SURE,YES,NOT_SURE,NOT_SURE,NO,SOMETIMES,SOMETIMES,NO,SOMETIMES,YES,NOT_SURE,SOMETIMES,SOMETIMES,SOMETIMES
SYN-0794,NOT_SURE,NO,NO,NO,NOT_SURE,NO,NOT_SURE,NOT_SURE,FRIENDS,SOMETIMES,NOT_SURE,NO,SOMETIMES,SOMETIMES,SOMETIMES,YES,SOMETIMES,NO,NOT_SURE,SOMETIMES,40,MODERATE,59,21,57,40,33,46,44,38,11,59,NOT_SURE,SOMETIMES,FRIENDS,SOMETIMES,NO,NO,NO,NOT_SURE,NO,NOT_SURE,NOT_SURE,NOT_SURE,SOMETIMES,SOMETIMES,NOT_SURE,NOT_SURE,NOT_SURE,FRIENDS,NOT_SURE,NO,SOMETIMES,NO,NOT_SURE,SOMETIMES,NOT_SURE,NOT_SURE,SOMETIMES,SOMETIMES,NO,SOMETIMES,SOMETIMES,SOMETIMES,YES,SOMETIMES,SOMETIMES,NOT_SURE,SOMETIMES,SOMETIMES,YES,SOMETIMES,SOMETIMES,NO,NO,NO,SOMETIMES,YES,NOT_SURE,SOMETIMES,NOT_SURE,SOMETIMES,SOMETIMES
SYN-0795,PUBLIC,NOT_SURE,NOT_SURE,NOT_SURE,YES,NOT_SURE,NO,NOT_SURE,NOT_SURE,SOMETIMES,SOMETIMES,NOT_SURE,SOMETIMES,NOT_SURE,NOT_SURE,NOT_SURE,NOT_SURE,NOT_SURE,NO,NOT_SURE,62,HIGH,86,43,62,60,69,53,65,56,52,87,PUBLIC,YES,FRIENDS,SOMETIMES,NOT_SURE,NOT_SURE,NOT_SURE,NO,NOT_SURE,NO,NOT_SURE,SOMETIMES,SOMETIMES,SOMETIMES,YES,SOMETIMES,NOT_SURE,NOT_SURE,NOT_SURE,SOMETIMES,SOMETIMES,NOT_SURE,YES,SOMETIMES,SOMETIMES,SOMETIMES,SOMETIMES,NOT_SURE,NOT_SURE,NOT_SURE,NOT_SURE,SOMETIMES,NOT_SURE,SOMETIMES,SOMETIMES,NO,NOT_SURE,NOT_SURE,SOMETIMES,NO,SOMETIMES,NOT_SURE,SOMETIMES,SOMETIMES,SOMETIMES,SOMETIMES,NO,YES,NOT_SURE,NOT_SURE,NO
SYN-0796,NOT_SURE,NO,NOT_SURE,NOT_SURE,YES,NOT_SURE,NOT_SURE,NOT_SURE,PUBLIC,SOMETIMES,YES,YES,NO,YES,SOMETIMES,SOMETIMES,SOMETIMES,NOT_SURE,NO,NOT_SURE,71,CRITICAL,74,47,86,85,96,83,64,43,59,74,NOT_SURE,YES,FRIENDS,NOT_SURE,NO,NOT_SURE,NOT_SURE,NOT_SURE,NOT_SURE,NOT_SURE,NOT_SURE,YES,SOMETIMES,NOT_SURE,YES,YES,YES,PUBLIC,YES,NOT_SURE,NOT_SURE,YES,YES,NOT_SURE,YES,NOT_SURE,NO,YES,NOT_SURE,SOMETIMES,SOMETIMES,NO,SOMETIMES,NO,NOT_SURE,NO,YES,NOT_SURE,NOT_SURE,NOT_SURE,NOT_SURE,NOT_SURE,NOT_SURE,NOT_SURE,NOT_SURE,SOMETIMES,NO,NOT_SURE,SOMETIMES,NOT_SURE,NOT_SURE
SYN-0797,NOT_SURE,YES,NOT_SURE,NO,NO,NOT_SURE,NOT_SURE,NOT_SURE,NOT_SURE,YES,SOMETIMES,SOMETIMES,YES,NO,YES,NOT_SURE,SOMETIMES,NO,SOMETIMES,NO,54,HIGH,47,60,58,57,54,30,44,81,47,79,NOT_SURE,NO,NOT_SURE,SOMETIMES,YES,NOT_SURE,NO,NOT_SURE,NOT_SURE,NOT_SURE,NOT_SURE,YES,YES,SOMETIMES,NO,SOMETIMES,NOT_SURE,NOT_SURE,SOMETIMES,SOMETIMES,SOMETIMES,SOMETIMES,NOT_SURE,SOMETIMES,NOT_SURE,SOMETIMES,YES,SOMETIMES,NOT_SURE,YES,SOMETIMES,SOMETIMES,NOT_SURE,NO,SOMETIMES,SOMETIMES,NO,NO,SOMETIMES,SOMETIMES,SOMETIMES,NO,NOT_SURE,NOT_SURE,NOT_SURE,NOT_SURE,SOMETIMES,YES,NO,NO,SOMETIMES
SYN-0798,NOT_SURE,NOT_SURE,NOT_SURE,NO,NOT_SURE,NOT_SURE,NOT_SURE,NOT_SURE,FRIENDS,NO,NO,NO,NOT_SURE,NOT_SURE,NOT_SURE,NOT_SURE,SOMETIMES,SOMETIMES,YES,SOMETIMES,49,HIGH,59,51,28,46,31,54,63,81,67,21,NOT_SURE,SOMETIMES,FRIENDS,SOMETIMES,NOT_SURE,NOT_SURE,NO,NOT_SURE,NOT_SURE,NOT_SURE,NOT_SURE,NOT_SURE,NO,NO,NOT_SURE,NO,NO,FRIENDS,NO,NOT_SURE,YES,NO,NOT_SURE,SOMETIMES,SOMETIMES,NOT_SURE,NOT_SURE,NO,SOMETIMES,NOT_SURE,SOMETIMES,SOMETIMES,NOT_SURE,NOT_SURE,SOMETIMES,NOT_SURE,NOT_SURE,NO,NOT_SURE,YES,SOMETIMES,SOMETIMES,YES,SOMETIMES,SOMETIMES,NOT_SURE,YES,NO,YES,SOMETIMES,SOMETIMES
SYN-0799,FRIENDS,NOT_SURE,NOT_SURE,NOT_SURE,NO,NO,NOT_SURE,NOT_SURE,PRIVATE,NOT_SURE,NOT_SURE,NO,NO,SOMETIMES,NOT_SURE,NOT_SURE,NO,NOT_SURE,YES,SOMETIMES,44,HIGH,54,39,38,34,39,81,49,49,48,29,FRIENDS,SOMETIMES,NOT_SURE,NOT_SURE,NOT_SURE,NOT_SURE,NOT_SURE,NO,NO,NOT_SURE,NOT_SURE,SOMETIMES,NOT_SURE,SOMETIMES,NO,NOT_SURE,NO,PRIVATE,SOMETIMES,NOT_SURE,SOMETIMES,NO,NOT_SURE,SOMETIMES,YES,NOT_SURE,NO,SOMETIMES,YES,NOT_SURE,NO,NOT_SURE,NOT_SURE,SOMETIMES,SOMETIMES,SOMETIMES,SOMETIMES,SOMETIMES,NOT_SURE,NO,YES,NOT_SURE,NO,SOMETIMES,SOMETIMES,NOT_SURE,YES,NO,SOMETIMES,SOMETIMES,SOMETIMES
SYN-0800,PRIVATE,NO,NO,YES,NO,NOT_SURE,NO,NO,PRIVATE,NO,NOT_SURE,NO,YES,NOT_SURE,YES,YES,NO,NO,YES,SOMETIMES,22,MODERATE,14,36,41,28,7,7,13,39,0,21,PRIVATE,SOMETIMES,PRIVATE,NO,NO,NO,YES,NOT_SURE,NOT_SURE,NO,NO,SOMETIMES,NO,YES,NO,NOT_SURE,NOT_SURE,PRIVATE,SOMETIMES,NOT_SURE,NO,NO,NO,YES,SOMETIMES,NO,YES,SOMETIMES,NO,YES,NO,SOMETIMES,YES,SOMETIMES,YES,SOMETIMES,NOT_SURE,YES,SOMETIMES,NO,NO,NO,NO,NO,NO,YES,YES,NO,YES,SOMETIMES,SOMETIMES
SYN-0801,FRIENDS,NOT_SURE,NOT_SURE,NOT_SURE,NOT_SURE,NOT_SURE,NO,YES,NOT_SURE,NOT_SURE,NOT_SURE,YES,SOMETIMES,SOMETIMES,YES,NOT_SURE,SOMETIMES,NO,YES,SOMETIMES,50,HIGH,56,67,42,48,74,56,41,31,33,36,FRIENDS,NOT_SURE,NOT_SURE,SOMETIMES,NOT_SURE,NOT_SURE,NOT_SURE,YES,NOT_SURE,NO,YES,NO,NOT_SURE,NOT_SURE,NOT_SURE,NOT_SURE,NO,NOT_SURE,NO,NOT_SURE,SOMETIMES,YES,NOT_SURE,SOMETIMES,SOMETIMES,NOT_SURE,SOMETIMES,NOT_SURE,NOT_SURE,YES,SOMETIMES,SOMETIMES,NOT_SURE,SOMETIMES,NOT_SURE,NOT_SURE,SOMETIMES,YES,YES,YES,SOMETIMES,NO,SOMETIMES,NO,NOT_SURE,SOMETIMES,YES,SOMETIMES,SOMETIMES,SOMETIMES,SOMETIMES
SYN-0802,PRIVATE,NO,NOT_SURE,NOT_SURE,NO,NOT_SURE,NOT_SURE,NO,NOT_SURE,NO,NO,NO,SOMETIMES,YES,YES,YES,NOT_SURE,NO,NOT_SURE,YES,24,MODERATE,21,30,13,46,14,43,17,6,23,34,PRIVATE,SOMETIMES,FRIENDS,NO,NO,NOT_SURE,NOT_SURE,NO,NOT_SURE,NOT_SURE,NO,NO,NO,NOT_SURE,NO,NO,SOMETIMES,NOT_SURE,NO,SOMETIMES,NOT_SURE,NO,NO,SOMETIMES,SOMETIMES,SOMETIMES,SOMETIMES,NO,SOMETIMES,YES,NOT_SURE,YES,YES,YES,SOMETIMES,YES,YES,YES,YES,SOMETIMES,NO,NO,NO,NOT_SURE,NO,NO,NOT_SURE,SOMETIMES,SOMETIMES,YES,YES
SYN-0803,PUBLIC,NOT_SURE,NOT_SURE,YES,YES,NOT_SURE,NOT_SURE,NOT_SURE,NOT_SURE,NOT_SURE,NOT_SURE,SOMETIMES,NOT_SURE,NOT_SURE,NOT_SURE,SOMETIMES,YES,NOT_SURE,NOT_SURE,NOT_SURE,71,CRITICAL,81,53,84,74,67,63,76,81,61,71,PUBLIC,NOT_SURE,PUBLIC,SOMETIMES,NOT_SURE,NOT_SURE,YES,NO,NOT_SURE,NOT_SURE,NOT_SURE,YES,NOT_SURE,YES,YES,NOT_SURE,SOMETIMES,NOT_SURE,YES,NOT_SURE,NOT_SURE,SOMETIMES,YES,NOT_SURE,SOMETIMES,NOT_SURE,NOT_SURE,SOMETIMES,NOT_SURE,NOT_SURE,YES,NOT_SURE,SOMETIMES,NO,NOT_SURE,SOMETIMES,NOT_SURE,NOT_SURE,NO,YES,YES,NOT_SURE,SOMETIMES,NOT_SURE,SOMETIMES,SOMETIMES,NOT_SURE,SOMETIMES,NO,NOT_SURE,NOT_SURE
SYN-0804,FRIENDS,YES,NOT_SURE,NOT_SURE,NO,NOT_SURE,NO,NOT_SURE,PRIVATE,NO,NOT_SURE,SOMETIMES,SOMETIMES,SOMETIMES,YES,YES,NO,SOMETIMES,YES,SOMETIMES,34,MODERATE,50,64,17,6,40,30,9,61,44,33,FRIENDS,SOMETIMES,FRIENDS,SOMETIMES,YES,NOT_SURE,NOT_SURE,NOT_SURE,NOT_SURE,NO,NOT_SURE,NO,NO,SOMETIMES,NO,NOT_SURE,NO,PRIVATE,NO,NO,SOMETIMES,SOMETIMES,NO,NOT_SURE,NOT_SURE,NO,SOMETIMES,NOT_SURE,NO,YES,NO,YES,YES,YES,NOT_SURE,SOMETIMES,SOMETIMES,SOMETIMES,NOT_SURE,YES,NO,SOMETIMES,SOMETIMES,NOT_SURE,SOMETIMES,SOMETIMES,YES,NOT_SURE,NOT_SURE,SOMETIMES,YES
SYN-0805,FRIENDS,NOT_SURE,YES,YES,YES,YES,NOT_SURE,YES,FRIENDS,SOMETIMES,SOMETIMES,SOMETIMES,NOT_SURE,NOT_SURE,NOT_SURE,NOT_SURE,SOMETIMES,NO,NOT_SURE,SOMETIMES,57,HIGH,36,89,64,54,46,76,51,46,43,60,FRIENDS,NO,FRIENDS,SOMETIMES,NOT_SURE,YES,YES,YES,YES,NOT_SURE,YES,SOMETIMES,SOMETIMES,NOT_SURE,YES,SOMETIMES,NOT_SURE,FRIENDS,SOMETIMES,NOT_SURE,NOT_SURE,SOMETIMES,NOT_SURE,SOMETIMES,NO,YES,NOT_SURE,NOT_SURE,NOT_SURE,NOT_SURE,SOMETIMES,YES,NOT_SURE,SOMETIMES,SOMETIMES,YES,NOT_SURE,SOMETIMES,YES,NOT_SURE,SOMETIMES,NO,SOMETIMES,YES,NO,SOMETIMES,NOT_SURE,NOT_SURE,NOT_SURE,SOMETIMES,SOMETIMES
SYN-0806,FRIENDS,NOT_SURE,NO,NOT_SURE,YES,NO,NO,NOT_SURE,PRIVATE,NOT_SURE,NOT_SURE,SOMETIMES,SOMETIMES,YES,YES,SOMETIMES,NO,NO,YES,YES,30,MODERATE,36,39,67,19,53,36,7,0,0,7,FRIENDS,NO,FRIENDS,SOMETIMES,NOT_SURE,NO,NOT_SURE,NOT_SURE,NO,NO,NOT_SURE,SOMETIMES,NOT_SURE,NOT_SURE,YES,NOT_SURE,NOT_SURE,PRIVATE,SOMETIMES,NO,SOMETIMES,SOMETIMES,NOT_SURE,SOMETIMES,SOMETIMES,NO,SOMETIMES,SOMETIMES,SOMETIMES,YES,NO,YES,SOMETIMES,YES,YES,YES,YES,YES,YES,NO,NO,NO,NO,NO,NO,YES,YES,NO,SOMETIMES,YES,YES
SYN-0807,PRIVATE,NOT_SURE,NO,NO,NO,NO,NOT_SURE,NOT_SURE,PRIVATE,SOMETIMES,NO,NO,YES,YES,YES,NOT_SURE,SOMETIMES,NOT_SURE,SOMETIMES,SOMETIMES,24,MODERATE,7,34,19,13,0,7,34,13,48,53,PRIVATE,NO,PRIVATE,SOMETIMES,NOT_SURE,NO,NO,NOT_SURE,NO,NOT_SURE,NOT_SURE,NO,SOMETIMES,SOMETIMES,NO,NO,SOMETIMES,PRIVATE,SOMETIMES,NO,NO,NO,NO,YES,NO,NO,YES,NO,SOMETIMES,YES,SOMETIMES,SOMETIMES,NOT_SURE,YES,NOT_SURE,SOMETIMES,YES,SOMETIMES,YES,NO,SOMETIMES,NOT_SURE,SOMETIMES,NO,SOMETIMES,NOT_SURE,SOMETIMES,SOMETIMES,NOT_SURE,SOMETIMES,SOMETIMES
SYN-0808,PRIVATE,NO,NOT_SURE,NOT_SURE,NOT_SURE,NOT_SURE,NO,NOT_SURE,FRIENDS,SOMETIMES,SOMETIMES,NO,YES,SOMETIMES,NOT_SURE,YES,NO,NO,YES,YES,23,MODERATE,7,30,38,65,0,14,21,19,7,9,PRIVATE,NO,PRIVATE,SOMETIMES,NO,NOT_SURE,NOT_SURE,NO,NOT_SURE,NO,NOT_SURE,NO,SOMETIMES,NOT_SURE,NOT_SURE,SOMETIMES,NO,FRIENDS,YES,NOT_SURE,SOMETIMES,NO,NO,YES,NO,SOMETIMES,YES,NO,NO,NOT_SURE,NO,YES,YES,YES,YES,YES,SOMETIMES,YES,YES,NO,NO,NO,NO,SOMETIMES,NO,YES,YES,NOT_SURE,YES,YES,YES
SYN-0809,PRIVATE,NOT_SURE,NO,NO,NOT_SURE,NOT_SURE,NO,NO,PRIVATE,NO,NO,NOT_SURE,YES,NOT_SURE,SOMETIMES,SOMETIMES,SOMETIMES,NO,YES,YES,21,MODERATE,30,21,14,0,26,36,37,32,0,19,PRIVATE,SOMETIMES,FRIENDS,NOT_SURE,NOT_SURE,NO,NO,NO,NOT_SURE,NO,NO,NO,NO,NO,NOT_SURE,NO,NO,PRIVATE,NO,NO,NO,NOT_SURE,NO,YES,NO,SOMETIMES,YES,YES,SOMETIMES,SOMETIMES,SOMETIMES,YES,SOMETIMES,YES,SOMETIMES,YES,NOT_SURE,YES,YES,SOMETIMES,NO,NO,NO,NO,NO,YES,YES,NOT_SURE,NOT_SURE,YES,YES
SYN-0810,PRIVATE,NOT_SURE,NO,NO,NO,NO,NO,NOT_SURE,PRIVATE,NO,NO,NO,SOMETIMES,NOT_SURE,SOMETIMES,YES,NO,SOMETIMES,YES,YES,15,LOW,0,17,0,21,0,21,15,45,46,7,PRIVATE,NO,PRIVATE,NO,NOT_SURE,NO,NO,NO,NO,NO,NOT_SURE,NO,NO,NO,NO,NO,NO,PRIVATE,NO,NOT_SURE,SOMETIMES,NO,NO,YES,NO,NO,SOMETIMES,NO,NO,SOMETIMES,NO,YES,YES,YES,YES,YES,NOT_SURE,YES,SOMETIMES,SOMETIMES,NO,SOMETIMES,NOT_SURE,SOMETIMES,NOT_SURE,SOMETIMES,YES,NO,SOMETIMES,YES,YES
SYN-0811,PRIVATE,NO,NOT_SURE,NO,NO,NO,NO,NO,NOT_SURE,NO,NO,NOT_SURE,SOMETIMES,YES,SOMETIMES,YES,NO,NOT_SURE,NOT_SURE,YES,22,MODERATE,24,9,0,26,26,57,19,0,64,30,PRIVATE,NOT_SURE,FRIENDS,NO,NO,NOT_SURE,NO,NO,NO,NO,NO,NO,NO,NO,NO,NO,NO,NOT_SURE,NO,NO,NO,NOT_SURE,NO,YES,NO,YES,SOMETIMES,NO,SOMETIMES,SOMETIMES,NO,YES,YES,YES,SOMETIMES,YES,YES,YES,YES,NO,NOT_SURE,NOT_SURE,SOMETIMES,SOMETIMES,YES,NO,NOT_SURE,NO,YES,YES,NOT_SURE
SYN-0812,PRIVATE,NO,NO,NO,NO,NO,NOT_SURE,NO,PRIVATE,NOT_SURE,NO,NO,YES,YES,SOMETIMES,SOMETIMES,NO,SOMETIMES,YES,YES,14,LOW,21,4,21,0,0,0,30,0,39,0,PRIVATE,SOMETIMES,PRIVATE,SOMETIMES,NO,NO,NO,NO,NO,NOT_SURE,NO,NO,NOT_SURE,SOMETIMES,NO,NO,SOMETIMES,PRIVATE,NO,NO,NO,NO,NO,YES,NO,NO,YES,NO,NO,SOMETIMES,NO,SOMETIMES,SOMETIMES,YES,SOMETIMES,YES,YES,YES,YES,NO,SOMETIMES,SOMETIMES,NOT_SURE,NO,NOT_SURE,YES,YES,NO,YES,YES,YES
SYN-0813,FRIENDS,YES,YES,NOT_SURE,YES,NOT_SURE,NO,NOT_SURE,PRIVATE,YES,SOMETIMES,SOMETIMES,NO,NO,NOT_SURE,NO,SOMETIMES,NOT_SURE,NOT_SURE,NO,66,HIGH,59,70,83,19,46,100,72,95,55,87,FRIENDS,SOMETIMES,PUBLIC,NOT_SURE,YES,YES,NOT_SURE,NOT_SURE,NOT_SURE,NO,NOT_SURE,NOT_SURE,YES,YES,YES,SOMETIMES,YES,PRIVATE,SOMETIMES,NO,SOMETIMES,SOMETIMES,NOT_SURE,YES,SOMETIMES,YES,NO,YES,YES,NOT_SURE,SOMETIMES,NOT_SURE,NO,NOT_SURE,NOT_SURE,NO,NO,NO,NO,NOT_SURE,NOT_SURE,NOT_SURE,SOMETIMES,NOT_SURE,SOMETIMES,SOMETIMES,NOT_SURE,YES,NOT_SURE,NO,NO
SYN-0814,FRIENDS,NOT_SURE,NOT_SURE,NOT_SURE,NOT_SURE,NO,NOT_SURE,NOT_SURE,FRIENDS,SOMETIMES,NOT_SURE,YES,YES,SOMETIMES,SOMETIMES,YES,NOT_SURE,NO,SOMETIMES,NOT_SURE,44,HIGH,30,39,45,44,76,30,41,49,39,50,FRIENDS,NO,PRIVATE,NOT_SURE,NOT_SURE,NOT_SURE,NOT_SURE,NO,NO,NOT_SURE,NOT_SURE,NOT_SURE,SOMETIMES,NO,NOT_SURE,NOT_SURE,NO,FRIENDS,SOMETIMES,SOMETIMES,NO,YES,NOT_SURE,SOMETIMES,NOT_SURE,SOMETIMES,YES,NOT_SURE,SOMETIMES,SOMETIMES,NOT_SURE,NOT_SURE,YES,NOT_SURE,YES,YES,SOMETIMES,YES,NOT_SURE,YES,SOMETIMES,NO,SOMETIMES,SOMETIMES,NO,NOT_SURE,SOMETIMES,NOT_SURE,YES,NOT_SURE,SOMETIMES
SYN-0815,FRIENDS,YES,YES,NOT_SURE,YES,NOT_SURE,NOT_SURE,YES,FRIENDS,YES,YES,YES,YES,NO,SOMETIMES,NO,NOT_SURE,SOMETIMES,NO,SOMETIMES,74,CRITICAL,53,77,92,56,93,40,73,94,67,77,FRIENDS,NOT_SURE,FRIENDS,SOMETIMES,YES,YES,NOT_SURE,NOT_SURE,NOT_SURE,NOT_SURE,YES,YES,YES,SOMETIMES,YES,YES,YES,FRIENDS,SOMETIMES,SOMETIMES,YES,YES,YES,NO,SOMETIMES,NOT_SURE,YES,YES,NOT_SURE,SOMETIMES,NOT_SURE,NO,NO,NO,NO,SOMETIMES,NO,NO,NO,SOMETIMES,YES,SOMETIMES,SOMETIMES,YES,SOMETIMES,NOT_SURE,NO,YES,NOT_SURE,SOMETIMES,NOT_SURE
SYN-0816,NOT_SURE,NO,YES,NOT_SURE,NOT_SURE,YES,YES,YES,FRIENDS,YES,NOT_SURE,SOMETIMES,NO,NO,SOMETIMES,SOMETIMES,SOMETIMES,YES,NO,NOT_SURE,67,HIGH,73,73,65,59,69,73,57,63,72,74,NOT_SURE,YES,FRIENDS,SOMETIMES,NO,YES,NOT_SURE,YES,YES,YES,YES,NOT_SURE,YES,NOT_SURE,NOT_SURE,NOT_SURE,SOMETIMES,FRIENDS,NOT_SURE,SOMETIMES,YES,SOMETIMES,YES,NOT_SURE,NOT_SURE,SOMETIMES,NO,SOMETIMES,NOT_SURE,SOMETIMES,SOMETIMES,SOMETIMES,SOMETIMES,NO,NOT_SURE,SOMETIMES,NO,SOMETIMES,YES,YES,YES,YES,SOMETIMES,NOT_SURE,SOMETIMES,NOT_SURE,NO,NOT_SURE,NOT_SURE,NOT_SURE,SOMETIMES
SYN-0817,NOT_SURE,NOT_SURE,NOT_SURE,NOT_SURE,NOT_SURE,NO,NOT_SURE,NOT_SURE,NOT_SURE,NO,NO,SOMETIMES,YES,NOT_SURE,YES,NOT_SURE,SOMETIMES,NOT_SURE,SOMETIMES,SOMETIMES,40,MODERATE,54,51,22,48,39,31,30,46,39,63,NOT_SURE,NOT_SURE,PRIVATE,SOMETIMES,NOT_SURE,NOT_SURE,NOT_SURE,NOT_SURE,NO,NOT_SURE,NOT_SURE,NO,NO,SOMETIMES,NOT_SURE,NO,NO,NOT_SURE,NO,NOT_SURE,SOMETIMES,SOMETIMES,NOT_SURE,YES,NO,NOT_SURE,YES,SOMETIMES,SOMETIMES,YES,SOMETIMES,NOT_SURE,NOT_SURE,YES,SOMETIMES,YES,NOT_SURE,YES,SOMETIMES,NOT_SURE,NOT_SURE,NOT_SURE,NO,SOMETIMES,SOMETIMES,SOMETIMES,SOMETIMES,YES,NOT_SURE,SOMETIMES,NOT_SURE
SYN-0818,PRIVATE,NOT_SURE,NOT_SURE,NO,NO,NOT_SURE,NOT_SURE,NO,PRIVATE,NO,SOMETIMES,SOMETIMES,NOT_SURE,YES,YES,YES,NO,SOMETIMES,YES,YES,25,MODERATE,24,47,8,15,47,30,4,13,39,23,PRIVATE,SOMETIMES,NOT_SURE,NO,NOT_SURE,NOT_SURE,NO,NOT_SURE,NOT_SURE,NOT_SURE,NO,NO,NO,NO,NO,SOMETIMES,NO,PRIVATE,NOT_SURE,NO,NO,SOMETIMES,NOT_SURE,YES,NOT_SURE,NO,NOT_SURE,NO,NO,YES,NO,YES,YES,YES,SOMETIMES,YES,YES,YES,SOMETIMES,NO,NOT_SURE,SOMETIMES,NO,NOT_SURE,NOT_SURE,SOMETIMES,YES,NOT_SURE,SOMETIMES,YES,SOMETIMES
SYN-0819,PRIVATE,NOT_SURE,NO,NOT_SURE,NO,NOT_SURE,NO,NOT_SURE,PRIVATE,SOMETIMES,NO,NO,SOMETIMES,SOMETIMES,SOMETIMES,SOMETIMES,SOMETIMES,NO,SOMETIMES,SOMETIMES,25,MODERATE,7,34,17,28,24,36,43,31,0,37,PRIVATE,NO,FRIENDS,NO,NOT_SURE,NO,NOT_SURE,NO,NOT_SURE,NO,NOT_SURE,NO,SOMETIMES,NOT_SURE,NO,NO,NO,PRIVATE,SOMETIMES,NOT_SURE,NO,NO,NOT_SURE,SOMETIMES,NO,NO,SOMETIMES,YES,NO,SOMETIMES,SOMETIMES,YES,SOMETIMES,SOMETIMES,SOMETIMES,YES,SOMETIMES,YES,SOMETIMES,NO,NO,NO,NO,NO,NO,YES,SOMETIMES,NOT_SURE,YES,SOMETIMES,YES
SYN-0820,PUBLIC,YES,YES,YES,YES,YES,NO,YES,NOT_SURE,SOMETIMES,SOMETIMES,NOT_SURE,NOT_SURE,NOT_SURE,SOMETIMES,NOT_SURE,YES,YES,NO,SOMETIMES,77,CRITICAL,96,84,82,63,79,74,75,64,67,74,PUBLIC,YES,NOT_SURE,YES,YES,YES,YES,NOT_SURE,YES,NO,YES,YES,SOMETIMES,YES,YES,SOMETIMES,NOT_SURE,NOT_SURE,NOT_SURE,NOT_SURE,SOMETIMES,NOT_SURE,YES,NOT_SURE,YES,YES,NOT_SURE,NOT_SURE,SOMETIMES,SOMETIMES,YES,NO,NOT_SURE,NO,SOMETIMES,NOT_SURE,NOT_SURE,SOMETIMES,SOMETIMES,YES,SOMETIMES,YES,SOMETIMES,SOMETIMES,YES,NOT_SURE,NO,YES,NOT_SURE,SOMETIMES,SOMETIMES
SYN-0821,FRIENDS,NO,NO,NOT_SURE,NOT_SURE,NO,NO,NO,PRIVATE,SOMETIMES,NO,SOMETIMES,SOMETIMES,SOMETIMES,SOMETIMES,YES,NO,SOMETIMES,SOMETIMES,YES,28,MODERATE,39,9,33,13,29,50,24,36,46,21,FRIENDS,NOT_SURE,PRIVATE,NO,NO,NO,NOT_SURE,NO,NO,NO,NO,SOMETIMES,SOMETIMES,NO,NOT_SURE,NO,NO,PRIVATE,NO,SOMETIMES,NO,SOMETIMES,NO,YES,SOMETIMES,SOMETIMES,SOMETIMES,SOMETIMES,SOMETIMES,SOMETIMES,NO,YES,YES,YES,SOMETIMES,NOT_SURE,SOMETIMES,YES,NOT_SURE,NO,NO,SOMETIMES,NOT_SURE,SOMETIMES,SOMETIMES,SOMETIMES,SOMETIMES,NO,SOMETIMES,YES,YES
SYN-0822,FRIENDS,YES,YES,YES,NOT_SURE,YES,YES,NOT_SURE,PUBLIC,NOT_SURE,YES,YES,SOMETIMES,NO,SOMETIMES,NOT_SURE,SOMETIMES,YES,NO,SOMETIMES,80,CRITICAL,53,97,78,100,94,59,57,88,90,76,FRIENDS,SOMETIMES,NOT_SURE,SOMETIMES,YES,YES,YES,YES,YES,YES,NOT_SURE,YES,NOT_SURE,NOT_SURE,NOT_SURE,YES,YES,PUBLIC,YES,YES,YES,YES,YES,NO,NOT_SURE,SOMETIMES,SOMETIMES,NOT_SURE,YES,SOMETIMES,SOMETIMES,SOMETIMES,NOT_SURE,NOT_SURE,SOMETIMES,NOT_SURE,NO,NO,NOT_SURE,NOT_SURE,NOT_SURE,YES,YES,YES,YES,NOT_SURE,NO,NOT_SURE,NOT_SURE,SOMETIMES,NO
SYN-0823,NOT_SURE,YES,YES,NOT_SURE,YES,YES,YES,NOT_SURE,PUBLIC,NOT_SURE,SOMETIMES,SOMETIMES,NOT_SURE,YES,NO,NO,NOT_SURE,YES,NO,YES,68,HIGH,61,83,67,83,47,69,80,38,67,51,NOT_SURE,NOT_SURE,FRIENDS,SOMETIMES,YES,YES,NOT_SURE,NOT_SURE,YES,YES,NOT_SURE,NOT_SURE,NOT_SURE,NOT_SURE,YES,SOMETIMES,SOMETIMES,PUBLIC,YES,SOMETIMES,NOT_SURE,SOMETIMES,NOT_SURE,YES,NOT_SURE,NOT_SURE,NOT_SURE,SOMETIMES,YES,NO,NOT_SURE,SOMETIMES,NO,NOT_SURE,NO,SOMETIMES,YES,SOMETIMES,SOMETIMES,YES,NOT_SURE,YES,SOMETIMES,NOT_SURE,YES,SOMETIMES,NO,NOT_SURE,SOMETIMES,YES,SOMETIMES
SYN-0824,PUBLIC,NOT_SURE,NO,NOT_SURE,NOT_SURE,NOT_SURE,NOT_SURE,NOT_SURE,PRIVATE,SOMETIMES,SOMETIMES,NO,YES,YES,SOMETIMES,YES,YES,NOT_SURE,SOMETIMES,NOT_SURE,47,HIGH,64,39,60,21,31,29,53,33,69,56,PUBLIC,SOMETIMES,PRIVATE,SOMETIMES,NOT_SURE,NO,NOT_SURE,NO,NOT_SURE,NOT_SURE,NOT_SURE,SOMETIMES,SOMETIMES,YES,NOT_SURE,SOMETIMES,SOMETIMES,PRIVATE,NO,NOT_SURE,SOMETIMES,NO,NOT_SURE,SOMETIMES,SOMETIMES,SOMETIMES,YES,SOMETIMES,SOMETIMES,SOMETIMES,YES,YES,YES,NO,YES,NOT_SURE,YES,SOMETIMES,SOMETIMES,NOT_SURE,SOMETIMES,NOT_SURE,NOT_SURE,YES,YES,NOT_SURE,SOMETIMES,SOMETIMES,SOMETIMES,NOT_SURE,SOMETIMES
SYN-0825,PUBLIC,NOT_SURE,NO,NOT_SURE,YES,YES,NOT_SURE,NOT_SURE,PRIVATE,NOT_SURE,YES,YES,NOT_SURE,SOMETIMES,YES,SOMETIMES,NO,NOT_SURE,YES,SOMETIMES,58,HIGH,84,57,73,35,89,80,20,31,64,47,PUBLIC,NOT_SURE,NOT_SURE,YES,NOT_SURE,NO,NOT_SURE,NOT_SURE,YES,NOT_SURE,NOT_SURE,SOMETIMES,NOT_SURE,NOT_SURE,YES,YES,NOT_SURE,PRIVATE,SOMETIMES,NOT_SURE,NOT_SURE,YES,YES,NOT_SURE,SOMETIMES,YES,NOT_SURE,YES,SOMETIMES,YES,NO,SOMETIMES,SOMETIMES,SOMETIMES,YES,SOMETIMES,SOMETIMES,SOMETIMES,YES,NO,NOT_SURE,NOT_SURE,SOMETIMES,YES,NOT_SURE,NOT_SURE,YES,NOT_SURE,NOT_SURE,SOMETIMES,NO
SYN-0826,PUBLIC,NO,NOT_SURE,YES,NO,NOT_SURE,NOT_SURE,YES,NOT_SURE,NOT_SURE,SOMETIMES,NOT_SURE,SOMETIMES,NOT_SURE,YES,YES,NO,SOMETIMES,YES,SOMETIMES,42,HIGH,64,56,28,59,26,56,4,74,55,37,PUBLIC,SOMETIMES,FRIENDS,NO,NO,NOT_SURE,YES,NOT_SURE,NOT_SURE,NOT_SURE,YES,NO,NOT_SURE,SOMETIMES,NO,SOMETIMES,SOMETIMES,NOT_SURE,SOMETIMES,SOMETIMES,NOT_SURE,NOT_SURE,NO,YES,NO,NOT_SURE,SOMETIMES,NOT_SURE,NOT_SURE,YES,NO,SOMETIMES,YES,YES,YES,YES,NOT_SURE,NOT_SURE,NOT_SURE,YES,SOMETIMES,SOMETIMES,SOMETIMES,NOT_SURE,NO,NO,YES,NOT_SURE,SOMETIMES,SOMETIMES,SOMETIMES
SYN-0827,PUBLIC,YES,NOT_SURE,NOT_SURE,NOT_SURE,NOT_SURE,NO,NOT_SURE,NOT_SURE,NOT_SURE,NOT_SURE,NOT_SURE,SOMETIMES,SOMETIMES,NO,NO,YES,NO,SOMETIMES,NOT_SURE,66,HIGH,76,64,75,70,53,51,89,56,35,51,PUBLIC,SOMETIMES,NOT_SURE,NOT_SURE,YES,NOT_SURE,NOT_SURE,NOT_SURE,NOT_SURE,NO,NOT_SURE,YES,NOT_SURE,YES,NOT_SURE,NOT_SURE,NOT_SURE,NOT_SURE,SOMETIMES,YES,SOMETIMES,NOT_SURE,NOT_SURE,NOT_SURE,NO,SOMETIMES,SOMETIMES,NOT_SURE,SOMETIMES,NO,YES,NOT_SURE,NO,NOT_SURE,SOMETIMES,NOT_SURE,SOMETIMES,NOT_SURE,SOMETIMES,NOT_SURE,SOMETIMES,NO,NOT_SURE,NO,SOMETIMES,SOMETIMES,SOMETIMES,SOMETIMES,YES,NOT_SURE,NOT_SURE
SYN-0828,PRIVATE,NO,NO,NOT_SURE,NO,NOT_SURE,NOT_SURE,NOT_SURE,PRIVATE,NO,NO,NO,YES,SOMETIMES,NOT_SURE,NOT_SURE,NOT_SURE,NOT_SURE,YES,YES,27,MODERATE,23,39,0,19,7,21,59,38,41,16,PRIVATE,SOMETIMES,PRIVATE,NOT_SURE,NO,NO,NOT_SURE,NOT_SURE,NOT_SURE,NOT_SURE,NOT_SURE,NO,NO,NO,NO,NO,NO,PRIVATE,NO,SOMETIMES,SOMETIMES,NO,NO,SOMETIMES,NO,SOMETIMES,YES,NO,SOMETIMES,NOT_SURE,NOT_SURE,NOT_SURE,NOT_SURE,YES,SOMETIMES,NOT_SURE,SOMETIMES,SOMETIMES,YES,SOMETIMES,SOMETIMES,NOT_SURE,NOT_SURE,NO,SOMETIMES,YES,YES,NOT_SURE,SOMETIMES,YES,YES
SYN-0829,FRIENDS,NOT_SURE,NOT_SURE,YES,NOT_SURE,NOT_SURE,NO,NO,PRIVATE,NO,NOT_SURE,SOMETIMES,SOMETIMES,SOMETIMES,SOMETIMES,SOMETIMES,SOMETIMES,NO,YES,YES,33,MODERATE,29,44,48,0,54,30,39,26,16,16,FRIENDS,NO,PRIVATE,SOMETIMES,NOT_SURE,NOT_SURE,YES,NO,NOT_SURE,NO,NO,NOT_SURE,NO,SOMETIMES,NOT_SURE,NOT_SURE,SOMETIMES,PRIVATE,NO,NO,NO,SOMETIMES,NOT_SURE,SOMETIMES,NOT_SURE,NO,SOMETIMES,NOT_SURE,NO,SOMETIMES,SOMETIMES,YES,SOMETIMES,SOMETIMES,YES,YES,SOMETIMES,YES,YES,NOT_SURE,NOT_SURE,NO,NO,SOMETIMES,NO,YES,YES,NOT_SURE,YES,YES,SOMETIMES
SYN-0830,FRIENDS,NOT_SURE,NOT_SURE,YES,YES,YES,NOT_SURE,NOT_SURE,PUBLIC,NO,NOT_SURE,NOT_SURE,NOT_SURE,SOMETIMES,NOT_SURE,NOT_SURE,NOT_SURE,NOT_SURE,SOMETIMES,NOT_SURE,63,HIGH,50,71,56,85,71,54,65,44,55,67,FRIENDS,SOMETIMES,FRIENDS,SOMETIMES,NOT_SURE,NOT_SURE,YES,NOT_SURE,YES,NOT_SURE,NOT_SURE,SOMETIMES,NO,SOMETIMES,YES,NOT_SURE,NOT_SURE,PUBLIC,NOT_SURE,YES,NOT_SURE,NOT_SURE,YES,NOT_SURE,SOMETIMES,NOT_SURE,NOT_SURE,NO,SOMETIMES,NOT_SURE,NOT_SURE,SOMETIMES,NOT_SURE,NOT_SURE,NOT_SURE,SOMETIMES,SOMETIMES,SOMETIMES,SOMETIMES,NO,SOMETIMES,NOT_SURE,NOT_SURE,SOMETIMES,SOMETIMES,SOMETIMES,SOMETIMES,NOT_SURE,NOT_SURE,NOT_SURE,NO
SYN-0831,PRIVATE,YES,NOT_SURE,NOT_SURE,YES,YES,YES,NOT_SURE,NOT_SURE,YES,YES,SOMETIMES,NOT_SURE,SOMETIMES,NOT_SURE,NOT_SURE,NOT_SURE,NOT_SURE,NO,NOT_SURE,63,HIGH,7,86,94,79,46,60,65,56,34,79,PRIVATE,NO,FRIENDS,NO,YES,NOT_SURE,NOT_SURE,YES,YES,YES,NOT_SURE,YES,YES,NOT_SURE,YES,YES,YES,NOT_SURE,NOT_SURE,YES,YES,SOMETIMES,NOT_SURE,SOMETIMES,NO,SOMETIMES,NOT_SURE,NOT_SURE,SOMETIMES,NOT_SURE,NOT_SURE,SOMETIMES,NOT_SURE,NOT_SURE,NOT_SURE,SOMETIMES,SOMETIMES,SOMETIMES,NOT_SURE,NOT_SURE,NO,NOT_SURE,SOMETIMES,NO,NO,SOMETIMES,NO,NOT_SURE,NO,NOT_SURE,SOMETIMES
SYN-0832,FRIENDS,NOT_SURE,NO,NOT_SURE,NOT_SURE,NOT_SURE,NOT_SURE,YES,FRIENDS,NO,SOMETIMES,NO,NOT_SURE,NO,SOMETIMES,NO,SOMETIMES,SOMETIMES,SOMETIMES,SOMETIMES,51,HIGH,69,41,39,34,24,54,68,75,64,57,FRIENDS,YES,NOT_SURE,NOT_SURE,NOT_SURE,NO,NOT_SURE,NO,NOT_SURE,NOT_SURE,YES,NOT_SURE,NO,NO,NOT_SURE,SOMETIMES,SOMETIMES,FRIENDS,NO,NOT_SURE,NO,NO,NOT_SURE,YES,SOMETIMES,NOT_SURE,NOT_SURE,NO,SOMETIMES,SOMETIMES,SOMETIMES,SOMETIMES,NO,NO,NOT_SURE,NO,NO,SOMETIMES,NOT_SURE,NOT_SURE,NOT_SURE,SOMETIMES,NOT_SURE,YES,SOMETIMES,NOT_SURE,SOMETIMES,NOT_SURE,NOT_SURE,SOMETIMES,NOT_SURE
SYN-0833,PRIVATE,NOT_SURE,NO,NO,NO,NO,NO,NO,PRIVATE,NO,NO,NO,YES,SOMETIMES,YES,YES,NO,NO,YES,YES,6,LOW,0,13,9,0,0,0,0,31,11,0,PRIVATE,NO,PRIVATE,NO,NOT_SURE,NO,NO,NO,NO,NO,NO,NO,NO,NOT_SURE,NO,NO,NO,PRIVATE,NO,NO,NO,NO,NO,YES,NO,NO,YES,NO,NO,YES,NO,YES,YES,YES,YES,YES,SOMETIMES,SOMETIMES,YES,NO,NO,NO,NO,NO,SOMETIMES,SOMETIMES,YES,NO,YES,YES,YES
SYN-0834,FRIENDS,NO,NOT_SURE,NO,NO,NOT_SURE,NOT_SURE,NOT_SURE,FRIENDS,NO,NOT_SURE,NOT_SURE,SOMETIMES,NOT_SURE,NOT_SURE,SOMETIMES,SOMETIMES,NOT_SURE,SOMETIMES,YES,43,HIGH,37,39,13,54,54,56,60,57,50,21,FRIENDS,NO,FRIENDS,NOT_SURE,NO,NOT_SURE,NO,NOT_SURE,NOT_SURE,NOT_SURE,NOT_SURE,NO,NO,NO,NO,NOT_SURE,SOMETIMES,FRIENDS,NOT_SURE,SOMETIMES,NOT_SURE,NOT_SURE,YES,YES,NO,NOT_SURE,SOMETIMES,NOT_SURE,NOT_SURE,NOT_SURE,SOMETIMES,SOMETIMES,SOMETIMES,SOMETIMES,NO,SOMETIMES,NOT_SURE,SOMETIMES,SOMETIMES,SOMETIMES,NOT_SURE,NOT_SURE,NOT_SURE,SOMETIMES,NOT_SURE,YES,SOMETIMES,NO,YES,YES,SOMETIMES
SYN-0835,FRIENDS,NOT_SURE,NOT_SURE,NOT_SURE,NOT_SURE,YES,NOT_SURE,NOT_SURE,FRIENDS,NOT_SURE,YES,NOT_SURE,SOMETIMES,SOMETIMES,NOT_SURE,NOT_SURE,NOT_SURE,SOMETIMES,NOT_SURE,SOMETIMES,62,HIGH,60,66,65,54,44,61,74,74,59,61,FRIENDS,NOT_SURE,PUBLIC,SOMETIMES,NOT_SURE,NOT_SURE,NOT_SURE,NOT_SURE,YES,NOT_SURE,NOT_SURE,NOT_SURE,NOT_SURE,NOT_SURE,NOT_SURE,YES,SOMETIMES,FRIENDS,SOMETIMES,NOT_SURE,NOT_SURE,NOT_SURE,NO,NOT_SURE,NOT_SURE,NOT_SURE,SOMETIMES,YES,NOT_SURE,NOT_SURE,NOT_SURE,NO,NOT_SURE,NO,NO,SOMETIMES,SOMETIMES,NO,NOT_SURE,YES,SOMETIMES,SOMETIMES,YES,NOT_SURE,SOMETIMES,YES,NOT_SURE,SOMETIMES,NOT_SURE,SOMETIMES,NOT_SURE
SYN-0836,PUBLIC,NOT_SURE,YES,NOT_SURE,NOT_SURE,NOT_SURE,YES,YES,NOT_SURE,SOMETIMES,NOT_SURE,YES,SOMETIMES,NOT_SURE,NOT_SURE,SOMETIMES,SOMETIMES,YES,NOT_SURE,NO,73,CRITICAL,90,80,62,60,93,67,64,63,74,80,PUBLIC,YES,NOT_SURE,NOT_SURE,NOT_SURE,YES,NOT_SURE,YES,NOT_SURE,YES,YES,SOMETIMES,SOMETIMES,YES,NOT_SURE,NOT_SURE,NOT_SURE,NOT_SURE,SOMETIMES,NOT_SURE,SOMETIMES,YES,YES,NO,SOMETIMES,NOT_SURE,SOMETIMES,YES,YES,NOT_SURE,SOMETIMES,NOT_SURE,SOMETIMES,NO,NOT_SURE,SOMETIMES,NOT_SURE,SOMETIMES,NOT_SURE,SOMETIMES,YES,YES,NOT_SURE,SOMETIMES,SOMETIMES,NOT_SURE,NOT_SURE,YES,SOMETIMES,NO,NOT_SURE
SYN-0837,FRIENDS,NO,NOT_SURE,NO,NO,NO,NO,NO,PRIVATE,NOT_SURE,NO,NO,YES,YES,YES,SOMETIMES,NO,SOMETIMES,YES,YES,18,LOW,43,9,30,0,14,21,11,0,24,24,FRIENDS,SOMETIMES,FRIENDS,NO,NO,NOT_SURE,NO,NO,NO,NO,NO,SOMETIMES,NOT_SURE,NOT_SURE,NO,NO,NO,PRIVATE,NO,NO,NO,NO,NO,SOMETIMES,SOMETIMES,SOMETIMES,YES,NO,SOMETIMES,YES,NO,YES,SOMETIMES,YES,YES,SOMETIMES,YES,YES,YES,NO,NO,SOMETIMES,NO,NO,SOMETIMES,NOT_SURE,YES,SOMETIMES,SOMETIMES,YES,NOT_SURE
SYN-0838,FRIENDS,YES,NOT_SURE,NOT_SURE,NOT_SURE,NOT_SURE,NOT_SURE,NOT_SURE,FRIENDS,NOT_SURE,NO,NOT_SURE,NOT_SURE,NOT_SURE,NOT_SURE,NOT_SURE,YES,NO,NOT_SURE,SOMETIMES,55,HIGH,36,69,48,41,59,63,70,39,50,63,FRIENDS,NO,FRIENDS,SOMETIMES,YES,NOT_SURE,NOT_SURE,NOT_SURE,NOT_SURE,NOT_SURE,NOT_SURE,SOMETIMES,NOT_SURE,NOT_SURE,NOT_SURE,NO,SOMETIMES,FRIENDS,NO,NOT_SURE,NOT_SURE,NOT_SURE,NOT_SURE,SOMETIMES,NOT_SURE,NOT_SURE,NOT_SURE,NOT_SURE,SOMETIMES,NOT_SURE,YES,YES,NOT_SURE,NOT_SURE,SOMETIMES,NOT_SURE,NOT_SURE,YES,SOMETIMES,NO,SOMETIMES,NO,SOMETIMES,SOMETIMES,YES,NO,NOT_SURE,NOT_SURE,NOT_SURE,SOMETIMES,NOT_SURE
SYN-0839,PRIVATE,NOT_SURE,NO,YES,NOT_SURE,NO,NOT_SURE,NO,FRIENDS,NOT_SURE,NOT_SURE,SOMETIMES,NOT_SURE,SOMETIMES,SOMETIMES,NOT_SURE,SOMETIMES,NO,SOMETIMES,SOMETIMES,44,HIGH,7,44,57,50,36,59,54,55,33,53,PRIVATE,NO,FRIENDS,NO,NOT_SURE,NO,YES,NOT_SURE,NO,NOT_SURE,NO,SOMETIMES,NOT_SURE,NOT_SURE,NOT_SURE,NOT_SURE,SOMETIMES,FRIENDS,SOMETIMES,SOMETIMES,SOMETIMES,SOMETIMES,NO,SOMETIMES,SOMETIMES,YES,NOT_SURE,NO,NO,SOMETIMES,SOMETIMES,SOMETIMES,NOT_SURE,SOMETIMES,SOMETIMES,NOT_SURE,SOMETIMES,NOT_SURE,SOMETIMES,SOMETIMES,NOT_SURE,NO,NOT_SURE,SOMETIMES,NO,YES,SOMETIMES,SOMETIMES,NOT_SURE,SOMETIMES,SOMETIMES
SYN-0840,PUBLIC,NO,YES,NOT_SURE,NOT_SURE,NOT_SURE,NOT_SURE,NOT_SURE,NOT_SURE,YES,YES,NOT_SURE,NOT_SURE,NOT_SURE,SOMETIMES,NO,YES,YES,NO,NO,77,CRITICAL,84,53,85,89,57,80,80,76,96,81,PUBLIC,NOT_SURE,NOT_SURE,YES,NO,YES,NOT_SURE,NOT_SURE,NOT_SURE,NOT_SURE,NOT_SURE,YES,YES,NOT_SURE,NOT_SURE,YES,YES,NOT_SURE,YES,YES,YES,NOT_SURE,NOT_SURE,SOMETIMES,SOMETIMES,YES,NOT_SURE,YES,SOMETIMES,SOMETIMES,YES,NO,NO,NOT_SURE,NO,NOT_SURE,NOT_SURE,NOT_SURE,NO,NOT_SURE,YES,YES,YES,YES,SOMETIMES,NO,NO,SOMETIMES,NOT_SURE,NO,SOMETIMES
SYN-0841,NOT_SURE,NO,NO,NOT_SURE,NOT_SURE,NO,NO,NO,FRIENDS,NO,NO,NO,YES,YES,YES,SOMETIMES,SOMETIMES,NOT_SURE,NOT_SURE,SOMETIMES,34,MODERATE,46,9,39,31,33,14,37,13,64,59,NOT_SURE,NO,FRIENDS,NOT_SURE,NO,NO,NOT_SURE,NO,NO,NO,NO,SOMETIMES,NO,NOT_SURE,NOT_SURE,NO,NOT_SURE,FRIENDS,NO,SOMETIMES,NO,NO,NOT_SURE,SOMETIMES,NOT_SURE,SOMETIMES,YES,NO,NO,YES,SOMETIMES,SOMETIMES,SOMETIMES,SOMETIMES,NOT_SURE,SOMETIMES,YES,SOMETIMES,YES,NO,NOT_SURE,NOT_SURE,SOMETIMES,YES,YES,SOMETIMES,NOT_SURE,YES,NOT_SURE,SOMETIMES,YES
SYN-0842,PRIVATE,NO,NOT_SURE,NOT_SURE,NO,NO,NO,NO,PRIVATE,NO,NO,NO,YES,SOMETIMES,YES,YES,SOMETIMES,NOT_SURE,YES,YES,13,LOW,0,17,14,15,0,7,15,31,31,0,PRIVATE,NO,PRIVATE,NO,NO,NOT_SURE,NOT_SURE,NO,NO,NO,NO,NOT_SURE,NO,NO,NO,NO,NO,PRIVATE,NO,NOT_SURE,NO,NO,NO,YES,NO,NO,YES,SOMETIMES,NO,YES,SOMETIMES,YES,YES,YES,SOMETIMES,YES,SOMETIMES,SOMETIMES,YES,NO,NO,NOT_SURE,SOMETIMES,NO,SOMETIMES,YES,YES,NO,YES,YES,YES
SYN-0843,PUBLIC,NOT_SURE,YES,YES,NOT_SURE,NOT_SURE,YES,NOT_SURE,FRIENDS,NOT_SURE,SOMETIMES,YES,NO,NOT_SURE,NOT_SURE,SOMETIMES,SOMETIMES,SOMETIMES,SOMETIMES,NO,65,HIGH,81,74,71,65,59,64,58,59,36,77,PUBLIC,NOT_SURE,PUBLIC,SOMETIMES,NOT_SURE,YES,YES,NOT_SURE,NOT_SURE,YES,NOT_SURE,YES,NOT_SURE,NOT_SURE,NOT_SURE,SOMETIMES,YES,FRIENDS,YES,NOT_SURE,SOMETIMES,YES,NO,SOMETIMES,NOT_SURE,NO,NO,YES,SOMETIMES,NOT_SURE,SOMETIMES,NO,SOMETIMES,NOT_SURE,YES,SOMETIMES,NOT_SURE,SOMETIMES,SOMETIMES,NOT_SURE,SOMETIMES,SOMETIMES,SOMETIMES,NO,NOT_SURE,YES,SOMETIMES,YES,NOT_SURE,NO,NOT_SURE
SYN-0844,PUBLIC,NOT_SURE,NOT_SURE,YES,YES,YES,YES,NOT_SURE,PUBLIC,SOMETIMES,NOT_SURE,NOT_SURE,NOT_SURE,NOT_SURE,NOT_SURE,NO,NOT_SURE,SOMETIMES,SOMETIMES,NOT_SURE,77,CRITICAL,89,74,75,78,83,80,74,63,79,73,PUBLIC,YES,NOT_SURE,SOMETIMES,NOT_SURE,NOT_SURE,YES,NOT_SURE,YES,YES,NOT_SURE,SOMETIMES,SOMETIMES,YES,YES,NOT_SURE,YES,PUBLIC,SOMETIMES,NOT_SURE,YES,NOT_SURE,YES,NO,YES,YES,NOT_SURE,YES,SOMETIMES,NOT_SURE,NOT_SURE,NOT_SURE,NO,NO,NOT_SURE,SOMETIMES,NOT_SURE,SOMETIMES,NOT_SURE,SOMETIMES,NOT_SURE,SOMETIMES,YES,YES,YES,NOT_SURE,SOMETIMES,YES,NO,NOT_SURE,NOT_SURE
SYN-0845,PRIVATE,NO,NO,NO,NO,NO,NO,NO,NOT_SURE,NO,SOMETIMES,NOT_SURE,YES,SOMETIMES,SOMETIMES,YES,NO,SOMETIMES,YES,YES,27,MODERATE,7,0,27,64,71,7,20,49,32,0,PRIVATE,NO,PRIVATE,SOMETIMES,NO,NO,NO,NO,NO,NO,NO,SOMETIMES,NO,SOMETIMES,NO,SOMETIMES,NO,NOT_SURE,NOT_SURE,NOT_SURE,NOT_SURE,NOT_SURE,YES,NOT_SURE,SOMETIMES,NO,YES,NO,SOMETIMES,SOMETIMES,NO,YES,YES,YES,YES,NOT_SURE,SOMETIMES,NOT_SURE,YES,YES,NO,SOMETIMES,NOT_SURE,NO,NOT_SURE,YES,YES,NO,YES,YES,YES
SYN-0846,NOT_SURE,NOT_SURE,NOT_SURE,NOT_SURE,NOT_SURE,NOT_SURE,NO,NOT_SURE,NOT_SURE,SOMETIMES,YES,NO,NOT_SURE,YES,YES,NOT_SURE,NO,YES,NOT_SURE,SOMETIMES,53,HIGH,61,56,64,89,24,39,23,25,77,64,NOT_SURE,NOT_SURE,FRIENDS,SOMETIMES,NOT_SURE,NOT_SURE,NOT_SURE,NOT_SURE,NOT_SURE,NO,NOT_SURE,SOMETIMES,SOMETIMES,YES,NOT_SURE,YES,NO,NOT_SURE,YES,YES,YES,NO,NOT_SURE,YES,SOMETIMES,NO,NOT_SURE,NO,NOT_SURE,YES,NO,SOMETIMES,NOT_SURE,SOMETIMES,SOMETIMES,YES,YES,SOMETIMES,SOMETIMES,NO,NOT_SURE,YES,SOMETIMES,YES,NOT_SURE,NO,NOT_SURE,NOT_SURE,SOMETIMES,SOMETIMES,NO
SYN-0847,FRIENDS,YES,YES,YES,YES,YES,NOT_SURE,YES,PUBLIC,SOMETIMES,YES,NO,NOT_SURE,NOT_SURE,NOT_SURE,NOT_SURE,YES,YES,NOT_SURE,NO,83,CRITICAL,67,97,92,100,46,80,81,81,94,81,FRIENDS,NOT_SURE,PUBLIC,YES,YES,YES,YES,YES,YES,NOT_SURE,YES,YES,SOMETIMES,YES,YES,YES,YES,PUBLIC,YES,YES,YES,NO,YES,NOT_SURE,SOMETIMES,YES,NOT_SURE,YES,SOMETIMES,NOT_SURE,YES,NOT_SURE,NOT_SURE,NOT_SURE,NO,NO,NOT_SURE,NO,NOT_SURE,YES,NOT_SURE,YES,YES,YES,YES,NO,NOT_SURE,NOT_SURE,NO,NO,NOT_SURE
SYN-0848,NOT_SURE,YES,NOT_SURE,YES,NOT_SURE,NO,YES,NOT_SURE,FRIENDS,NO,NOT_SURE,YES,NO,NO,NOT_SURE,NO,YES,YES,YES,SOMETIMES,75,CRITICAL,74,69,65,65,100,89,89,81,70,37,NOT_SURE,YES,FRIENDS,NOT_SURE,YES,NOT_SURE,YES,NOT_SURE,NO,YES,NOT_SURE,YES,NO,YES,NOT_SURE,NOT_SURE,SOMETIMES,FRIENDS,YES,NOT_SURE,SOMETIMES,YES,YES,NO,YES,YES,NO,NOT_SURE,NOT_SURE,NOT_SURE,YES,NO,NO,NO,NO,NOT_SURE,NO,SOMETIMES,NO,SOMETIMES,NOT_SURE,YES,NOT_SURE,NOT_SURE,NOT_SURE,NOT_SURE,YES,NOT_SURE,SOMETIMES,SOMETIMES,SOMETIMES
SYN-0849,FRIENDS,NO,NOT_SURE,NOT_SURE,NOT_SURE,NOT_SURE,NOT_SURE,NOT_SURE,FRIENDS,YES,SOMETIMES,NOT_SURE,NOT_SURE,SOMETIMES,NOT_SURE,SOMETIMES,NOT_SURE,YES,SOMETIMES,NOT_SURE,57,HIGH,54,47,65,44,60,46,60,38,87,57,FRIENDS,SOMETIMES,NOT_SURE,NOT_SURE,NO,NOT_SURE,NOT_SURE,NOT_SURE,NOT_SURE,NOT_SURE,NOT_SURE,NOT_SURE,YES,NOT_SURE,NOT_SURE,SOMETIMES,NOT_SURE,FRIENDS,SOMETIMES,NO,YES,NOT_SURE,NOT_SURE,NOT_SURE,SOMETIMES,NO,NOT_SURE,NOT_SURE,SOMETIMES,NOT_SURE,NOT_SURE,NOT_SURE,SOMETIMES,SOMETIMES,SOMETIMES,SOMETIMES,SOMETIMES,YES,SOMETIMES,SOMETIMES,YES,YES,YES,NOT_SURE,YES,SOMETIMES,SOMETIMES,NOT_SURE,SOMETIMES,NOT_SURE,SOMETIMES
SYN-0850,NOT_SURE,NOT_SURE,NOT_SURE,NO,YES,NOT_SURE,NO,NOT_SURE,FRIENDS,SOMETIMES,NOT_SURE,NO,SOMETIMES,SOMETIMES,YES,SOMETIMES,NOT_SURE,NOT_SURE,SOMETIMES,NO,45,HIGH,66,47,65,19,31,29,39,44,43,61,NOT_SURE,SOMETIMES,PUBLIC,SOMETIMES,NOT_SURE,NOT_SURE,NO,NOT_SURE,NOT_SURE,NO,NOT_SURE,SOMETIMES,SOMETIMES,NOT_SURE,YES,NOT_SURE,NOT_SURE,FRIENDS,NO,NO,NO,NO,NOT_SURE,SOMETIMES,SOMETIMES,NO,SOMETIMES,SOMETIMES,NO,YES,NOT_SURE,SOMETIMES,SOMETIMES,SOMETIMES,SOMETIMES,NOT_SURE,SOMETIMES,NOT_SURE,YES,NOT_SURE,SOMETIMES,NOT_SURE,NO,NOT_SURE,YES,SOMETIMES,SOMETIMES,NOT_SURE,NOT_SURE,NO,YES
SYN-0851,PUBLIC,NOT_SURE,NOT_SURE,NO,YES,YES,NOT_SURE,NOT_SURE,FRIENDS,NOT_SURE,YES,NOT_SURE,SOMETIMES,NO,NO,SOMETIMES,SOMETIMES,SOMETIMES,NOT_SURE,NO,67,HIGH,87,57,78,56,64,53,57,86,64,77,PUBLIC,YES,FRIENDS,NOT_SURE,NOT_SURE,NOT_SURE,NO,NOT_SURE,YES,NOT_SURE,NOT_SURE,NOT_SURE,NOT_SURE,NOT_SURE,YES,YES,YES,FRIENDS,NOT_SURE,NOT_SURE,NOT_SURE,NOT_SURE,NOT_SURE,SOMETIMES,YES,SOMETIMES,SOMETIMES,NOT_SURE,NOT_SURE,NO,SOMETIMES,YES,SOMETIMES,SOMETIMES,SOMETIMES,YES,NO,NOT_SURE,NO,SOMETIMES,YES,SOMETIMES,SOMETIMES,SOMETIMES,SOMETIMES,NO,NOT_SURE,SOMETIMES,SOMETIMES,NO,NO
SYN-0852,PRIVATE,NOT_SURE,NOT_SURE,NO,NO,NO,NO,NOT_SURE,PRIVATE,NOT_SURE,SOMETIMES,NOT_SURE,YES,YES,SOMETIMES,YES,SOMETIMES,NO,YES,YES,19,LOW,26,39,17,0,26,0,30,13,0,7,PRIVATE,NOT_SURE,PRIVATE,NOT_SURE,NOT_SURE,NOT_SURE,NO,NOT_SURE,NO,NO,NOT_SURE,NO,NOT_SURE,NO,NO,SOMETIMES,NO,PRIVATE,NO,NO,NO,NOT_SURE,NO,YES,NO,NO,YES,NO,NO,SOMETIMES,SOMETIMES,YES,YES,YES,YES,SOMETIMES,YES,YES,SOMETIMES,NO,NO,NO,NO,NO,NO,YES,YES,NO,SOMETIMES,YES,YES
SYN-0853,FRIENDS,NOT_SURE,YES,NOT_SURE,NO,NOT_SURE,YES,NOT_SURE,FRIENDS,NOT_SURE,NOT_SURE,SOMETIMES,NOT_SURE,NOT_SURE,NOT_SURE,NOT_SURE,NO,NOT_SURE,SOMETIMES,NOT_SURE,57,HIGH,66,69,42,50,53,70,57,69,54,53,FRIENDS,YES,FRIENDS,NOT_SURE,NOT_SURE,YES,NOT_SURE,NOT_SURE,NOT_SURE,YES,NOT_SURE,SOMETIMES,NOT_SURE,SOMETIMES,NO,NOT_SURE,SOMETIMES,FRIENDS,SOMETIMES,SOMETIMES,SOMETIMES,SOMETIMES,NOT_SURE,NO,NO,NOT_SURE,NOT_SURE,YES,NOT_SURE,NOT_SURE,NO,NO,NOT_SURE,NOT_SURE,NOT_SURE,NOT_SURE,NOT_SURE,NOT_SURE,NOT_SURE,NOT_SURE,SOMETIMES,NOT_SURE,NOT_SURE,SOMETIMES,NO,NOT_SURE,SOMETIMES,NOT_SURE,YES,NOT_SURE,NOT_SURE
SYN-0854,FRIENDS,NOT_SURE,NOT_SURE,NOT_SURE,NO,NOT_SURE,NOT_SURE,YES,NOT_SURE,SOMETIMES,SOMETIMES,SOMETIMES,SOMETIMES,NOT_SURE,SOMETIMES,NO,YES,YES,NOT_SURE,NO,63,HIGH,36,63,55,66,60,54,71,71,81,77,FRIENDS,SOMETIMES,PRIVATE,NO,NOT_SURE,NOT_SURE,NOT_SURE,NOT_SURE,NOT_SURE,NOT_SURE,YES,YES,SOMETIMES,NOT_SURE,NO,SOMETIMES,YES,NOT_SURE,SOMETIMES,NOT_SURE,YES,SOMETIMES,NOT_SURE,SOMETIMES,YES,NOT_SURE,SOMETIMES,NOT_SURE,SOMETIMES,SOMETIMES,YES,NOT_SURE,NO,SOMETIMES,NOT_SURE,SOMETIMES,NOT_SURE,SOMETIMES,NO,NOT_SURE,SOMETIMES,YES,NOT_SURE,YES,YES,NO,NOT_SURE,NOT_SURE,NOT_SURE,NO,NOT_SURE
SYN-0855,PUBLIC,YES,NOT_SURE,YES,YES,NOT_SURE,NOT_SURE,NOT_SURE,NOT_SURE,NOT_SURE,YES,SOMETIMES,NO,NOT_SURE,NOT_SURE,SOMETIMES,NOT_SURE,NOT_SURE,SOMETIMES,NOT_SURE,70,HIGH,74,74,85,51,64,76,67,64,69,59,PUBLIC,NOT_SURE,FRIENDS,SOMETIMES,YES,NOT_SURE,YES,NOT_SURE,NOT_SURE,NOT_SURE,NOT_SURE,NOT_SURE,NOT_SURE,YES,YES,YES,YES,NOT_SURE,NO,SOMETIMES,YES,SOMETIMES,YES,SOMETIMES,SOMETIMES,NOT_SURE,NO,NOT_SURE,SOMETIMES,NOT_SURE,NOT_SURE,NOT_SURE,SOMETIMES,NO,SOMETIMES,NOT_SURE,NOT_SURE,NOT_SURE,SOMETIMES,NOT_SURE,SOMETIMES,NOT_SURE,YES,NOT_SURE,NOT_SURE,SOMETIMES,SOMETIMES,SOMETIMES,SOMETIMES,NOT_SURE,NOT_SURE
SYN-0856,PUBLIC,NOT_SURE,NOT_SURE,NOT_SURE,YES,NOT_SURE,NOT_SURE,NOT_SURE,PUBLIC,YES,YES,NOT_SURE,SOMETIMES,NO,NOT_SURE,NOT_SURE,YES,YES,NO,NO,81,CRITICAL,90,60,100,71,71,67,75,88,100,100,PUBLIC,YES,NOT_SURE,NOT_SURE,NOT_SURE,NOT_SURE,NOT_SURE,NOT_SURE,NOT_SURE,NOT_SURE,NOT_SURE,YES,YES,YES,YES,YES,YES,PUBLIC,SOMETIMES,NOT_SURE,SOMETIMES,NOT_SURE,NOT_SURE,NO,YES,NOT_SURE,SOMETIMES,YES,YES,NOT_SURE,YES,SOMETIMES,NOT_SURE,NOT_SURE,NOT_SURE,NOT_SURE,NO,NOT_SURE,NO,NOT_SURE,YES,YES,YES,YES,YES,NO,NO,YES,NO,NO,NO
SYN-0857,PRIVATE,NO,NOT_SURE,NOT_SURE,NOT_SURE,NOT_SURE,NO,NO,FRIENDS,SOMETIMES,SOMETIMES,SOMETIMES,SOMETIMES,NOT_SURE,YES,YES,NOT_SURE,SOMETIMES,NOT_SURE,YES,42,HIGH,21,39,58,39,46,54,26,57,55,27,PRIVATE,SOMETIMES,FRIENDS,NO,NO,NOT_SURE,NOT_SURE,NOT_SURE,NOT_SURE,NO,NO,NOT_SURE,SOMETIMES,SOMETIMES,NOT_SURE,SOMETIMES,YES,FRIENDS,SOMETIMES,NO,NOT_SURE,SOMETIMES,NOT_SURE,SOMETIMES,NO,NOT_SURE,SOMETIMES,NOT_SURE,SOMETIMES,YES,NOT_SURE,SOMETIMES,YES,SOMETIMES,YES,SOMETIMES,NOT_SURE,SOMETIMES,SOMETIMES,SOMETIMES,SOMETIMES,SOMETIMES,NOT_SURE,NOT_SURE,NOT_SURE,SOMETIMES,NOT_SURE,NO,YES,YES,SOMETIMES
SYN-0858,FRIENDS,NOT_SURE,NO,YES,NO,NOT_SURE,NOT_SURE,NOT_SURE,PRIVATE,NO,NOT_SURE,NO,NOT_SURE,NOT_SURE,NOT_SURE,NOT_SURE,NOT_SURE,NOT_SURE,SOMETIMES,NO,46,HIGH,51,57,35,6,36,46,57,46,59,67,FRIENDS,SOMETIMES,FRIENDS,NOT_SURE,NOT_SURE,NO,YES,NOT_SURE,NOT_SURE,NOT_SURE,NOT_SURE,NOT_SURE,NO,SOMETIMES,NO,NOT_SURE,SOMETIMES,PRIVATE,NO,NO,SOMETIMES,NO,NOT_SURE,NOT_SURE,NOT_SURE,NO,NOT_SURE,SOMETIMES,NOT_SURE,NOT_SURE,NOT_SURE,SOMETIMES,NOT_SURE,SOMETIMES,SOMETIMES,YES,NOT_SURE,YES,SOMETIMES,NOT_SURE,SOMETIMES,NOT_SURE,NOT_SURE,SOMETIMES,YES,SOMETIMES,SOMETIMES,SOMETIMES,NOT_SURE,NO,SOMETIMES
SYN-0859,PRIVATE,NO,NO,NOT_SURE,NO,NOT_SURE,NO,NO,NOT_SURE,NO,NO,NOT_SURE,YES,YES,SOMETIMES,SOMETIMES,SOMETIMES,SOMETIMES,SOMETIMES,NOT_SURE,30,MODERATE,0,17,12,34,63,26,53,13,38,41,PRIVATE,NO,PRIVATE,NO,NO,NO,NOT_SURE,NO,NOT_SURE,NO,NO,NO,NO,SOMETIMES,NO,NO,NOT_SURE,NOT_SURE,NO,NO,NOT_SURE,NOT_SURE,YES,YES,NOT_SURE,NOT_SURE,YES,NOT_SURE,NO,SOMETIMES,SOMETIMES,SOMETIMES,SOMETIMES,SOMETIMES,NOT_SURE,NOT_SURE,YES,YES,SOMETIMES,NO,NOT_SURE,SOMETIMES,NO,SOMETIMES,NOT_SURE,SOMETIMES,SOMETIMES,NO,YES,NOT_SURE,SOMETIMES
SYN-0860,FRIENDS,NO,NOT_SURE,YES,NOT_SURE,NOT_SURE,NOT_SURE,NOT_SURE,FRIENDS,SOMETIMES,SOMETIMES,SOMETIMES,YES,YES,YES,YES,NO,NO,YES,SOMETIMES,34,MODERATE,46,53,49,53,29,14,6,31,7,37,FRIENDS,SOMETIMES,NOT_SURE,NO,NO,NOT_SURE,YES,NOT_SURE,NOT_SURE,NOT_SURE,NOT_SURE,NO,SOMETIMES,YES,NOT_SURE,SOMETIMES,NOT_SURE,FRIENDS,SOMETIMES,NOT_SURE,SOMETIMES,SOMETIMES,NO,YES,SOMETIMES,SOMETIMES,YES,NO,NO,YES,NO,YES,YES,SOMETIMES,YES,YES,YES,SOMETIMES,SOMETIMES,SOMETIMES,SOMETIMES,NO,NO,NO,NO,YES,YES,NOT_SURE,SOMETIMES,SOMETIMES,SOMETIMES
SYN-0861,PUBLIC,NO,NO,NOT_SURE,NOT_SURE,NOT_SURE,NO,NOT_SURE,NOT_SURE,SOMETIMES,YES,SOMETIMES,NOT_SURE,NO,SOMETIMES,SOMETIMES,SOMETIMES,NOT_SURE,NOT_SURE,NOT_SURE,55,HIGH,66,34,62,70,53,60,51,81,38,71,PUBLIC,SOMETIMES,PRIVATE,NOT_SURE,NO,NO,NOT_SURE,NOT_SURE,NOT_SURE,NO,NOT_SURE,SOMETIMES,SOMETIMES,NOT_SURE,NOT_SURE,YES,SOMETIMES,NOT_SURE,SOMETIMES,YES,SOMETIMES,SOMETIMES,NOT_SURE,SOMETIMES,SOMETIMES,SOMETIMES,NOT_SURE,SOMETIMES,NOT_SURE,SOMETIMES,SOMETIMES,SOMETIMES,SOMETIMES,SOMETIMES,NOT_SURE,SOMETIMES,NO,NO,SOMETIMES,SOMETIMES,SOMETIMES,NOT_SURE,SOMETIMES,NO,SOMETIMES,YES,NOT_SURE,SOMETIMES,NOT_SURE,NOT_SURE,NO
SYN-0862,PUBLIC,YES,NOT_SURE,YES,NOT_SURE,YES,YES,YES,NOT_SURE,YES,NOT_SURE,NOT_SURE,NO,NO,NOT_SURE,SOMETIMES,YES,YES,NOT_SURE,NO,85,CRITICAL,100,94,72,89,64,83,81,75,100,91,PUBLIC,YES,PUBLIC,YES,YES,NOT_SURE,YES,YES,YES,YES,YES,NOT_SURE,YES,YES,NOT_SURE,NOT_SURE,NOT_SURE,NOT_SURE,YES,YES,YES,NOT_SURE,NOT_SURE,SOMETIMES,YES,NOT_SURE,NO,YES,NOT_SURE,NOT_SURE,YES,NO,SOMETIMES,NO,NO,NOT_SURE,NO,SOMETIMES,NOT_SURE,NOT_SURE,YES,YES,YES,YES,YES,NO,NOT_SURE,YES,NO,NO,NO
SYN-0863,NOT_SURE,NOT_SURE,NO,NOT_SURE,NOT_SURE,YES,NOT_SURE,NOT_SURE,NOT_SURE,NOT_SURE,SOMETIMES,YES,SOMETIMES,NOT_SURE,NOT_SURE,NOT_SURE,SOMETIMES,NOT_SURE,SOMETIMES,NOT_SURE,66,HIGH,51,57,56,84,100,57,66,64,67,49,NOT_SURE,NO,FRIENDS,YES,NOT_SURE,NO,NOT_SURE,NOT_SURE,YES,NOT_SURE,NOT_SURE,SOMETIMES,NOT_SURE,NOT_SURE,NOT_SURE,SOMETIMES,NOT_SURE,NOT_SURE,YES,YES,NOT_SURE,YES,YES,NO,YES,SOMETIMES,SOMETIMES,YES,SOMETIMES,NOT_SURE,SOMETIMES,NOT_SURE,NOT_SURE,SOMETIMES,NO,NOT_SURE,NOT_SURE,NOT_SURE,SOMETIMES,NOT_SURE,NOT_SURE,NOT_SURE,NOT_SURE,YES,NOT_SURE,NOT_SURE,SOMETIMES,SOMETIMES,SOMETIMES,NOT_SURE,YES
SYN-0864,NOT_SURE,NO,NO,NO,NOT_SURE,NO,NO,NO,NOT_SURE,NO,NO,SOMETIMES,SOMETIMES,SOMETIMES,SOMETIMES,NOT_SURE,NOT_SURE,NOT_SURE,SOMETIMES,SOMETIMES,40,MODERATE,40,13,40,41,29,47,54,60,44,64,NOT_SURE,NO,NOT_SURE,NO,NO,NO,NO,NOT_SURE,NO,NO,NO,NOT_SURE,NO,SOMETIMES,NOT_SURE,NO,NOT_SURE,NOT_SURE,NOT_SURE,NO,NO,SOMETIMES,NO,SOMETIMES,NO,NOT_SURE,SOMETIMES,NOT_SURE,NO,SOMETIMES,NOT_SURE,YES,NOT_SURE,SOMETIMES,NOT_SURE,NOT_SURE,SOMETIMES,NOT_SURE,NOT_SURE,SOMETIMES,NO,NOT_SURE,NOT_SURE,SOMETIMES,NO,SOMETIMES,SOMETIMES,YES,SOMETIMES,SOMETIMES,NO
SYN-0865,NOT_SURE,NOT_SURE,YES,NOT_SURE,YES,NOT_SURE,NOT_SURE,NOT_SURE,FRIENDS,NOT_SURE,SOMETIMES,NOT_SURE,NOT_SURE,SOMETIMES,YES,SOMETIMES,NOT_SURE,SOMETIMES,NOT_SURE,SOMETIMES,56,HIGH,61,66,71,38,64,67,39,36,47,66,NOT_SURE,SOMETIMES,NOT_SURE,SOMETIMES,NOT_SURE,YES,NOT_SURE,NOT_SURE,NOT_SURE,NOT_SURE,NOT_SURE,SOMETIMES,NOT_SURE,YES,YES,SOMETIMES,SOMETIMES,FRIENDS,SOMETIMES,NO,SOMETIMES,NOT_SURE,NOT_SURE,SOMETIMES,YES,YES,NOT_SURE,NO,NOT_SURE,YES,NOT_SURE,NOT_SURE,SOMETIMES,SOMETIMES,SOMETIMES,SOMETIMES,SOMETIMES,YES,NOT_SURE,NO,YES,SOMETIMES,NO,NOT_SURE,SOMETIMES,NOT_SURE,NOT_SURE,YES,SOMETIMES,SOMETIMES,NOT_SURE
SYN-0866,FRIENDS,NOT_SURE,YES,NOT_SURE,NOT_SURE,YES,NOT_SURE,NOT_SURE,FRIENDS,YES,YES,SOMETIMES,SOMETIMES,NO,NO,NO,YES,YES,NOT_SURE,SOMETIMES,75,CRITICAL,67,71,70,81,54,56,94,80,96,66,FRIENDS,YES,NOT_SURE,SOMETIMES,NOT_SURE,YES,NOT_SURE,NOT_SURE,YES,NOT_SURE,NOT_SURE,SOMETIMES,YES,NOT_SURE,NOT_SURE,YES,NOT_SURE,FRIENDS,YES,YES,YES,SOMETIMES,NOT_SURE,SOMETIMES,NOT_SURE,NOT_SURE,SOMETIMES,NOT_SURE,NOT_SURE,NO,YES,NO,NO,NO,SOMETIMES,NOT_SURE,NO,NOT_SURE,NOT_SURE,NOT_SURE,YES,YES,YES,YES,YES,NOT_SURE,NOT_SURE,SOMETIMES,NO,SOMETIMES,NOT_SURE
SYN-0867,PRIVATE,NOT_SURE,NO,NOT_SURE,YES,NOT_SURE,NOT_SURE,NO,FRIENDS,YES,SOMETIMES,SOMETIMES,YES,SOMETIMES,SOMETIMES,SOMETIMES,NO,SOMETIMES,SOMETIMES,NOT_SURE,51,HIGH,46,47,81,61,60,14,39,55,36,41,PRIVATE,YES,NOT_SURE,SOMETIMES,NOT_SURE,NO,NOT_SURE,NOT_SURE,NOT_SURE,NOT_SURE,NO,SOMETIMES,YES,YES,YES,SOMETIMES,YES,FRIENDS,NOT_SURE,NOT_SURE,YES,SOMETIMES,NOT_SURE,SOMETIMES,YES,NO,YES,SOMETIMES,SOMETIMES,SOMETIMES,NO,SOMETIMES,SOMETIMES,SOMETIMES,SOMETIMES,SOMETIMES,SOMETIMES,NOT_SURE,SOMETIMES,SOMETIMES,SOMETIMES,SOMETIMES,NO,SOMETIMES,NOT_SURE,SOMETIMES,SOMETIMES,NO,SOMETIMES,NOT_SURE,YES
SYN-0868,FRIENDS,NOT_SURE,NOT_SURE,NOT_SURE,NOT_SURE,NOT_SURE,YES,NOT_SURE,PUBLIC,YES,NO,SOMETIMES,SOMETIMES,SOMETIMES,SOMETIMES,SOMETIMES,SOMETIMES,NOT_SURE,NOT_SURE,SOMETIMES,62,HIGH,57,71,64,80,56,64,48,51,61,63,FRIENDS,YES,PRIVATE,SOMETIMES,NOT_SURE,NOT_SURE,NOT_SURE,YES,NOT_SURE,YES,NOT_SURE,YES,YES,SOMETIMES,NOT_SURE,NO,SOMETIMES,PUBLIC,NOT_SURE,NOT_SURE,YES,SOMETIMES,NOT_SURE,NOT_SURE,SOMETIMES,YES,SOMETIMES,SOMETIMES,SOMETIMES,SOMETIMES,SOMETIMES,SOMETIMES,SOMETIMES,SOMETIMES,NOT_SURE,YES,SOMETIMES,SOMETIMES,SOMETIMES,NOT_SURE,YES,NOT_SURE,SOMETIMES,NOT_SURE,SOMETIMES,SOMETIMES,NOT_SURE,SOMETIMES,SOMETIMES,SOMETIMES,NO
SYN-0869,FRIENDS,YES,NOT_SURE,NOT_SURE,NO,NOT_SURE,YES,NOT_SURE,FRIENDS,NO,NOT_SURE,NO,NOT_SURE,NOT_SURE,SOMETIMES,NOT_SURE,SOMETIMES,SOMETIMES,SOMETIMES,YES,52,HIGH,53,71,35,34,46,60,64,76,44,33,FRIENDS,NOT_SURE,FRIENDS,SOMETIMES,YES,NOT_SURE,NOT_SURE,NOT_SURE,NOT_SURE,YES,NOT_SURE,NOT_SURE,NO,SOMETIMES,NO,NOT_SURE,SOMETIMES,FRIENDS,NOT_SURE,NO,NO,NO,YES,NOT_SURE,SOMETIMES,SOMETIMES,NOT_SURE,SOMETIMES,NOT_SURE,SOMETIMES,SOMETIMES,NO,NOT_SURE,NO,SOMETIMES,NOT_SURE,NOT_SURE,NO,NOT_SURE,NOT_SURE,NO,SOMETIMES,NOT_SURE,NOT_SURE,NO,SOMETIMES,SOMETIMES,NOT_SURE,NOT_SURE,YES,YES
SYN-0870,PUBLIC,NOT_SURE,YES,YES,NOT_SURE,NOT_SURE,YES,NO,PUBLIC,SOMETIMES,SOMETIMES,NOT_SURE,NOT_SURE,NOT_SURE,NOT_SURE,NOT_SURE,NOT_SURE,YES,SOMETIMES,NO,73,CRITICAL,77,70,64,78,76,63,76,57,93,74,PUBLIC,NOT_SURE,NOT_SURE,SOMETIMES,NOT_SURE,YES,YES,NOT_SURE,NOT_SURE,YES,NO,SOMETIMES,SOMETIMES,YES,NOT_SURE,SOMETIMES,YES,PUBLIC,NOT_SURE,SOMETIMES,YES,NOT_SURE,YES,SOMETIMES,YES,NOT_SURE,NOT_SURE,SOMETIMES,NOT_SURE,NOT_SURE,NOT_SURE,NO,NOT_SURE,NO,NOT_SURE,NO,NOT_SURE,SOMETIMES,SOMETIMES,SOMETIMES,YES,YES,YES,SOMETIMES,YES,NO,SOMETIMES,YES,NOT_SURE,NO,SOMETIMES
SYN-0871,NOT_SURE,YES,NOT_SURE,YES,YES,YES,NOT_SURE,NO,PRIVATE,NOT_SURE,NOT_SURE,NOT_SURE,NOT_SURE,SOMETIMES,NOT_SURE,YES,YES,YES,NOT_SURE,NO,68,HIGH,70,76,82,21,79,61,61,44,94,81,NOT_SURE,NOT_SURE,PUBLIC,NOT_SURE,YES,NOT_SURE,YES,NOT_SURE,YES,NOT_SURE,NO,YES,NOT_SURE,NOT_SURE,YES,NOT_SURE,YES,PRIVATE,NOT_SURE,NO,SOMETIMES,NOT_SURE,YES,NOT_SURE,YES,SOMETIMES,NOT_SURE,NOT_SURE,NOT_SURE,NOT_SURE,YES,SOMETIMES,YES,SOMETIMES,SOMETIMES,NOT_SURE,SOMETIMES,YES,SOMETIMES,YES,NOT_SURE,YES,YES,YES,YES,NO,NOT_SURE,NOT_SURE,NOT_SURE,NO,NO
SYN-0872,FRIENDS,NOT_SURE,NOT_SURE,NOT_SURE,NOT_SURE,NOT_SURE,YES,NOT_SURE,NOT_SURE,YES,SOMETIMES,SOMETIMES,NO,NOT_SURE,NOT_SURE,NOT_SURE,NOT_SURE,SOMETIMES,SOMETIMES,YES,61,HIGH,31,63,66,76,60,100,59,74,60,36,FRIENDS,NO,NOT_SURE,NO,NOT_SURE,NOT_SURE,NOT_SURE,NOT_SURE,NOT_SURE,YES,NOT_SURE,NOT_SURE,YES,SOMETIMES,NOT_SURE,SOMETIMES,YES,NOT_SURE,SOMETIMES,YES,YES,SOMETIMES,NOT_SURE,NO,SOMETIMES,YES,NO,YES,YES,NOT_SURE,NOT_SURE,NO,NOT_SURE,YES,SOMETIMES,SOMETIMES,NOT_SURE,NOT_SURE,NOT_SURE,YES,SOMETIMES,SOMETIMES,SOMETIMES,YES,SOMETIMES,NOT_SURE,SOMETIMES,NO,NO,YES,SOMETIMES
SYN-0873,FRIENDS,YES,YES,YES,NOT_SURE,YES,YES,YES,PUBLIC,YES,YES,YES,SOMETIMES,NOT_SURE,NOT_SURE,NO,YES,NOT_SURE,NO,NOT_SURE,87,CRITICAL,67,100,91,85,89,79,82,89,89,91,FRIENDS,NOT_SURE,PUBLIC,YES,YES,YES,YES,YES,YES,YES,YES,YES,YES,YES,NOT_SURE,YES,YES,PUBLIC,YES,NOT_SURE,NOT_SURE,YES,NOT_SURE,NO,YES,YES,SOMETIMES,YES,YES,NOT_SURE,YES,SOMETIMES,NO,NOT_SURE,NOT_SURE,NO,NOT_SURE,NO,NO,YES,YES,NOT_SURE,YES,YES,NOT_SURE,NO,NO,YES,NO,NOT_SURE,NO
SYN-0874,FRIENDS,NO,NOT_SURE,NO,NO,NOT_SURE,NO,NO,NOT_SURE,SOMETIMES,NO,NO,SOMETIMES,NOT_SURE,NOT_SURE,NOT_SURE,SOMETIMES,NO,SOMETIMES,YES,41,HIGH,47,30,25,76,7,50,62,63,33,29,FRIENDS,NOT_SURE,PRIVATE,NOT_SURE,NO,NOT_SURE,NO,NOT_SURE,NOT_SURE,NO,NO,NOT_SURE,SOMETIMES,NO,NO,NO,SOMETIMES,NOT_SURE,SOMETIMES,YES,YES,NO,NO,YES,SOMETIMES,SOMETIMES,SOMETIMES,SOMETIMES,SOMETIMES,NOT_SURE,SOMETIMES,SOMETIMES,NOT_SURE,SOMETIMES,NOT_SURE,NOT_SURE,NOT_SURE,SOMETIMES,NOT_SURE,SOMETIMES,NOT_SURE,NO,NOT_SURE,SOMETIMES,NO,YES,SOMETIMES,SOMETIMES,SOMETIMES,YES,YES
SYN-0875,NOT_SURE,YES,NOT_SURE,NOT_SURE,NOT_SURE,YES,NOT_SURE,NOT_SURE,NOT_SURE,YES,NOT_SURE,YES,SOMETIMES,NO,SOMETIMES,NO,NOT_SURE,YES,NO,NOT_SURE,76,CRITICAL,74,83,73,64,93,50,76,74,84,74,NOT_SURE,YES,FRIENDS,NOT_SURE,YES,NOT_SURE,NOT_SURE,YES,YES,NOT_SURE,NOT_SURE,YES,YES,SOMETIMES,NOT_SURE,NOT_SURE,SOMETIMES,NOT_SURE,SOMETIMES,SOMETIMES,YES,YES,YES,SOMETIMES,YES,SOMETIMES,SOMETIMES,SOMETIMES,SOMETIMES,SOMETIMES,NOT_SURE,NO,NO,NO,NO,NO,NO,SOMETIMES,NOT_SURE,SOMETIMES,YES,YES,YES,NOT_SURE,SOMETIMES,SOMETIMES,NO,NOT_SURE,NOT_SURE,NOT_SURE,SOMETIMES
SYN-0876,PRIVATE,NOT_SURE,NOT_SURE,NOT_SURE,YES,NO,NOT_SURE,NOT_SURE,NOT_SURE,NOT_SURE,YES,NOT_SURE,NOT_SURE,NOT_SURE,NO,SOMETIMES,NOT_SURE,NOT_SURE,SOMETIMES,NOT_SURE,64,HIGH,31,51,84,61,69,81,74,75,57,59,PRIVATE,SOMETIMES,NOT_SURE,SOMETIMES,NOT_SURE,NOT_SURE,NOT_SURE,NOT_SURE,NO,NOT_SURE,NOT_SURE,YES,NOT_SURE,NOT_SURE,YES,YES,SOMETIMES,NOT_SURE,SOMETIMES,NOT_SURE,NOT_SURE,NOT_SURE,YES,SOMETIMES,SOMETIMES,YES,NOT_SURE,YES,NOT_SURE,NO,NOT_SURE,SOMETIMES,SOMETIMES,NOT_SURE,NO,NOT_SURE,NOT_SURE,NOT_SURE,NO,SOMETIMES,NO,NOT_SURE,NOT_SURE,NOT_SURE,NOT_SURE,NO,SOMETIMES,SOMETIMES,NOT_SURE,NOT_SURE,SOMETIMES
SYN-0877,FRIENDS,YES,NOT_SURE,NOT_SURE,NOT_SURE,NOT_SURE,NOT_SURE,YES,NOT_SURE,NOT_SURE,NOT_SURE,YES,NO,NO,NO,NOT_SURE,SOMETIMES,SOMETIMES,NOT_SURE,SOMETIMES,76,CRITICAL,79,80,65,69,89,86,81,88,71,60,FRIENDS,YES,PUBLIC,YES,YES,NOT_SURE,NOT_SURE,YES,NOT_SURE,NOT_SURE,YES,NOT_SURE,NOT_SURE,YES,NOT_SURE,NOT_SURE,SOMETIMES,NOT_SURE,NOT_SURE,NOT_SURE,YES,YES,NOT_SURE,NO,YES,SOMETIMES,NO,YES,YES,NO,SOMETIMES,NO,NOT_SURE,NOT_SURE,NO,NO,NO,SOMETIMES,NO,YES,YES,SOMETIMES,NOT_SURE,YES,NOT_SURE,NOT_SURE,NOT_SURE,NOT_SURE,NOT_SURE,SOMETIMES,SOMETIMES
SYN-0878,PRIVATE,NOT_SURE,NO,NOT_SURE,NO,NO,NOT_SURE,NOT_SURE,PRIVATE,NO,SOMETIMES,NO,YES,YES,YES,SOMETIMES,SOMETIMES,NO,YES,SOMETIMES,23,MODERATE,7,43,28,21,17,26,34,6,0,14,PRIVATE,NO,FRIENDS,NO,NOT_SURE,NO,NOT_SURE,NOT_SURE,NO,NOT_SURE,NOT_SURE,SOMETIMES,NO,NOT_SURE,NO,SOMETIMES,NO,PRIVATE,NO,NOT_SURE,SOMETIMES,NO,NOT_SURE,YES,NO,NOT_SURE,YES,NO,NOT_SURE,YES,SOMETIMES,SOMETIMES,SOMETIMES,NOT_SURE,YES,SOMETIMES,YES,YES,YES,SOMETIMES,NO,NO,NO,NO,NO,YES,YES,NO,YES,SOMETIMES,YES
SYN-0879,PRIVATE,NO,NOT_SURE,NOT_SURE,NO,NO,NO,NO,FRIENDS,NO,NO,NO,NOT_SURE,SOMETIMES,YES,YES,NO,NO,SOMETIMES,YES,17,LOW,0,30,8,38,7,63,4,19,4,29,PRIVATE,NO,PRIVATE,NO,NO,NOT_SURE,NOT_SURE,NOT_SURE,NO,NO,NO,NO,NO,SOMETIMES,NO,NO,NO,FRIENDS,SOMETIMES,NO,SOMETIMES,NO,NO,YES,SOMETIMES,NOT_SURE,NOT_SURE,NOT_SURE,SOMETIMES,YES,NO,YES,YES,YES,SOMETIMES,YES,SOMETIMES,YES,YES,NO,NO,NO,NO,NO,NOT_SURE,YES,SOMETIMES,NO,SOMETIMES,YES,SOMETIMES
SYN-0880,NOT_SURE,NO,NO,NOT_SURE,YES,NO,NOT_SURE,NOT_SURE,FRIENDS,SOMETIMES,YES,SOMETIMES,SOMETIMES,SOMETIMES,SOMETIMES,SOMETIMES,NOT_SURE,SOMETIMES,NOT_SURE,NOT_SURE,57,HIGH,60,30,82,51,56,56,54,56,61,73,NOT_SURE,SOMETIMES,FRIENDS,NOT_SURE,NO,NO,NOT_SURE,NOT_SURE,NO,NOT_SURE,NOT_SURE,YES,SOMETIMES,NOT_SURE,YES,YES,SOMETIMES,FRIENDS,SOMETIMES,SOMETIMES,NOT_SURE,SOMETIMES,NOT_SURE,NOT_SURE,SOMETIMES,NOT_SURE,SOMETIMES,NOT_SURE,NOT_SURE,SOMETIMES,NOT_SURE,SOMETIMES,SOMETIMES,SOMETIMES,SOMETIMES,NOT_SURE,SOMETIMES,SOMETIMES,SOMETIMES,YES,SOMETIMES,SOMETIMES,SOMETIMES,YES,NOT_SURE,NOT_SURE,NOT_SURE,NOT_SURE,NO,NOT_SURE,NOT_SURE
SYN-0881,PRIVATE,NOT_SURE,NOT_SURE,YES,NOT_SURE,NOT_SURE,NOT_SURE,NOT_SURE,FRIENDS,SOMETIMES,YES,SOMETIMES,SOMETIMES,SOMETIMES,SOMETIMES,SOMETIMES,NO,NOT_SURE,YES,SOMETIMES,47,HIGH,21,66,62,44,46,51,33,51,50,36,PRIVATE,SOMETIMES,PRIVATE,SOMETIMES,NOT_SURE,NOT_SURE,YES,NOT_SURE,NOT_SURE,NOT_SURE,NOT_SURE,SOMETIMES,SOMETIMES,NOT_SURE,NOT_SURE,YES,NOT_SURE,FRIENDS,NO,SOMETIMES,YES,SOMETIMES,NOT_SURE,SOMETIMES,NO,SOMETIMES,SOMETIMES,NOT_SURE,SOMETIMES,SOMETIMES,NO,SOMETIMES,SOMETIMES,YES,SOMETIMES,SOMETIMES,SOMETIMES,SOMETIMES,SOMETIMES,NOT_SURE,SOMETIMES,NOT_SURE,SOMETIMES,NOT_SURE,NO,SOMETIMES,YES,NO,NO,SOMETIMES,SOMETIMES
SYN-0882,FRIENDS,NOT_SURE,NO,NO,NO,NO,NO,NOT_SURE,PRIVATE,NO,NO,NO,YES,NOT_SURE,YES,YES,SOMETIMES,NO,YES,YES,17,LOW,37,17,8,0,0,26,15,71,21,7,FRIENDS,NO,FRIENDS,NOT_SURE,NOT_SURE,NO,NO,NO,NO,NO,NOT_SURE,NO,NO,SOMETIMES,NO,NO,NO,PRIVATE,NO,NO,NO,NO,NO,YES,NO,NOT_SURE,YES,NO,NOT_SURE,YES,SOMETIMES,YES,YES,YES,SOMETIMES,YES,NOT_SURE,NO,SOMETIMES,NOT_SURE,NO,NO,SOMETIMES,NO,NO,SOMETIMES,YES,NO,SOMETIMES,YES,YES
SYN-0883,FRIENDS,NO,NOT_SURE,NOT_SURE,NOT_SURE,NO,NO,NO,FRIENDS,SOMETIMES,NO,NOT_SURE,SOMETIMES,NOT_SURE,SOMETIMES,NOT_SURE,NOT_SURE,NO,SOMETIMES,SOMETIMES,39,MODERATE,53,17,29,55,41,43,58,57,7,47,FRIENDS,NOT_SURE,FRIENDS,SOMETIMES,NO,NOT_SURE,NOT_SURE,NO,NO,NO,NO,NO,SOMETIMES,SOMETIMES,NOT_SURE,NO,NO,FRIENDS,NOT_SURE,NOT_SURE,SOMETIMES,NOT_SURE,NO,SOMETIMES,NOT_SURE,SOMETIMES,SOMETIMES,SOMETIMES,NO,SOMETIMES,NOT_SURE,NOT_SURE,NOT_SURE,SOMETIMES,NOT_SURE,SOMETIMES,NOT_SURE,SOMETIMES,SOMETIMES,SOMETIMES,SOMETIMES,NO,NO,NO,NO,YES,SOMETIMES,NOT_SURE,NOT_SURE,SOMETIMES,YES
SYN-0884,NOT_SURE,YES,NOT_SURE,NOT_SURE,NOT_SURE,NOT_SURE,NOT_SURE,NOT_SURE,FRIENDS,NOT_SURE,NOT_SURE,SOMETIMES,YES,SOMETIMES,SOMETIMES,SOMETIMES,NO,YES,NO,SOMETIMES,54,HIGH,53,69,59,38,53,9,44,50,70,71,NOT_SURE,SOMETIMES,PRIVATE,NOT_SURE,YES,NOT_SURE,NOT_SURE,NOT_SURE,NOT_SURE,NOT_SURE,NOT_SURE,NOT_SURE,NOT_SURE,NOT_SURE,NOT_SURE,NOT_SURE,SOMETIMES,FRIENDS,NO,SOMETIMES,SOMETIMES,SOMETIMES,NOT_SURE,SOMETIMES,SOMETIMES,NO,YES,NOT_SURE,NO,SOMETIMES,NO,NO,SOMETIMES,SOMETIMES,SOMETIMES,NOT_SURE,SOMETIMES,SOMETIMES,SOMETIMES,SOMETIMES,NOT_SURE,YES,SOMETIMES,YES,NOT_SURE,SOMETIMES,NO,NOT_SURE,NOT_SURE,SOMETIMES,NOT_SURE
SYN-0885,NOT_SURE,NO,NOT_SURE,NO,NOT_SURE,NO,NOT_SURE,NO,FRIENDS,NO,NOT_SURE,NO,YES,SOMETIMES,YES,YES,NO,NOT_SURE,YES,YES,31,MODERATE,54,13,58,40,24,7,4,38,52,14,NOT_SURE,SOMETIMES,NOT_SURE,NO,NO,NOT_SURE,NO,NO,NO,NOT_SURE,NO,YES,NO,SOMETIMES,NOT_SURE,NOT_SURE,SOMETIMES,FRIENDS,NO,NOT_SURE,SOMETIMES,NO,NOT_SURE,SOMETIMES,NO,NO,YES,NO,SOMETIMES,YES,NO,YES,YES,YES,SOMETIMES,YES,SOMETIMES,YES,SOMETIMES,SOMETIMES,NO,NOT_SURE,NOT_SURE,NOT_SURE,SOMETIMES,NOT_SURE,YES,NO,SOMETIMES,YES,SOMETIMES
SYN-0886,FRIENDS,NOT_SURE,NOT_SURE,NO,NO,NO,NOT_SURE,NO,FRIENDS,NO,SOMETIMES,SOMETIMES,NO,YES,SOMETIMES,SOMETIMES,SOMETIMES,SOMETIMES,YES,YES,36,MODERATE,36,26,19,54,29,71,46,0,59,23,FRIENDS,SOMETIMES,PRIVATE,NO,NOT_SURE,NOT_SURE,NO,NO,NO,NOT_SURE,NO,SOMETIMES,NO,NO,NO,SOMETIMES,NO,FRIENDS,SOMETIMES,NOT_SURE,NOT_SURE,SOMETIMES,NO,SOMETIMES,NO,SOMETIMES,NO,SOMETIMES,SOMETIMES,SOMETIMES,SOMETIMES,SOMETIMES,SOMETIMES,SOMETIMES,SOMETIMES,YES,YES,YES,YES,NO,NOT_SURE,SOMETIMES,NOT_SURE,NOT_SURE,NOT_SURE,NOT_SURE,YES,NOT_SURE,SOMETIMES,YES,SOMETIMES
SYN-0887,NOT_SURE,NOT_SURE,NO,NO,NOT_SURE,NOT_SURE,NO,NO,FRIENDS,NO,NO,NOT_SURE,SOMETIMES,SOMETIMES,NOT_SURE,SOMETIMES,YES,SOMETIMES,SOMETIMES,SOMETIMES,49,HIGH,66,34,18,55,57,60,71,39,46,54,NOT_SURE,NOT_SURE,NOT_SURE,NOT_SURE,NOT_SURE,NO,NO,NOT_SURE,NOT_SURE,NO,NO,NO,NO,NO,NOT_SURE,NO,NOT_SURE,FRIENDS,NOT_SURE,NOT_SURE,SOMETIMES,NOT_SURE,NOT_SURE,SOMETIMES,SOMETIMES,NOT_SURE,SOMETIMES,SOMETIMES,YES,NOT_SURE,YES,SOMETIMES,SOMETIMES,NOT_SURE,SOMETIMES,NOT_SURE,SOMETIMES,YES,SOMETIMES,NOT_SURE,NO,SOMETIMES,SOMETIMES,SOMETIMES,SOMETIMES,NOT_SURE,SOMETIMES,NOT_SURE,NOT_SURE,SOMETIMES,SOMETIMES
SYN-0888,PRIVATE,NO,NOT_SURE,NOT_SURE,NOT_SURE,NOT_SURE,NOT_SURE,NOT_SURE,PUBLIC,NO,SOMETIMES,SOMETIMES,NO,NOT_SURE,NOT_SURE,NOT_SURE,NOT_SURE,SOMETIMES,NOT_SURE,SOMETIMES,50,HIGH,14,34,42,78,56,71,67,45,54,54,PRIVATE,SOMETIMES,PRIVATE,NO,NO,NOT_SURE,NOT_SURE,NO,NOT_SURE,NOT_SURE,NOT_SURE,SOMETIMES,NO,NOT_SURE,NOT_SURE,SOMETIMES,NO,PUBLIC,NOT_SURE,SOMETIMES,YES,SOMETIMES,NOT_SURE,NOT_SURE,SOMETIMES,SOMETIMES,NO,SOMETIMES,SOMETIMES,NOT_SURE,NOT_SURE,SOMETIMES,NOT_SURE,NOT_SURE,SOMETIMES,NO,NOT_SURE,YES,SOMETIMES,SOMETIMES,NOT_SURE,SOMETIMES,SOMETIMES,NOT_SURE,NOT_SURE,SOMETIMES,NOT_SURE,NO,NOT_SURE,SOMETIMES,NOT_SURE
SYN-0889,PUBLIC,NO,NO,NOT_SURE,NO,NO,NOT_SURE,NO,FRIENDS,YES,NO,SOMETIMES,YES,SOMETIMES,YES,SOMETIMES,SOMETIMES,SOMETIMES,SOMETIMES,YES,39,MODERATE,74,26,37,54,37,7,22,49,57,31,PUBLIC,NOT_SURE,FRIENDS,SOMETIMES,NO,NO,NOT_SURE,NOT_SURE,NO,NOT_SURE,NO,NOT_SURE,YES,SOMETIMES,NO,NO,NO,FRIENDS,NOT_SURE,SOMETIMES,NOT_SURE,SOMETIMES,NO,SOMETIMES,NOT_SURE,NO,YES,SOMETIMES,NO,YES,SOMETIMES,SOMETIMES,SOMETIMES,YES,YES,YES,SOMETIMES,NOT_SURE,SOMETIMES,NO,YES,SOMETIMES,SOMETIMES,SOMETIMES,SOMETIMES,SOMETIMES,SOMETIMES,SOMETIMES,YES,YES,NOT_SURE
SYN-0890,FRIENDS,YES,NOT_SURE,YES,YES,YES,YES,NOT_SURE,FRIENDS,YES,YES,NOT_SURE,NOT_SURE,NOT_SURE,NO,NO,SOMETIMES,YES,NOT_SURE,SOMETIMES,78,CRITICAL,69,91,78,71,67,76,79,76,87,73,FRIENDS,YES,NOT_SURE,NOT_SURE,YES,NOT_SURE,YES,YES,YES,YES,NOT_SURE,SOMETIMES,YES,NOT_SURE,YES,YES,SOMETIMES,FRIENDS,YES,NOT_SURE,YES,NOT_SURE,NOT_SURE,NOT_SURE,YES,YES,NOT_SURE,NOT_SURE,NOT_SURE,NO,SOMETIMES,NOT_SURE,NO,SOMETIMES,NO,NOT_SURE,NOT_SURE,NO,NOT_SURE,NOT_SURE,NOT_SURE,YES,YES,SOMETIMES,YES,NO,NOT_SURE,YES,NOT_SURE,SOMETIMES,NO
SYN-0891,FRIENDS,NOT_SURE,NO,NO,NO,NO,NO,NOT_SURE,FRIENDS,SOMETIMES,SOMETIMES,NO,SOMETIMES,SOMETIMES,YES,YES,NO,NO,YES,YES,25,MODERATE,21,30,35,53,17,39,9,31,0,21,FRIENDS,NO,PRIVATE,NO,NOT_SURE,NO,NO,NOT_SURE,NO,NO,NOT_SURE,SOMETIMES,SOMETIMES,SOMETIMES,NO,SOMETIMES,NO,FRIENDS,NOT_SURE,SOMETIMES,SOMETIMES,NO,NO,NOT_SURE,SOMETIMES,NOT_SURE,SOMETIMES,NO,NO,YES,NO,NOT_SURE,YES,YES,SOMETIMES,YES,SOMETIMES,SOMETIMES,YES,NO,NO,NO,NO,NO,NO,YES,YES,SOMETIMES,SOMETIMES,YES,SOMETIMES
SYN-0892,PRIVATE,NOT_SURE,NOT_SURE,NOT_SURE,NOT_SURE,NOT_SURE,NOT_SURE,NOT_SURE,PRIVATE,SOMETIMES,SOMETIMES,NOT_SURE,NOT_SURE,NO,SOMETIMES,SOMETIMES,NOT_SURE,SOMETIMES,SOMETIMES,NOT_SURE,55,HIGH,14,69,65,35,43,81,60,75,62,60,PRIVATE,NO,FRIENDS,SOMETIMES,NOT_SURE,NOT_SURE,NOT_SURE,YES,NOT_SURE,NOT_SURE,NOT_SURE,YES,SOMETIMES,NOT_SURE,NOT_SURE,SOMETIMES,SOMETIMES,PRIVATE,SOMETIMES,NOT_SURE,NOT_SURE,NOT_SURE,NO,NOT_SURE,SOMETIMES,YES,NOT_SURE,YES,NOT_SURE,SOMETIMES,NOT_SURE,NO,SOMETIMES,NOT_SURE,NOT_SURE,SOMETIMES,NO,SOMETIMES,SOMETIMES,YES,YES,SOMETIMES,SOMETIMES,NOT_SURE,YES,SOMETIMES,SOMETIMES,NOT_SURE,SOMETIMES,NOT_SURE,NOT_SURE
SYN-0893,NOT_SURE,NOT_SURE,NOT_SURE,NOT_SURE,NOT_SURE,YES,NOT_SURE,NOT_SURE,NOT_SURE,SOMETIMES,NOT_SURE,SOMETIMES,SOMETIMES,SOMETIMES,SOMETIMES,SOMETIMES,NOT_SURE,SOMETIMES,SOMETIMES,NOT_SURE,56,HIGH,74,66,55,54,54,54,55,44,40,56,NOT_SURE,YES,FRIENDS,NOT_SURE,NOT_SURE,NOT_SURE,NOT_SURE,NOT_SURE,YES,NOT_SURE,NOT_SURE,SOMETIMES,SOMETIMES,NOT_SURE,NOT_SURE,NOT_SURE,SOMETIMES,NOT_SURE,SOMETIMES,NOT_SURE,NO,SOMETIMES,NOT_SURE,SOMETIMES,NOT_SURE,NOT_SURE,SOMETIMES,NOT_SURE,SOMETIMES,SOMETIMES,NOT_SURE,SOMETIMES,SOMETIMES,SOMETIMES,NOT_SURE,NOT_SURE,SOMETIMES,SOMETIMES,SOMETIMES,NO,NOT_SURE,SOMETIMES,NO,SOMETIMES,SOMETIMES,NOT_SURE,SOMETIMES,YES,YES,NOT_SURE,SOMETIMES
SYN-0894,FRIENDS,NOT_SURE,NOT_SURE,NO,NO,NO,YES,NOT_SURE,PRIVATE,NO,NO,NO,SOMETIMES,YES,YES,SOMETIMES,NO,NO,YES,YES,26,MODERATE,46,46,15,20,14,54,7,18,33,21,FRIENDS,NOT_SURE,FRIENDS,NO,NOT_SURE,NOT_SURE,NO,NOT_SURE,NO,YES,NOT_SURE,SOMETIMES,NO,NO,NO,NO,SOMETIMES,PRIVATE,NO,SOMETIMES,NOT_SURE,NO,NO,SOMETIMES,SOMETIMES,NOT_SURE,SOMETIMES,SOMETIMES,NOT_SURE,YES,NO,YES,SOMETIMES,YES,YES,YES,YES,NOT_SURE,YES,NO,SOMETIMES,NO,NOT_SURE,NOT_SURE,NO,YES,YES,SOMETIMES,SOMETIMES,YES,SOMETIMES
SYN-0895,NOT_SURE,YES,NOT_SURE,YES,YES,NOT_SURE,NOT_SURE,NOT_SURE,PUBLIC,NOT_SURE,YES,YES,NO,NO,NO,NO,NOT_SURE,YES,NOT_SURE,NOT_SURE,81,CRITICAL,69,74,94,84,76,94,83,100,68,71,NOT_SURE,NOT_SURE,FRIENDS,YES,YES,NOT_SURE,YES,NOT_SURE,NOT_SURE,NOT_SURE,NOT_SURE,YES,NOT_SURE,YES,YES,YES,YES,PUBLIC,YES,NOT_SURE,SOMETIMES,YES,NOT_SURE,SOMETIMES,NOT_SURE,YES,NO,YES,NOT_SURE,NO,NOT_SURE,NOT_SURE,NO,NOT_SURE,NOT_SURE,NO,NO,NO,NO,YES,YES,YES,SOMETIMES,SOMETIMES,SOMETIMES,SOMETIMES,NOT_SURE,YES,SOMETIMES,NOT_SURE,NOT_SURE
SYN-0896,NOT_SURE,NOT_SURE,YES,YES,YES,YES,YES,NOT_SURE,PUBLIC,YES,SOMETIMES,YES,NOT_SURE,NO,NOT_SURE,NOT_SURE,NO,SOMETIMES,NOT_SURE,NO,80,CRITICAL,66,89,89,100,81,74,57,85,82,79,NOT_SURE,SOMETIMES,FRIENDS,YES,NOT_SURE,YES,YES,YES,YES,YES,NOT_SURE,YES,YES,YES,YES,SOMETIMES,NOT_SURE,PUBLIC,YES,YES,YES,YES,NOT_SURE,SOMETIMES,YES,YES,NOT_SURE,SOMETIMES,NOT_SURE,NOT_SURE,NO,NO,NOT_SURE,NOT_SURE,SOMETIMES,NO,NO,NOT_SURE,NOT_SURE,YES,SOMETIMES,SOMETIMES,YES,YES,YES,NO,NOT_SURE,NOT_SURE,SOMETIMES,NO,NO
SYN-0897,FRIENDS,NO,NOT_SURE,NOT_SURE,NOT_SURE,NOT_SURE,NO,NO,FRIENDS,NO,NOT_SURE,NO,SOMETIMES,NOT_SURE,NOT_SURE,SOMETIMES,SOMETIMES,NO,SOMETIMES,SOMETIMES,44,HIGH,51,39,59,54,7,54,53,51,26,36,FRIENDS,SOMETIMES,FRIENDS,NOT_SURE,NO,NOT_SURE,NOT_SURE,NOT_SURE,NOT_SURE,NO,NO,YES,NO,NOT_SURE,NOT_SURE,NOT_SURE,SOMETIMES,FRIENDS,NOT_SURE,SOMETIMES,NOT_SURE,NO,NO,SOMETIMES,NO,NOT_SURE,SOMETIMES,SOMETIMES,NOT_SURE,NOT_SURE,SOMETIMES,SOMETIMES,SOMETIMES,YES,NOT_SURE,NOT_SURE,NOT_SURE,YES,SOMETIMES,YES,NO,NO,SOMETIMES,NO,NOT_SURE,SOMETIMES,SOMETIMES,SOMETIMES,YES,SOMETIMES,YES
SYN-0898,PRIVATE,NOT_SURE,NO,NO,NO,NO,NOT_SURE,NO,PRIVATE,SOMETIMES,NOT_SURE,NO,NOT_SURE,SOMETIMES,YES,YES,SOMETIMES,NOT_SURE,YES,YES,22,MODERATE,0,17,42,13,7,30,22,19,53,0,PRIVATE,NO,PRIVATE,NO,NOT_SURE,NO,NO,NO,NO,NOT_SURE,NO,SOMETIMES,SOMETIMES,NOT_SURE,NO,NOT_SURE,NOT_SURE,PRIVATE,NO,SOMETIMES,NO,NO,NO,YES,SOMETIMES,NO,NOT_SURE,NO,NO,YES,SOMETIMES,SOMETIMES,YES,YES,SOMETIMES,SOMETIMES,SOMETIMES,YES,YES,NO,NOT_SURE,NOT_SURE,NOT_SURE,SOMETIMES,NO,SOMETIMES,YES,NO,YES,YES,YES
SYN-0899,FRIENDS,NOT_SURE,NO,NOT_SURE,NOT_SURE,NO,NOT_SURE,NOT_SURE,FRIENDS,NOT_SURE,SOMETIMES,NOT_SURE,SOMETIMES,SOMETIMES,YES,NOT_SURE,NOT_SURE,NOT_SURE,YES,SOMETIMES,49,HIGH,60,43,55,59,40,47,43,44,51,39,FRIENDS,NOT_SURE,FRIENDS,YES,NOT_SURE,NO,NOT_SURE,NOT_SURE,NO,NOT_SURE,NOT_SURE,SOMETIMES,NOT_SURE,NOT_SURE,NOT_SURE,SOMETIMES,SOMETIMES,FRIENDS,SOMETIMES,NOT_SURE,YES,NOT_SURE,NO,SOMETIMES,SOMETIMES,NOT_SURE,SOMETIMES,NOT_SURE,NO,YES,NOT_SURE,SOMETIMES,NOT_SURE,SOMETIMES,NOT_SURE,NOT_SURE,SOMETIMES,NOT_SURE,YES,NOT_SURE,SOMETIMES,NOT_SURE,NOT_SURE,SOMETIMES,NO,SOMETIMES,YES,SOMETIMES,NOT_SURE,SOMETIMES,SOMETIMES
SYN-0900,PRIVATE,NOT_SURE,NOT_SURE,NOT_SURE,NOT_SURE,NOT_SURE,NOT_SURE,NO,FRIENDS,SOMETIMES,NO,SOMETIMES,YES,NO,NOT_SURE,YES,SOMETIMES,NOT_SURE,NOT_SURE,NOT_SURE,44,HIGH,17,43,55,46,37,33,47,38,54,64,PRIVATE,NO,NOT_SURE,SOMETIMES,NOT_SURE,NOT_SURE,NOT_SURE,NO,NOT_SURE,NOT_SURE,NO,NOT_SURE,SOMETIMES,YES,NOT_SURE,NO,SOMETIMES,FRIENDS,SOMETIMES,NOT_SURE,NO,SOMETIMES,NO,SOMETIMES,NOT_SURE,NOT_SURE,YES,NOT_SURE,SOMETIMES,NOT_SURE,SOMETIMES,SOMETIMES,YES,NOT_SURE,YES,SOMETIMES,NO,YES,YES,NO,NOT_SURE,NOT_SURE,NOT_SURE,NOT_SURE,NO,SOMETIMES,NOT_SURE,SOMETIMES,NOT_SURE,NOT_SURE,SOMETIMES
SYN-0901,NOT_SURE,YES,NOT_SURE,YES,YES,NOT_SURE,YES,NOT_SURE,FRIENDS,YES,YES,YES,SOMETIMES,NOT_SURE,SOMETIMES,NO,YES,YES,SOMETIMES,NOT_SURE,71,CRITICAL,71,64,91,46,84,53,78,69,70,56,NOT_SURE,NOT_SURE,NOT_SURE,YES,YES,NOT_SURE,YES,NO,NOT_SURE,YES,NOT_SURE,YES,YES,NOT_SURE,YES,YES,NOT_SURE,FRIENDS,SOMETIMES,NOT_SURE,NO,YES,NOT_SURE,NOT_SURE,YES,SOMETIMES,SOMETIMES,NOT_SURE,NOT_SURE,SOMETIMES,YES,SOMETIMES,NO,NO,SOMETIMES,NO,NOT_SURE,NOT_SURE,NOT_SURE,NOT_SURE,NOT_SURE,YES,SOMETIMES,NOT_SURE,YES,NOT_SURE,SOMETIMES,SOMETIMES,SOMETIMES,NOT_SURE,SOMETIMES
SYN-0902,FRIENDS,YES,YES,NOT_SURE,NOT_SURE,YES,YES,NOT_SURE,PUBLIC,YES,NOT_SURE,NOT_SURE,NOT_SURE,SOMETIMES,NO,NOT_SURE,SOMETIMES,NOT_SURE,NO,NOT_SURE,76,CRITICAL,63,91,66,100,50,70,82,60,80,91,FRIENDS,NOT_SURE,NOT_SURE,YES,YES,YES,NOT_SURE,YES,YES,YES,NOT_SURE,NOT_SURE,YES,NOT_SURE,NOT_SURE,NOT_SURE,NOT_SURE,PUBLIC,YES,YES,YES,NOT_SURE,NO,NOT_SURE,YES,NOT_SURE,NOT_SURE,YES,NOT_SURE,NO,SOMETIMES,NO,NOT_SURE,NO,NOT_SURE,NO,SOMETIMES,NOT_SURE,NOT_SURE,SOMETIMES,NOT_SURE,NOT_SURE,YES,NOT_SURE,YES,NO,NO,YES,NO,NOT_SURE,NO
SYN-0903,PRIVATE,NOT_SURE,YES,YES,NOT_SURE,NOT_SURE,YES,NO,NOT_SURE,YES,SOMETIMES,NOT_SURE,SOMETIMES,NO,NO,NO,NOT_SURE,YES,SOMETIMES,NOT_SURE,68,HIGH,51,57,74,60,59,53,82,80,92,73,PRIVATE,YES,PUBLIC,NOT_SURE,NOT_SURE,YES,YES,NO,NOT_SURE,YES,NO,YES,YES,NOT_SURE,NOT_SURE,SOMETIMES,NOT_SURE,NOT_SURE,SOMETIMES,NOT_SURE,SOMETIMES,NOT_SURE,NOT_SURE,SOMETIMES,NOT_SURE,NOT_SURE,SOMETIMES,SOMETIMES,SOMETIMES,NO,NOT_SURE,NO,NO,NOT_SURE,SOMETIMES,NOT_SURE,NO,NOT_SURE,NOT_SURE,NOT_SURE,YES,YES,YES,YES,SOMETIMES,NOT_SURE,SOMETIMES,YES,NOT_SURE,NOT_SURE,NO
SYN-0904,PRIVATE,NO,NO,NO,NO,NO,NO,NOT_SURE,FRIENDS,NO,SOMETIMES,NO,SOMETIMES,SOMETIMES,YES,NOT_SURE,NOT_SURE,SOMETIMES,YES,YES,22,MODERATE,21,4,8,31,7,39,33,50,45,14,PRIVATE,SOMETIMES,PRIVATE,SOMETIMES,NO,NO,NO,NO,NO,NO,NOT_SURE,NO,NO,NO,NO,SOMETIMES,NO,FRIENDS,SOMETIMES,NO,NO,NO,NO,SOMETIMES,NO,NOT_SURE,SOMETIMES,NO,NO,YES,NOT_SURE,YES,NOT_SURE,SOMETIMES,SOMETIMES,YES,SOMETIMES,SOMETIMES,SOMETIMES,SOMETIMES,NOT_SURE,SOMETIMES,SOMETIMES,SOMETIMES,NOT_SURE,YES,YES,SOMETIMES,YES,YES,SOMETIMES
SYN-0905,FRIENDS,NO,NOT_SURE,NOT_SURE,NOT_SURE,NOT_SURE,NOT_SURE,NOT_SURE,PRIVATE,NOT_SURE,NOT_SURE,NOT_SURE,SOMETIMES,NO,SOMETIMES,NOT_SURE,NOT_SURE,SOMETIMES,YES,YES,47,HIGH,56,34,51,8,67,59,55,80,51,7,FRIENDS,NOT_SURE,NOT_SURE,SOMETIMES,NO,NOT_SURE,NOT_SURE,NO,NOT_SURE,NOT_SURE,NOT_SURE,NOT_SURE,NOT_SURE,NO,NOT_SURE,NOT_SURE,NOT_SURE,PRIVATE,NO,NO,NOT_SURE,NOT_SURE,NOT_SURE,NOT_SURE,YES,YES,SOMETIMES,NO,NOT_SURE,SOMETIMES,NOT_SURE,YES,NOT_SURE,NOT_SURE,NOT_SURE,SOMETIMES,NO,NOT_SURE,NOT_SURE,NOT_SURE,NOT_SURE,SOMETIMES,SOMETIMES,SOMETIMES,SOMETIMES,SOMETIMES,YES,NO,SOMETIMES,YES,YES
SYN-0906,FRIENDS,NOT_SURE,NO,NOT_SURE,NOT_SURE,NO,NOT_SURE,NO,NOT_SURE,NO,NOT_SURE,NOT_SURE,YES,SOMETIMES,NOT_SURE,NOT_SURE,SOMETIMES,SOMETIMES,NO,SOMETIMES,49,HIGH,46,26,49,74,57,0,58,50,58,71,FRIENDS,NOT_SURE,FRIENDS,NO,NOT_SURE,NO,NOT_SURE,NO,NO,NOT_SURE,NO,NOT_SURE,NO,SOMETIMES,NOT_SURE,NOT_SURE,NOT_SURE,NOT_SURE,YES,NOT_SURE,NOT_SURE,NOT_SURE,NOT_SURE,SOMETIMES,SOMETIMES,NO,YES,NO,NO,NOT_SURE,SOMETIMES,NOT_SURE,NOT_SURE,YES,NOT_SURE,NOT_SURE,SOMETIMES,SOMETIMES,SOMETIMES,SOMETIMES,SOMETIMES,SOMETIMES,NOT_SURE,NOT_SURE,YES,SOMETIMES,NO,SOMETIMES,NO,SOMETIMES,SOMETIMES
SYN-0907,NOT_SURE,NOT_SURE,NOT_SURE,NOT_SURE,NOT_SURE,YES,NOT_SURE,NOT_SURE,NOT_SURE,YES,YES,NOT_SURE,YES,NOT_SURE,NOT_SURE,SOMETIMES,NO,NOT_SURE,NO,SOMETIMES,67,HIGH,76,66,74,76,67,31,46,71,88,63,NOT_SURE,NOT_SURE,PUBLIC,YES,NOT_SURE,NOT_SURE,NOT_SURE,NOT_SURE,YES,NOT_SURE,NOT_SURE,NOT_SURE,YES,SOMETIMES,NOT_SURE,YES,YES,NOT_SURE,SOMETIMES,YES,YES,NOT_SURE,NOT_SURE,NOT_SURE,YES,NOT_SURE,YES,SOMETIMES,SOMETIMES,NOT_SURE,NO,SOMETIMES,SOMETIMES,SOMETIMES,NOT_SURE,SOMETIMES,NOT_SURE,NO,SOMETIMES,NOT_SURE,YES,NOT_SURE,YES,YES,SOMETIMES,NO,NO,NO,NOT_SURE,SOMETIMES,NOT_SURE
SYN-0908,PUBLIC,YES,NOT_SURE,NOT_SURE,NO,YES,YES,NOT_SURE,FRIENDS,NO,NOT_SURE,NOT_SURE,NO,SOMETIMES,NOT_SURE,SOMETIMES,NOT_SURE,SOMETIMES,NOT_SURE,SOMETIMES,59,HIGH,74,86,33,53,71,79,53,66,32,59,PUBLIC,SOMETIMES,NOT_SURE,SOMETIMES,YES,NOT_SURE,NOT_SURE,YES,YES,YES,NOT_SURE,SOMETIMES,NO,SOMETIMES,NO,NOT_SURE,NOT_SURE,FRIENDS,SOMETIMES,NOT_SURE,SOMETIMES,NOT_SURE,NOT_SURE,NO,YES,SOMETIMES,NO,SOMETIMES,YES,NOT_SURE,NOT_SURE,SOMETIMES,SOMETIMES,NOT_SURE,YES,YES,SOMETIMES,NOT_SURE,NOT_SURE,YES,SOMETIMES,SOMETIMES,NO,SOMETIMES,NO,SOMETIMES,NOT_SURE,NO,NO,SOMETIMES,NOT_SURE
SYN-0909,PRIVATE,NO,NO,NOT_SURE,NO,NO,NOT_SURE,NOT_SURE,PRIVATE,SOMETIMES,NO,NO,YES,NOT_SURE,SOMETIMES,YES,NO,NO,NOT_SURE,SOMETIMES,28,MODERATE,24,17,19,25,24,29,28,64,39,56,PRIVATE,NOT_SURE,PRIVATE,SOMETIMES,NO,NO,NOT_SURE,NO,NO,NOT_SURE,NOT_SURE,SOMETIMES,SOMETIMES,NO,NO,NO,NO,PRIVATE,SOMETIMES,SOMETIMES,NO,NO,NOT_SURE,YES,SOMETIMES,SOMETIMES,YES,SOMETIMES,SOMETIMES,SOMETIMES,NO,SOMETIMES,YES,SOMETIMES,SOMETIMES,YES,NOT_SURE,SOMETIMES,SOMETIMES,YES,SOMETIMES,NO,SOMETIMES,SOMETIMES,NO,NOT_SURE,NOT_SURE,SOMETIMES,SOMETIMES,SOMETIMES,SOMETIMES
SYN-0910,FRIENDS,YES,YES,YES,YES,YES,NOT_SURE,YES,NOT_SURE,YES,NOT_SURE,NOT_SURE,NOT_SURE,NO,NOT_SURE,NOT_SURE,YES,SOMETIMES,SOMETIMES,SOMETIMES,73,CRITICAL,60,89,79,64,61,66,79,88,66,57,FRIENDS,NOT_SURE,FRIENDS,YES,YES,YES,YES,NOT_SURE,YES,NOT_SURE,YES,SOMETIMES,YES,YES,YES,NOT_SURE,NOT_SURE,NOT_SURE,YES,SOMETIMES,NO,NOT_SURE,NOT_SURE,NOT_SURE,NOT_SURE,SOMETIMES,NOT_SURE,YES,SOMETIMES,NOT_SURE,YES,NOT_SURE,NOT_SURE,NOT_SURE,NOT_SURE,NO,NO,SOMETIMES,NO,YES,NOT_SURE,SOMETIMES,SOMETIMES,YES,NOT_SURE,NO,SOMETIMES,NOT_SURE,NOT_SURE,SOMETIMES,NOT_SURE
SYN-0911,PRIVATE,NO,NOT_SURE,NOT_SURE,NO,NO,NO,NO,FRIENDS,NOT_SURE,NO,NOT_SURE,SOMETIMES,NO,YES,YES,NO,SOMETIMES,YES,SOMETIMES,28,MODERATE,31,30,9,38,26,44,14,38,54,14,PRIVATE,SOMETIMES,NOT_SURE,SOMETIMES,NO,NOT_SURE,NOT_SURE,NOT_SURE,NO,NO,NO,NO,NOT_SURE,NO,NO,NO,NO,FRIENDS,SOMETIMES,NO,SOMETIMES,NOT_SURE,NO,YES,NO,SOMETIMES,SOMETIMES,NO,NOT_SURE,YES,NO,YES,YES,SOMETIMES,NOT_SURE,SOMETIMES,NO,YES,YES,NO,NOT_SURE,SOMETIMES,NOT_SURE,SOMETIMES,SOMETIMES,SOMETIMES,YES,NO,YES,SOMETIMES,YES
SYN-0912,NOT_SURE,NOT_SURE,NOT_SURE,NO,NO,NOT_SURE,NOT_SURE,NOT_SURE,PRIVATE,SOMETIMES,YES,SOMETIMES,SOMETIMES,NOT_SURE,SOMETIMES,SOMETIMES,SOMETIMES,SOMETIMES,YES,SOMETIMES,49,HIGH,64,51,49,8,36,53,59,59,69,40,NOT_SURE,NOT_SURE,NOT_SURE,SOMETIMES,NOT_SURE,NOT_SURE,NO,NOT_SURE,NOT_SURE,NOT_SURE,NOT_SURE,NOT_SURE,SOMETIMES,SOMETIMES,NO,YES,NOT_SURE,PRIVATE,NO,NO,NOT_SURE,SOMETIMES,NO,SOMETIMES,SOMETIMES,NOT_SURE,SOMETIMES,SOMETIMES,SOMETIMES,SOMETIMES,SOMETIMES,NO,SOMETIMES,NOT_SURE,NOT_SURE,NOT_SURE,NOT_SURE,SOMETIMES,SOMETIMES,NOT_SURE,NOT_SURE,SOMETIMES,YES,SOMETIMES,YES,SOMETIMES,YES,NOT_SURE,SOMETIMES,SOMETIMES,NOT_SURE
SYN-0913,NOT_SURE,NO,NOT_SURE,NOT_SURE,NOT_SURE,NO,NO,NOT_SURE,PRIVATE,SOMETIMES,NOT_SURE,NOT_SURE,YES,YES,YES,YES,SOMETIMES,NOT_SURE,YES,YES,31,MODERATE,54,21,50,6,66,29,16,18,27,9,NOT_SURE,SOMETIMES,NOT_SURE,NO,NO,NOT_SURE,NOT_SURE,NO,NO,NO,NOT_SURE,SOMETIMES,SOMETIMES,SOMETIMES,NOT_SURE,NOT_SURE,NO,PRIVATE,NO,NO,SOMETIMES,NOT_SURE,NOT_SURE,NO,NOT_SURE,SOMETIMES,YES,SOMETIMES,SOMETIMES,YES,SOMETIMES,YES,YES,YES,YES,NOT_SURE,YES,YES,NOT_SURE,NO,NO,NOT_SURE,NO,SOMETIMES,NO,SOMETIMES,YES,NOT_SURE,YES,YES,YES
SYN-0914,FRIENDS,NOT_SURE,YES,NO,NOT_SURE,NOT_SURE,NOT_SURE,NOT_SURE,FRIENDS,NO,SOMETIMES,SOMETIMES,NOT_SURE,YES,NOT_SURE,YES,SOMETIMES,SOMETIMES,SOMETIMES,SOMETIMES,43,HIGH,47,57,33,40,47,39,41,20,40,53,FRIENDS,NOT_SURE,PRIVATE,NOT_SURE,NOT_SURE,YES,NO,NOT_SURE,NOT_SURE,NOT_SURE,NOT_SURE,NO,NO,SOMETIMES,NOT_SURE,SOMETIMES,SOMETIMES,FRIENDS,NOT_SURE,NO,SOMETIMES,SOMETIMES,NOT_SURE,YES,NOT_SURE,NO,NOT_SURE,NOT_SURE,NO,NOT_SURE,SOMETIMES,NOT_SURE,YES,YES,YES,SOMETIMES,YES,YES,SOMETIMES,NOT_SURE,SOMETIMES,SOMETIMES,NO,NOT_SURE,SOMETIMES,NOT_SURE,SOMETIMES,SOMETIMES,SOMETIMES,SOMETIMES,NOT_SURE
SYN-0915,PUBLIC,NOT_SURE,YES,YES,YES,NOT_SURE,YES,NOT_SURE,PUBLIC,NOT_SURE,NOT_SURE,NOT_SURE,SOMETIMES,NO,NO,NOT_SURE,NOT_SURE,YES,NOT_SURE,NO,82,CRITICAL,90,74,88,80,69,60,82,88,96,87,PUBLIC,YES,NOT_SURE,NOT_SURE,NOT_SURE,YES,YES,NOT_SURE,NOT_SURE,YES,NOT_SURE,YES,NOT_SURE,YES,YES,NOT_SURE,YES,PUBLIC,NOT_SURE,NOT_SURE,YES,NOT_SURE,YES,SOMETIMES,SOMETIMES,NOT_SURE,SOMETIMES,SOMETIMES,YES,NO,NOT_SURE,NOT_SURE,NOT_SURE,NO,NO,NOT_SURE,NO,SOMETIMES,NO,YES,YES,YES,YES,YES,YES,NOT_SURE,NOT_SURE,YES,NO,NO,NOT_SURE
SYN-0916,NOT_SURE,NOT_SURE,NOT_SURE,NOT_SURE,NO,NOT_SURE,NOT_SURE,NOT_SURE,PUBLIC,NOT_SURE,SOMETIMES,YES,SOMETIMES,NOT_SURE,NOT_SURE,SOMETIMES,NO,YES,NOT_SURE,SOMETIMES,62,HIGH,73,60,33,100,74,67,43,63,69,77,NOT_SURE,YES,FRIENDS,SOMETIMES,NOT_SURE,NOT_SURE,NOT_SURE,NOT_SURE,NOT_SURE,NOT_SURE,NOT_SURE,SOMETIMES,NOT_SURE,NO,NO,SOMETIMES,NOT_SURE,PUBLIC,YES,YES,YES,YES,NOT_SURE,SOMETIMES,SOMETIMES,YES,SOMETIMES,NOT_SURE,NOT_SURE,NOT_SURE,NO,NOT_SURE,SOMETIMES,SOMETIMES,SOMETIMES,YES,NOT_SURE,NOT_SURE,SOMETIMES,SOMETIMES,SOMETIMES,YES,SOMETIMES,SOMETIMES,NOT_SURE,NO,NOT_SURE,YES,NO,SOMETIMES,NO
SYN-0917,NOT_SURE,NOT_SURE,YES,NOT_SURE,NOT_SURE,NOT_SURE,NOT_SURE,NOT_SURE,FRIENDS,SOMETIMES,YES,SOMETIMES,NOT_SURE,NO,NO,NO,NOT_SURE,NOT_SURE,NOT_SURE,NO,69,HIGH,76,66,70,59,46,76,81,88,61,87,NOT_SURE,NOT_SURE,PUBLIC,YES,NOT_SURE,YES,NOT_SURE,NOT_SURE,NOT_SURE,NOT_SURE,NOT_SURE,NOT_SURE,SOMETIMES,YES,NOT_SURE,YES,SOMETIMES,FRIENDS,NOT_SURE,SOMETIMES,YES,SOMETIMES,NOT_SURE,YES,SOMETIMES,NOT_SURE,NOT_SURE,YES,YES,NO,NOT_SURE,NOT_SURE,NO,SOMETIMES,NOT_SURE,NO,NO,NOT_SURE,NO,NOT_SURE,NOT_SURE,NOT_SURE,SOMETIMES,NOT_SURE,YES,NOT_SURE,NOT_SURE,YES,NOT_SURE,NO,NO
SYN-0918,PUBLIC,NOT_SURE,YES,NO,YES,NO,YES,NOT_SURE,NOT_SURE,SOMETIMES,NOT_SURE,YES,NO,NOT_SURE,NOT_SURE,SOMETIMES,SOMETIMES,SOMETIMES,NOT_SURE,SOMETIMES,58,HIGH,77,51,60,59,59,74,54,59,44,59,PUBLIC,NOT_SURE,NOT_SURE,SOMETIMES,NOT_SURE,YES,NO,NOT_SURE,NO,YES,NOT_SURE,NO,SOMETIMES,YES,YES,NOT_SURE,NOT_SURE,NOT_SURE,SOMETIMES,SOMETIMES,NOT_SURE,YES,NO,SOMETIMES,NOT_SURE,NOT_SURE,NO,SOMETIMES,SOMETIMES,NOT_SURE,SOMETIMES,YES,SOMETIMES,SOMETIMES,NOT_SURE,SOMETIMES,NOT_SURE,SOMETIMES,SOMETIMES,NOT_SURE,NO,SOMETIMES,SOMETIMES,NOT_SURE,SOMETIMES,SOMETIMES,NOT_SURE,SOMETIMES,SOMETIMES,SOMETIMES,NOT_SURE
SYN-0919,PUBLIC,NOT_SURE,NOT_SURE,NO,NOT_SURE,NO,NOT_SURE,NOT_SURE,PRIVATE,SOMETIMES,SOMETIMES,SOMETIMES,YES,SOMETIMES,NOT_SURE,NOT_SURE,NO,NOT_SURE,YES,YES,42,HIGH,79,30,56,13,61,14,48,25,47,7,PUBLIC,NOT_SURE,NOT_SURE,NOT_SURE,NOT_SURE,NOT_SURE,NO,NO,NO,NOT_SURE,NOT_SURE,SOMETIMES,SOMETIMES,YES,NOT_SURE,SOMETIMES,NO,PRIVATE,SOMETIMES,NO,NO,SOMETIMES,NOT_SURE,NO,NOT_SURE,SOMETIMES,YES,NO,NO,NOT_SURE,NO,SOMETIMES,NOT_SURE,SOMETIMES,SOMETIMES,SOMETIMES,SOMETIMES,YES,YES,SOMETIMES,NOT_SURE,NOT_SURE,NOT_SURE,NOT_SURE,NO,YES,YES,SOMETIMES,YES,YES,YES
SYN-0920,FRIENDS,NOT_SURE,NOT_SURE,YES,YES,YES,YES,NOT_SURE,PUBLIC,YES,YES,NOT_SURE,NOT_SURE,NOT_SURE,NO,NO,SOMETIMES,YES,NOT_SURE,NOT_SURE,83,CRITICAL,74,83,100,83,71,70,86,89,76,79,FRIENDS,YES,NOT_SURE,YES,NOT_SURE,NOT_SURE,YES,YES,YES,YES,NOT_SURE,YES,YES,YES,YES,YES,YES,PUBLIC,YES,SOMETIMES,NOT_SURE,NOT_SURE,YES,NOT_SURE,SOMETIMES,NOT_SURE,NOT_SURE,NOT_SURE,YES,NO,SOMETIMES,NO,NO,NOT_SURE,NO,NO,NOT_SURE,NO,NO,YES,YES,YES,SOMETIMES,YES,NOT_SURE,SOMETIMES,NOT_SURE,YES,NO,NOT_SURE,NOT_SURE
SYN-0921,PRIVATE,YES,NOT_SURE,NO,NOT_SURE,NOT_SURE,NOT_SURE,NO,PRIVATE,SOMETIMES,NO,SOMETIMES,YES,SOMETIMES,YES,YES,NO,NO,YES,YES,26,MODERATE,7,56,42,13,53,0,9,49,0,7,PRIVATE,NO,PRIVATE,SOMETIMES,YES,NOT_SURE,NO,NOT_SURE,NOT_SURE,NOT_SURE,NO,SOMETIMES,SOMETIMES,NOT_SURE,NOT_SURE,NO,NO,PRIVATE,NO,SOMETIMES,NO,SOMETIMES,NOT_SURE,SOMETIMES,SOMETIMES,NO,YES,NO,NO,YES,NO,YES,YES,SOMETIMES,SOMETIMES,YES,SOMETIMES,SOMETIMES,NOT_SURE,NO,NO,NO,NO,NO,NO,YES,YES,NO,SOMETIMES,YES,YES
SYN-0922,NOT_SURE,NOT_SURE,NOT_SURE,NOT_SURE,NOT_SURE,NOT_SURE,NOT_SURE,NOT_SURE,PUBLIC,SOMETIMES,SOMETIMES,SOMETIMES,NOT_SURE,SOMETIMES,SOMETIMES,NO,SOMETIMES,SOMETIMES,SOMETIMES,NOT_SURE,60,HIGH,66,60,56,80,53,61,59,51,51,73,NOT_SURE,NOT_SURE,NOT_SURE,NOT_SURE,NOT_SURE,NOT_SURE,NOT_SURE,NOT_SURE,NOT_SURE,NOT_SURE,NOT_SURE,SOMETIMES,SOMETIMES,SOMETIMES,NOT_SURE,SOMETIMES,YES,PUBLIC,NOT_SURE,NOT_SURE,YES,SOMETIMES,NOT_SURE,YES,YES,NOT_SURE,NOT_SURE,SOMETIMES,SOMETIMES,SOMETIMES,SOMETIMES,SOMETIMES,NO,SOMETIMES,SOMETIMES,NOT_SURE,SOMETIMES,NO,YES,NOT_SURE,SOMETIMES,SOMETIMES,NOT_SURE,NOT_SURE,YES,YES,SOMETIMES,YES,NO,NOT_SURE,NOT_SURE
SYN-0923,NOT_SURE,NOT_SURE,NOT_SURE,NOT_SURE,NO,NOT_SURE,NOT_SURE,NOT_SURE,PRIVATE,SOMETIMES,SOMETIMES,NO,YES,YES,SOMETIMES,NO,SOMETIMES,SOMETIMES,YES,YES,34,MODERATE,63,60,27,13,17,17,46,31,21,0,NOT_SURE,SOMETIMES,NOT_SURE,NOT_SURE,NOT_SURE,NOT_SURE,NOT_SURE,NOT_SURE,NOT_SURE,NOT_SURE,NOT_SURE,SOMETIMES,SOMETIMES,NO,NO,SOMETIMES,NO,PRIVATE,NO,SOMETIMES,NO,NO,NOT_SURE,YES,NO,NOT_SURE,YES,NO,NO,SOMETIMES,SOMETIMES,NOT_SURE,NO,YES,YES,YES,YES,SOMETIMES,SOMETIMES,SOMETIMES,NO,SOMETIMES,NO,NO,NO,NOT_SURE,YES,NO,YES,YES,YES
SYN-0924,FRIENDS,NOT_SURE,NOT_SURE,NOT_SURE,NOT_SURE,NOT_SURE,YES,NOT_SURE,NOT_SURE,SOMETIMES,NOT_SURE,YES,NO,NO,SOMETIMES,NO,SOMETIMES,SOMETIMES,NO,NO,68,HIGH,61,63,68,60,81,74,72,75,54,83,FRIENDS,NOT_SURE,PUBLIC,NOT_SURE,NOT_SURE,NOT_SURE,NOT_SURE,NOT_SURE,NOT_SURE,YES,NOT_SURE,YES,SOMETIMES,NOT_SURE,NOT_SURE,NOT_SURE,NOT_SURE,NOT_SURE,SOMETIMES,NOT_SURE,SOMETIMES,YES,NOT_SURE,SOMETIMES,YES,NOT_SURE,NO,SOMETIMES,SOMETIMES,SOMETIMES,SOMETIMES,NO,NO,NO,NOT_SURE,NO,NO,NOT_SURE,SOMETIMES,NOT_SURE,SOMETIMES,SOMETIMES,SOMETIMES,NOT_SURE,SOMETIMES,NOT_SURE,NO,NOT_SURE,SOMETIMES,NO,NOT_SURE
SYN-0925,FRIENDS,NO,NO,NOT_SURE,NO,NO,NO,NO,PRIVATE,SOMETIMES,NO,NO,YES,SOMETIMES,YES,YES,NO,NOT_SURE,YES,SOMETIMES,12,LOW,21,9,8,0,9,0,6,19,41,21,FRIENDS,NO,PRIVATE,NO,NO,NO,NOT_SURE,NO,NO,NO,NO,NO,SOMETIMES,NO,NO,NO,NO,PRIVATE,NO,NO,NO,NO,NO,YES,NOT_SURE,NO,YES,NO,NO,YES,NO,YES,YES,SOMETIMES,YES,YES,SOMETIMES,YES,YES,NO,NO,NOT_SURE,NOT_SURE,NO,NOT_SURE,SOMETIMES,YES,NO,YES,SOMETIMES,SOMETIMES
SYN-0926,NOT_SURE,NOT_SURE,NOT_SURE,NOT_SURE,NOT_SURE,NOT_SURE,NO,NOT_SURE,PRIVATE,SOMETIMES,NOT_SURE,SOMETIMES,NOT_SURE,SOMETIMES,NO,NOT_SURE,SOMETIMES,NOT_SURE,NOT_SURE,NOT_SURE,59,HIGH,47,56,58,33,61,74,79,69,60,61,NOT_SURE,NO,NOT_SURE,SOMETIMES,NOT_SURE,NOT_SURE,NOT_SURE,NOT_SURE,NOT_SURE,NO,NOT_SURE,SOMETIMES,SOMETIMES,SOMETIMES,NOT_SURE,NOT_SURE,YES,PRIVATE,SOMETIMES,SOMETIMES,NOT_SURE,SOMETIMES,NOT_SURE,NO,NOT_SURE,YES,NOT_SURE,NOT_SURE,SOMETIMES,NO,SOMETIMES,NOT_SURE,NOT_SURE,NO,NO,SOMETIMES,SOMETIMES,NO,NOT_SURE,NOT_SURE,NOT_SURE,NOT_SURE,NOT_SURE,SOMETIMES,NOT_SURE,NOT_SURE,NOT_SURE,SOMETIMES,SOMETIMES,NOT_SURE,SOMETIMES
SYN-0927,FRIENDS,NOT_SURE,NOT_SURE,NOT_SURE,NO,NO,NO,NOT_SURE,NOT_SURE,NO,NOT_SURE,NO,NOT_SURE,NOT_SURE,SOMETIMES,SOMETIMES,NO,NOT_SURE,SOMETIMES,SOMETIMES,44,HIGH,51,47,31,64,17,60,44,39,49,54,FRIENDS,SOMETIMES,FRIENDS,NOT_SURE,NOT_SURE,NOT_SURE,NOT_SURE,NOT_SURE,NO,NO,NOT_SURE,NOT_SURE,NO,SOMETIMES,NO,NOT_SURE,NO,NOT_SURE,NOT_SURE,NOT_SURE,NOT_SURE,NO,NO,NOT_SURE,SOMETIMES,SOMETIMES,NOT_SURE,NOT_SURE,SOMETIMES,SOMETIMES,NO,SOMETIMES,SOMETIMES,NOT_SURE,NOT_SURE,NOT_SURE,NOT_SURE,YES,SOMETIMES,NO,NO,NOT_SURE,NOT_SURE,NOT_SURE,NO,NOT_SURE,SOMETIMES,NOT_SURE,NOT_SURE,SOMETIMES,SOMETIMES
SYN-0928,NOT_SURE,YES,YES,NOT_SURE,YES,YES,YES,NOT_SURE,FRIENDS,NOT_SURE,SOMETIMES,SOMETIMES,SOMETIMES,SOMETIMES,NOT_SURE,NO,SOMETIMES,NOT_SURE,NOT_SURE,NOT_SURE,76,CRITICAL,60,91,77,71,73,73,73,68,91,69,NOT_SURE,SOMETIMES,FRIENDS,NOT_SURE,YES,YES,NOT_SURE,YES,YES,YES,NOT_SURE,YES,NOT_SURE,NOT_SURE,YES,SOMETIMES,NOT_SURE,FRIENDS,NOT_SURE,YES,YES,SOMETIMES,YES,NO,NOT_SURE,YES,SOMETIMES,YES,NOT_SURE,NOT_SURE,SOMETIMES,NOT_SURE,NO,NO,NOT_SURE,NOT_SURE,SOMETIMES,NOT_SURE,NO,SOMETIMES,YES,NOT_SURE,YES,YES,YES,NO,NOT_SURE,SOMETIMES,SOMETIMES,NOT_SURE,NO
SYN-0929,PRIVATE,NO,NO,NO,NO,NO,NO,NO,PRIVATE,SOMETIMES,NO,NO,YES,YES,YES,YES,NO,SOMETIMES,SOMETIMES,YES,11,LOW,24,0,15,0,0,16,11,0,18,36,PRIVATE,SOMETIMES,NOT_SURE,NO,NO,NO,NO,NO,NO,NO,NO,NO,SOMETIMES,SOMETIMES,NO,NO,NO,PRIVATE,NO,NO,NO,NO,NO,YES,NO,NO,YES,SOMETIMES,NOT_SURE,YES,NO,SOMETIMES,YES,YES,SOMETIMES,SOMETIMES,YES,YES,YES,NO,SOMETIMES,SOMETIMES,NO,NO,NO,YES,SOMETIMES,SOMETIMES,SOMETIMES,YES,SOMETIMES
SYN-0930,PRIVATE,NO,NO,NO,NO,NOT_SURE,NOT_SURE,NO,PRIVATE,NO,NO,NO,SOMETIMES,NOT_SURE,YES,YES,NO,SOMETIMES,SOMETIMES,YES,22,MODERATE,26,26,14,21,7,46,0,57,38,29,PRIVATE,NOT_SURE,PRIVATE,NOT_SURE,NO,NO,NO,NOT_SURE,NOT_SURE,NOT_SURE,NO,NOT_SURE,NO,NO,NO,NO,NO,PRIVATE,NOT_SURE,NO,SOMETIMES,NO,NO,YES,SOMETIMES,NOT_SURE,SOMETIMES,NO,SOMETIMES,YES,NO,YES,YES,YES,YES,YES,NOT_SURE,SOMETIMES,SOMETIMES,SOMETIMES,NOT_SURE,SOMETIMES,SOMETIMES,NO,NOT_SURE,YES,SOMETIMES,SOMETIMES,YES,YES,SOMETIMES
SYN-0931,FRIENDS,NOT_SURE,NO,NOT_SURE,NO,NOT_SURE,NOT_SURE,YES,FRIENDS,NO,SOMETIMES,NO,NOT_SURE,YES,YES,SOMETIMES,SOMETIMES,YES,NOT_SURE,SOMETIMES,34,MODERATE,36,41,8,41,26,51,27,19,66,49,FRIENDS,NO,FRIENDS,SOMETIMES,NOT_SURE,NO,NOT_SURE,NO,NOT_SURE,NOT_SURE,YES,NO,NO,NO,NO,SOMETIMES,NO,FRIENDS,NO,NOT_SURE,NOT_SURE,NO,NOT_SURE,YES,NOT_SURE,SOMETIMES,NOT_SURE,SOMETIMES,NO,YES,SOMETIMES,SOMETIMES,SOMETIMES,YES,YES,NOT_SURE,YES,YES,SOMETIMES,SOMETIMES,NOT_SURE,YES,NOT_SURE,SOMETIMES,NOT_SURE,SOMETIMES,NOT_SURE,NO,SOMETIMES,SOMETIMES,SOMETIMES
SYN-0932,PUBLIC,YES,NOT_SURE,NOT_SURE,NO,NOT_SURE,YES,YES,FRIENDS,YES,NO,YES,SOMETIMES,SOMETIMES,SOMETIMES,SOMETIMES,NO,NO,NOT_SURE,SOMETIMES,53,HIGH,74,74,29,46,83,61,40,39,31,63,PUBLIC,NOT_SURE,FRIENDS,SOMETIMES,YES,NOT_SURE,NOT_SURE,NOT_SURE,NOT_SURE,YES,YES,NOT_SURE,YES,NO,NO,NO,NO,FRIENDS,SOMETIMES,NOT_SURE,NO,YES,NOT_SURE,NO,NOT_SURE,NOT_SURE,SOMETIMES,NOT_SURE,YES,SOMETIMES,NO,SOMETIMES,SOMETIMES,SOMETIMES,NOT_SURE,SOMETIMES,SOMETIMES,SOMETIMES,YES,NOT_SURE,NOT_SURE,NO,SOMETIMES,NOT_SURE,NO,YES,NOT_SURE,YES,YES,SOMETIMES,NO
SYN-0933,FRIENDS,NO,NOT_SURE,NOT_SURE,NOT_SURE,NOT_SURE,NOT_SURE,NOT_SURE,PRIVATE,NOT_SURE,NOT_SURE,NOT_SURE,SOMETIMES,YES,SOMETIMES,SOMETIMES,NOT_SURE,NOT_SURE,SOMETIMES,NOT_SURE,50,HIGH,46,47,57,38,43,51,60,19,66,61,FRIENDS,NOT_SURE,FRIENDS,NO,NO,NOT_SURE,NOT_SURE,NOT_SURE,NOT_SURE,NOT_SURE,NOT_SURE,SOMETIMES,NOT_SURE,NOT_SURE,NOT_SURE,NOT_SURE,SOMETIMES,PRIVATE,NOT_SURE,NOT_SURE,NOT_SURE,NOT_SURE,NO,NOT_SURE,SOMETIMES,SOMETIMES,SOMETIMES,NOT_SURE,SOMETIMES,SOMETIMES,NOT_SURE,SOMETIMES,SOMETIMES,NOT_SURE,NO,NOT_SURE,YES,SOMETIMES,YES,SOMETIMES,SOMETIMES,NOT_SURE,SOMETIMES,YES,SOMETIMES,NO,SOMETIMES,SOMETIMES,NOT_SURE,NOT_SURE,NOT_SURE
SYN-0934,NOT_SURE,NOT_SURE,NO,NO,NOT_SURE,NO,NOT_SURE,NOT_SURE,PRIVATE,SOMETIMES,SOMETIMES,SOMETIMES,SOMETIMES,SOMETIMES,NO,NOT_SURE,SOMETIMES,NO,YES,SOMETIMES,52,HIGH,66,43,50,22,69,50,69,61,40,40,NOT_SURE,NOT_SURE,NOT_SURE,NOT_SURE,NOT_SURE,NO,NO,YES,NO,NOT_SURE,NOT_SURE,SOMETIMES,SOMETIMES,NOT_SURE,NOT_SURE,SOMETIMES,NO,PRIVATE,NO,NOT_SURE,NOT_SURE,SOMETIMES,YES,NOT_SURE,NOT_SURE,SOMETIMES,SOMETIMES,YES,NO,NO,SOMETIMES,SOMETIMES,NOT_SURE,SOMETIMES,SOMETIMES,NOT_SURE,SOMETIMES,SOMETIMES,NOT_SURE,YES,SOMETIMES,NO,SOMETIMES,SOMETIMES,NOT_SURE,SOMETIMES,YES,NOT_SURE,SOMETIMES,SOMETIMES,NOT_SURE
SYN-0935,NOT_SURE,YES,YES,NOT_SURE,NOT_SURE,NOT_SURE,NOT_SURE,YES,NOT_SURE,NOT_SURE,NO,SOMETIMES,SOMETIMES,NO,NOT_SURE,YES,NOT_SURE,NOT_SURE,SOMETIMES,NO,57,HIGH,37,86,47,49,53,47,57,69,59,59,NOT_SURE,NO,PRIVATE,SOMETIMES,YES,YES,NOT_SURE,YES,NOT_SURE,NOT_SURE,YES,SOMETIMES,NOT_SURE,SOMETIMES,NOT_SURE,NO,NOT_SURE,NOT_SURE,NO,NOT_SURE,NOT_SURE,SOMETIMES,NOT_SURE,SOMETIMES,SOMETIMES,NOT_SURE,SOMETIMES,NO,NOT_SURE,NOT_SURE,NOT_SURE,NOT_SURE,YES,NOT_SURE,NOT_SURE,NOT_SURE,NO,SOMETIMES,SOMETIMES,SOMETIMES,SOMETIMES,NOT_SURE,NOT_SURE,SOMETIMES,YES,SOMETIMES,SOMETIMES,NOT_SURE,YES,NO,SOMETIMES
SYN-0936,FRIENDS,NOT_SURE,YES,YES,YES,NOT_SURE,NOT_SURE,NOT_SURE,PUBLIC,NOT_SURE,YES,SOMETIMES,YES,NOT_SURE,SOMETIMES,SOMETIMES,SOMETIMES,YES,NOT_SURE,NOT_SURE,75,CRITICAL,64,80,79,95,73,50,49,89,97,73,FRIENDS,SOMETIMES,PUBLIC,YES,NOT_SURE,YES,YES,YES,NOT_SURE,NOT_SURE,NOT_SURE,SOMETIMES,NOT_SURE,YES,YES,YES,NOT_SURE,PUBLIC,YES,YES,NOT_SURE,SOMETIMES,YES,NO,NOT_SURE,YES,YES,SOMETIMES,YES,SOMETIMES,SOMETIMES,YES,SOMETIMES,NOT_SURE,SOMETIMES,SOMETIMES,NOT_SURE,NO,NO,YES,YES,YES,YES,YES,NOT_SURE,NO,NOT_SURE,NOT_SURE,NO,NOT_SURE,NOT_SURE
SYN-0937,PRIVATE,NOT_SURE,NOT_SURE,NO,NOT_SURE,NO,NO,NOT_SURE,FRIENDS,NO,NO,NO,SOMETIMES,YES,SOMETIMES,YES,SOMETIMES,SOMETIMES,YES,YES,23,MODERATE,21,26,14,19,7,43,37,13,31,17,PRIVATE,SOMETIMES,PRIVATE,SOMETIMES,NOT_SURE,NOT_SURE,NO,NO,NO,NO,NOT_SURE,NO,NO,NO,NOT_SURE,NO,NO,FRIENDS,NO,NO,NO,NO,NO,SOMETIMES,NO,SOMETIMES,SOMETIMES,SOMETIMES,NO,SOMETIMES,SOMETIMES,SOMETIMES,YES,NOT_SURE,YES,YES,YES,SOMETIMES,YES,NO,NO,SOMETIMES,NO,SOMETIMES,SOMETIMES,NOT_SURE,YES,NO,NOT_SURE,YES,SOMETIMES
SYN-0938,FRIENDS,NOT_SURE,NOT_SURE,NOT_SURE,NOT_SURE,NOT_SURE,NOT_SURE,NOT_SURE,NOT_SURE,NO,NO,NO,SOMETIMES,YES,SOMETIMES,YES,NO,NOT_SURE,SOMETIMES,SOMETIMES,33,MODERATE,40,47,37,26,17,39,24,25,31,43,FRIENDS,NO,NOT_SURE,NOT_SURE,NOT_SURE,NOT_SURE,NOT_SURE,NO,NOT_SURE,NOT_SURE,NOT_SURE,SOMETIMES,NO,SOMETIMES,NOT_SURE,NO,SOMETIMES,NOT_SURE,NO,NO,NO,NO,NO,NOT_SURE,SOMETIMES,NOT_SURE,SOMETIMES,NO,NO,SOMETIMES,NO,SOMETIMES,YES,SOMETIMES,YES,YES,YES,YES,NOT_SURE,NOT_SURE,SOMETIMES,NOT_SURE,NO,NO,SOMETIMES,SOMETIMES,SOMETIMES,SOMETIMES,YES,SOMETIMES,SOMETIMES
SYN-0939,FRIENDS,YES,NOT_SURE,YES,YES,NO,NOT_SURE,NOT_SURE,PRIVATE,YES,NOT_SURE,NOT_SURE,YES,NO,NO,SOMETIMES,SOMETIMES,NOT_SURE,NOT_SURE,SOMETIMES,62,HIGH,57,74,78,6,71,51,69,75,61,56,FRIENDS,NOT_SURE,NOT_SURE,NOT_SURE,YES,NOT_SURE,YES,YES,NO,NOT_SURE,NOT_SURE,NOT_SURE,YES,NOT_SURE,YES,NOT_SURE,YES,PRIVATE,NO,NO,SOMETIMES,NOT_SURE,YES,NOT_SURE,SOMETIMES,YES,YES,NOT_SURE,YES,NO,SOMETIMES,NOT_SURE,SOMETIMES,NOT_SURE,SOMETIMES,SOMETIMES,NO,SOMETIMES,SOMETIMES,YES,NOT_SURE,NOT_SURE,NOT_SURE,NOT_SURE,NOT_SURE,NOT_SURE,NOT_SURE,SOMETIMES,SOMETIMES,SOMETIMES,SOMETIMES
SYN-0940,PRIVATE,NO,NO,NO,NO,NO,NO,NO,NOT_SURE,YES,NO,NOT_SURE,YES,YES,NO,YES,SOMETIMES,NO,SOMETIMES,SOMETIMES,22,MODERATE,0,0,15,54,26,21,44,13,11,43,PRIVATE,NO,PRIVATE,NO,NO,NO,NO,NO,NO,NO,NO,NO,YES,NO,NO,NO,NO,NOT_SURE,NOT_SURE,SOMETIMES,NO,NOT_SURE,NO,YES,NO,SOMETIMES,YES,SOMETIMES,NO,NO,SOMETIMES,YES,YES,YES,SOMETIMES,YES,YES,YES,SOMETIMES,NO,NO,NO,NO,SOMETIMES,SOMETIMES,YES,SOMETIMES,NO,SOMETIMES,SOMETIMES,SOMETIMES
SYN-0941,PRIVATE,NO,NO,NOT_SURE,NO,NO,NO,NOT_SURE,NOT_SURE,NO,NO,NO,YES,YES,YES,YES,NO,NO,YES,YES,14,LOW,14,13,0,54,7,7,5,18,14,19,PRIVATE,NO,FRIENDS,SOMETIMES,NO,NO,NOT_SURE,NO,NO,NO,NOT_SURE,NO,NO,NO,NO,NO,NO,NOT_SURE,SOMETIMES,NOT_SURE,NO,NO,NO,SOMETIMES,NO,NO,YES,SOMETIMES,NO,YES,NO,YES,YES,YES,YES,NOT_SURE,YES,NOT_SURE,YES,NO,SOMETIMES,NO,NO,SOMETIMES,NO,YES,YES,NOT_SURE,NOT_SURE,YES,YES
SYN-0942,PRIVATE,NO,NOT_SURE,NO,NO,NOT_SURE,YES,NOT_SURE,PUBLIC,NO,YES,SOMETIMES,YES,SOMETIMES,SOMETIMES,SOMETIMES,SOMETIMES,NOT_SURE,YES,SOMETIMES,44,HIGH,21,50,36,73,67,14,42,44,40,40,PRIVATE,SOMETIMES,FRIENDS,NO,NO,NOT_SURE,NO,YES,NOT_SURE,YES,NOT_SURE,SOMETIMES,NO,NOT_SURE,NO,YES,NO,PUBLIC,NOT_SURE,SOMETIMES,NOT_SURE,SOMETIMES,YES,NOT_SURE,SOMETIMES,NO,YES,SOMETIMES,SOMETIMES,SOMETIMES,SOMETIMES,YES,SOMETIMES,YES,SOMETIMES,NOT_SURE,SOMETIMES,SOMETIMES,YES,YES,NOT_SURE,NOT_SURE,NO,SOMETIMES,NOT_SURE,SOMETIMES,YES,NOT_SURE,NOT_SURE,SOMETIMES,SOMETIMES
SYN-0943,PUBLIC,NO,YES,NOT_SURE,YES,YES,YES,YES,PUBLIC,YES,YES,YES,NOT_SURE,NO,NO,SOMETIMES,NOT_SURE,SOMETIMES,NO,SOMETIMES,76,CRITICAL,79,73,91,94,74,76,69,75,61,66,PUBLIC,NOT_SURE,NOT_SURE,NOT_SURE,NO,YES,NOT_SURE,YES,YES,YES,YES,NOT_SURE,YES,YES,YES,YES,YES,PUBLIC,YES,YES,SOMETIMES,YES,NOT_SURE,YES,YES,YES,NOT_SURE,NOT_SURE,NOT_SURE,NO,NOT_SURE,NOT_SURE,SOMETIMES,SOMETIMES,SOMETIMES,SOMETIMES,NO,SOMETIMES,NOT_SURE,NOT_SURE,YES,SOMETIMES,SOMETIMES,SOMETIMES,YES,SOMETIMES,NO,NOT_SURE,SOMETIMES,SOMETIMES,SOMETIMES
SYN-0944,PUBLIC,YES,NOT_SURE,YES,NOT_SURE,NOT_SURE,NOT_SURE,YES,NOT_SURE,SOMETIMES,NOT_SURE,NOT_SURE,SOMETIMES,NO,NOT_SURE,SOMETIMES,SOMETIMES,YES,SOMETIMES,NOT_SURE,74,CRITICAL,93,86,58,84,79,66,56,88,81,59,PUBLIC,YES,PUBLIC,SOMETIMES,YES,NOT_SURE,YES,YES,NOT_SURE,NOT_SURE,YES,NOT_SURE,SOMETIMES,NOT_SURE,NOT_SURE,NOT_SURE,NOT_SURE,NOT_SURE,YES,YES,NOT_SURE,NOT_SURE,YES,NOT_SURE,YES,YES,SOMETIMES,NOT_SURE,SOMETIMES,NOT_SURE,SOMETIMES,SOMETIMES,SOMETIMES,SOMETIMES,SOMETIMES,SOMETIMES,NO,NO,NOT_SURE,NOT_SURE,SOMETIMES,YES,YES,SOMETIMES,YES,NOT_SURE,SOMETIMES,SOMETIMES,NOT_SURE,NOT_SURE,SOMETIMES
SYN-0945,PRIVATE,NOT_SURE,NO,NO,NOT_SURE,NO,NO,NO,PRIVATE,SOMETIMES,SOMETIMES,SOMETIMES,SOMETIMES,YES,SOMETIMES,SOMETIMES,NOT_SURE,NOT_SURE,SOMETIMES,SOMETIMES,30,MODERATE,17,13,38,21,21,44,39,19,43,54,PRIVATE,NO,NOT_SURE,SOMETIMES,NOT_SURE,NO,NO,NO,NO,NO,NO,NO,SOMETIMES,NOT_SURE,NOT_SURE,SOMETIMES,NO,PRIVATE,NO,NOT_SURE,SOMETIMES,SOMETIMES,NO,YES,NO,SOMETIMES,SOMETIMES,NOT_SURE,NO,SOMETIMES,NOT_SURE,YES,SOMETIMES,YES,SOMETIMES,YES,YES,SOMETIMES,YES,SOMETIMES,NOT_SURE,NOT_SURE,SOMETIMES,SOMETIMES,NO,YES,SOMETIMES,NOT_SURE,NOT_SURE,SOMETIMES,SOMETIMES
SYN-0946,NOT_SURE,YES,YES,YES,NOT_SURE,YES,YES,YES,PUBLIC,YES,YES,YES,NO,NOT_SURE,NOT_SURE,NO,YES,SOMETIMES,NOT_SURE,NO,86,CRITICAL,83,91,82,85,100,93,78,89,81,86,NOT_SURE,YES,NOT_SURE,YES,YES,YES,YES,NOT_SURE,YES,YES,YES,NOT_SURE,YES,YES,NOT_SURE,YES,YES,PUBLIC,YES,NOT_SURE,NOT_SURE,YES,YES,NO,YES,YES,NO,YES,SOMETIMES,NOT_SURE,YES,NO,NO,YES,NOT_SURE,NO,NOT_SURE,NO,NO,YES,YES,SOMETIMES,YES,YES,SOMETIMES,NOT_SURE,NOT_SURE,NOT_SURE,NO,NO,NO
SYN-0947,PRIVATE,NO,NOT_SURE,NOT_SURE,NO,NOT_SURE,NOT_SURE,YES,FRIENDS,SOMETIMES,NOT_SURE,NO,YES,YES,YES,SOMETIMES,NO,SOMETIMES,SOMETIMES,SOMETIMES,36,MODERATE,31,59,48,41,0,9,16,31,63,44,PRIVATE,NOT_SURE,FRIENDS,SOMETIMES,NO,NOT_SURE,NOT_SURE,YES,NOT_SURE,NOT_SURE,YES,SOMETIMES,SOMETIMES,YES,NO,NOT_SURE,SOMETIMES,FRIENDS,NOT_SURE,NO,NOT_SURE,NO,NO,YES,NO,NO,YES,NOT_SURE,NO,YES,NO,NOT_SURE,SOMETIMES,YES,SOMETIMES,YES,YES,SOMETIMES,SOMETIMES,SOMETIMES,SOMETIMES,SOMETIMES,NOT_SURE,YES,SOMETIMES,NOT_SURE,SOMETIMES,NOT_SURE,SOMETIMES,SOMETIMES,YES
SYN-0948,PRIVATE,YES,NOT_SURE,NOT_SURE,NOT_SURE,NOT_SURE,NOT_SURE,NOT_SURE,PUBLIC,NO,NOT_SURE,NO,SOMETIMES,NO,SOMETIMES,SOMETIMES,SOMETIMES,YES,NOT_SURE,NO,62,HIGH,31,69,48,100,31,66,59,86,81,71,PRIVATE,NOT_SURE,FRIENDS,SOMETIMES,YES,NOT_SURE,NOT_SURE,NOT_SURE,NOT_SURE,NOT_SURE,NOT_SURE,NOT_SURE,NO,SOMETIMES,NOT_SURE,NOT_SURE,SOMETIMES,PUBLIC,YES,YES,YES,NO,NOT_SURE,SOMETIMES,SOMETIMES,YES,SOMETIMES,NOT_SURE,SOMETIMES,SOMETIMES,SOMETIMES,NOT_SURE,SOMETIMES,NO,SOMETIMES,NOT_SURE,NO,NO,NOT_SURE,SOMETIMES,YES,YES,SOMETIMES,YES,YES,NOT_SURE,NOT_SURE,NOT_SURE,SOMETIMES,NO,SOMETIMES
SYN-0949,FRIENDS,NOT_SURE,NOT_SURE,NOT_SURE,NOT_SURE,NOT_SURE,NOT_SURE,NOT_SURE,FRIENDS,NOT_SURE,NOT_SURE,NOT_SURE,SOMETIMES,NOT_SURE,NOT_SURE,SOMETIMES,YES,YES,SOMETIMES,NOT_SURE,69,HIGH,79,60,69,65,77,44,74,45,81,73,FRIENDS,YES,PUBLIC,YES,NOT_SURE,NOT_SURE,NOT_SURE,NOT_SURE,NOT_SURE,NOT_SURE,NOT_SURE,YES,NOT_SURE,NOT_SURE,NOT_SURE,NOT_SURE,NOT_SURE,FRIENDS,NOT_SURE,YES,SOMETIMES,NOT_SURE,YES,NO,NOT_SURE,NO,SOMETIMES,NOT_SURE,YES,NOT_SURE,YES,SOMETIMES,SOMETIMES,NO,SOMETIMES,NOT_SURE,NOT_SURE,SOMETIMES,YES,SOMETIMES,NOT_SURE,YES,YES,NOT_SURE,NOT_SURE,NOT_SURE,SOMETIMES,YES,NOT_SURE,NOT_SURE,NO
SYN-0950,PRIVATE,NOT_SURE,NOT_SURE,YES,NO,NOT_SURE,NOT_SURE,NOT_SURE,FRIENDS,NOT_SURE,NOT_SURE,SOMETIMES,NOT_SURE,NOT_SURE,SOMETIMES,SOMETIMES,NOT_SURE,SOMETIMES,NOT_SURE,YES,53,HIGH,36,74,52,39,54,60,58,69,45,34,PRIVATE,NOT_SURE,NOT_SURE,NOT_SURE,NOT_SURE,NOT_SURE,YES,YES,NOT_SURE,NOT_SURE,NOT_SURE,NOT_SURE,NOT_SURE,YES,NO,NOT_SURE,SOMETIMES,FRIENDS,SOMETIMES,NO,NOT_SURE,SOMETIMES,NOT_SURE,SOMETIMES,NOT_SURE,SOMETIMES,NOT_SURE,NOT_SURE,SOMETIMES,SOMETIMES,NOT_SURE,SOMETIMES,SOMETIMES,NOT_SURE,SOMETIMES,NO,NOT_SURE,NOT_SURE,SOMETIMES,YES,NO,SOMETIMES,NOT_SURE,SOMETIMES,NO,NOT_SURE,NOT_SURE,NO,SOMETIMES,YES,SOMETIMES
SYN-0951,FRIENDS,YES,YES,NOT_SURE,NOT_SURE,NOT_SURE,YES,NOT_SURE,FRIENDS,NO,SOMETIMES,SOMETIMES,YES,SOMETIMES,NO,NO,NOT_SURE,NOT_SURE,SOMETIMES,SOMETIMES,58,HIGH,36,77,26,55,57,33,89,61,66,54,FRIENDS,SOMETIMES,PRIVATE,NO,YES,YES,NOT_SURE,NOT_SURE,NOT_SURE,YES,NOT_SURE,NO,NO,NO,NOT_SURE,SOMETIMES,NOT_SURE,FRIENDS,NOT_SURE,NOT_SURE,SOMETIMES,SOMETIMES,NOT_SURE,NOT_SURE,NOT_SURE,NOT_SURE,YES,NOT_SURE,SOMETIMES,NO,NOT_SURE,NO,NO,NO,NO,NOT_SURE,SOMETIMES,NOT_SURE,NOT_SURE,NOT_SURE,SOMETIMES,NOT_SURE,NOT_SURE,YES,NOT_SURE,NOT_SURE,SOMETIMES,NOT_SURE,SOMETIMES,SOMETIMES,NOT_SURE
SYN-0952,PUBLIC,NOT_SURE,YES,NOT_SURE,NOT_SURE,NOT_SURE,NOT_SURE,NOT_SURE,PUBLIC,NOT_SURE,YES,YES,SOMETIMES,NO,SOMETIMES,NO,NO,SOMETIMES,NO,SOMETIMES,71,CRITICAL,84,66,82,75,89,61,49,85,51,86,PUBLIC,NOT_SURE,NOT_SURE,YES,NOT_SURE,YES,NOT_SURE,NOT_SURE,NOT_SURE,NOT_SURE,NOT_SURE,YES,NOT_SURE,YES,NOT_SURE,YES,NOT_SURE,PUBLIC,NOT_SURE,NOT_SURE,NOT_SURE,YES,YES,NOT_SURE,SOMETIMES,NOT_SURE,SOMETIMES,YES,NOT_SURE,SOMETIMES,NO,SOMETIMES,NO,SOMETIMES,NOT_SURE,NOT_SURE,NO,NOT_SURE,NOT_SURE,YES,NOT_SURE,SOMETIMES,SOMETIMES,SOMETIMES,SOMETIMES,SOMETIMES,NO,YES,NO,SOMETIMES,NO
SYN-0953,NOT_SURE,NOT_SURE,NO,NOT_SURE,NO,NOT_SURE,NO,NOT_SURE,FRIENDS,SOMETIMES,NO,SOMETIMES,NOT_SURE,NOT_SURE,YES,SOMETIMES,SOMETIMES,NO,NOT_SURE,SOMETIMES,42,HIGH,59,34,21,54,56,61,46,45,23,53,NOT_SURE,SOMETIMES,PUBLIC,NO,NOT_SURE,NO,NOT_SURE,NO,NOT_SURE,NO,NOT_SURE,NO,SOMETIMES,NOT_SURE,NO,NO,SOMETIMES,FRIENDS,SOMETIMES,NOT_SURE,NOT_SURE,SOMETIMES,NOT_SURE,NOT_SURE,SOMETIMES,SOMETIMES,NOT_SURE,NOT_SURE,NOT_SURE,YES,SOMETIMES,NO,SOMETIMES,NOT_SURE,NOT_SURE,NO,NOT_SURE,YES,SOMETIMES,SOMETIMES,SOMETIMES,NO,NO,NOT_SURE,NO,SOMETIMES,NOT_SURE,NOT_SURE,YES,SOMETIMES,NOT_SURE
SYN-0954,FRIENDS,NO,NO,NO,NO,NO,NO,NO,PRIVATE,NO,NO,NO,YES,YES,YES,YES,NOT_SURE,NO,YES,SOMETIMES,16,LOW,21,0,23,20,0,0,21,25,21,36,FRIENDS,NO,PRIVATE,NO,NO,NO,NO,NO,NO,NO,NO,SOMETIMES,NO,SOMETIMES,NO,NO,SOMETIMES,PRIVATE,SOMETIMES,NO,NOT_SURE,NO,NO,YES,NO,NO,YES,NO,NO,YES,NOT_SURE,YES,YES,NOT_SURE,YES,YES,YES,SOMETIMES,SOMETIMES,NO,NO,NO,SOMETIMES,SOMETIMES,NO,YES,YES,SOMETIMES,SOMETIMES,SOMETIMES,SOMETIMES
SYN-0955,NOT_SURE,NOT_SURE,NOT_SURE,NOT_SURE,NO,NOT_SURE,NO,NO,PRIVATE,NOT_SURE,SOMETIMES,NO,NOT_SURE,SOMETIMES,SOMETIMES,SOMETIMES,SOMETIMES,NO,SOMETIMES,NOT_SURE,40,MODERATE,63,39,40,28,0,73,57,19,36,51,NOT_SURE,SOMETIMES,NOT_SURE,NOT_SURE,NOT_SURE,NOT_SURE,NOT_SURE,NO,NOT_SURE,NO,NO,SOMETIMES,NOT_SURE,SOMETIMES,NO,SOMETIMES,SOMETIMES,PRIVATE,NOT_SURE,SOMETIMES,NO,NO,NO,YES,NO,YES,NOT_SURE,SOMETIMES,SOMETIMES,SOMETIMES,SOMETIMES,SOMETIMES,SOMETIMES,SOMETIMES,NO,NO,SOMETIMES,YES,YES,NO,NO,NO,NOT_SURE,SOMETIMES,NOT_SURE,SOMETIMES,SOMETIMES,NO,SOMETIMES,NOT_SURE,NOT_SURE
SYN-0956,FRIENDS,NOT_SURE,YES,YES,NOT_SURE,NOT_SURE,YES,NOT_SURE,FRIENDS,YES,NOT_SURE,SOMETIMES,SOMETIMES,NOT_SURE,SOMETIMES,SOMETIMES,SOMETIMES,YES,NOT_SURE,NOT_SURE,68,HIGH,64,83,67,46,57,71,59,76,89,76,FRIENDS,SOMETIMES,PUBLIC,YES,NOT_SURE,YES,YES,YES,NOT_SURE,YES,NOT_SURE,SOMETIMES,YES,NOT_SURE,NOT_SURE,NOT_SURE,YES,FRIENDS,NOT_SURE,NO,YES,SOMETIMES,NOT_SURE,NOT_SURE,NOT_SURE,YES,SOMETIMES,YES,SOMETIMES,SOMETIMES,SOMETIMES,NO,SOMETIMES,SOMETIMES,NO,NOT_SURE,NOT_SURE,NO,NOT_SURE,NOT_SURE,YES,YES,NOT_SURE,YES,YES,NO,NOT_SURE,SOMETIMES,NO,NOT_SURE,NO
SYN-0957,NOT_SURE,YES,NO,NOT_SURE,YES,NO,NOT_SURE,NOT_SURE,FRIENDS,NOT_SURE,SOMETIMES,SOMETIMES,NOT_SURE,NO,NOT_SURE,SOMETIMES,YES,SOMETIMES,NO,NOT_SURE,62,HIGH,66,51,74,56,36,61,77,74,51,84,NOT_SURE,SOMETIMES,FRIENDS,YES,YES,NO,NOT_SURE,NOT_SURE,NO,NOT_SURE,NOT_SURE,NOT_SURE,NOT_SURE,YES,YES,SOMETIMES,NOT_SURE,FRIENDS,SOMETIMES,SOMETIMES,YES,SOMETIMES,NO,YES,YES,NOT_SURE,NOT_SURE,SOMETIMES,SOMETIMES,NOT_SURE,YES,NO,SOMETIMES,NOT_SURE,SOMETIMES,NO,NO,SOMETIMES,NOT_SURE,SOMETIMES,NOT_SURE,SOMETIMES,SOMETIMES,NO,SOMETIMES,NO,NO,YES,SOMETIMES,NOT_SURE,NO
SYN-0958,NOT_SURE,NOT_SURE,NOT_SURE,NOT_SURE,YES,YES,NO,NOT_SURE,PUBLIC,YES,NOT_SURE,NOT_SURE,NOT_SURE,SOMETIMES,NO,NO,YES,SOMETIMES,NO,NOT_SURE,74,CRITICAL,67,61,82,85,67,64,98,56,62,81,NOT_SURE,SOMETIMES,PUBLIC,NOT_SURE,NOT_SURE,NOT_SURE,NOT_SURE,NOT_SURE,YES,NO,NOT_SURE,YES,YES,SOMETIMES,YES,NOT_SURE,SOMETIMES,PUBLIC,YES,NOT_SURE,NOT_SURE,NOT_SURE,NOT_SURE,NOT_SURE,YES,NOT_SURE,NOT_SURE,NOT_SURE,NOT_SURE,NO,YES,NOT_SURE,NO,NO,NO,NO,SOMETIMES,SOMETIMES,NOT_SURE,NOT_SURE,YES,SOMETIMES,SOMETIMES,NOT_SURE,NOT_SURE,NOT_SURE,NO,NOT_SURE,NOT_SURE,NOT_SURE,NO
SYN-0959,FRIENDS,NO,NO,NOT_SURE,NOT_SURE,NOT_SURE,NOT_SURE,NO,PRIVATE,NOT_SURE,SOMETIMES,NO,YES,YES,NOT_SURE,NOT_SURE,SOMETIMES,NO,SOMETIMES,YES,34,MODERATE,54,21,55,19,7,14,57,33,23,36,FRIENDS,NOT_SURE,FRIENDS,NOT_SURE,NO,NO,NOT_SURE,NO,NOT_SURE,NOT_SURE,NO,SOMETIMES,NOT_SURE,SOMETIMES,NOT_SURE,SOMETIMES,NOT_SURE,PRIVATE,NO,SOMETIMES,SOMETIMES,NO,NO,YES,SOMETIMES,NO,YES,SOMETIMES,SOMETIMES,NOT_SURE,SOMETIMES,NOT_SURE,NOT_SURE,SOMETIMES,YES,SOMETIMES,YES,SOMETIMES,SOMETIMES,NOT_SURE,NOT_SURE,NO,NO,NO,NOT_SURE,NOT_SURE,SOMETIMES,SOMETIMES,SOMETIMES,YES,SOMETIMES
SYN-0960,FRIENDS,NOT_SURE,NOT_SURE,NOT_SURE,NOT_SURE,NO,NOT_SURE,NOT_SURE,FRIENDS,SOMETIMES,NOT_SURE,SOMETIMES,SOMETIMES,YES,YES,NOT_SURE,NO,SOMETIMES,NO,NOT_SURE,41,HIGH,36,51,57,46,29,54,19,19,32,71,FRIENDS,NO,FRIENDS,SOMETIMES,NOT_SURE,NOT_SURE,NOT_SURE,NOT_SURE,NO,NOT_SURE,NOT_SURE,NOT_SURE,SOMETIMES,SOMETIMES,NOT_SURE,NOT_SURE,NOT_SURE,FRIENDS,SOMETIMES,NOT_SURE,NO,SOMETIMES,NO,SOMETIMES,NO,NOT_SURE,SOMETIMES,NOT_SURE,SOMETIMES,YES,NO,NOT_SURE,NOT_SURE,YES,YES,SOMETIMES,YES,SOMETIMES,YES,SOMETIMES,SOMETIMES,SOMETIMES,NO,YES,NO,YES,NO,NOT_SURE,SOMETIMES,NOT_SURE,SOMETIMES
SYN-0961,PRIVATE,NOT_SURE,NOT_SURE,NOT_SURE,NOT_SURE,NOT_SURE,NOT_SURE,NOT_SURE,FRIENDS,NO,NOT_SURE,SOMETIMES,YES,SOMETIMES,SOMETIMES,NOT_SURE,SOMETIMES,SOMETIMES,YES,SOMETIMES,47,HIGH,29,60,36,69,54,33,45,61,43,36,PRIVATE,SOMETIMES,FRIENDS,SOMETIMES,NOT_SURE,NOT_SURE,NOT_SURE,NOT_SURE,NOT_SURE,NOT_SURE,NOT_SURE,NO,NO,NOT_SURE,NOT_SURE,NOT_SURE,SOMETIMES,FRIENDS,YES,YES,NO,SOMETIMES,NOT_SURE,SOMETIMES,NOT_SURE,NOT_SURE,YES,NOT_SURE,SOMETIMES,SOMETIMES,SOMETIMES,YES,NOT_SURE,YES,SOMETIMES,NOT_SURE,SOMETIMES,NOT_SURE,NOT_SURE,NOT_SURE,NO,SOMETIMES,SOMETIMES,SOMETIMES,SOMETIMES,SOMETIMES,YES,SOMETIMES,SOMETIMES,SOMETIMES,SOMETIMES
SYN-0962,FRIENDS,NOT_SURE,NOT_SURE,NO,NOT_SURE,YES,NOT_SURE,NOT_SURE,FRIENDS,NOT_SURE,SOMETIMES,NOT_SURE,NOT_SURE,SOMETIMES,YES,SOMETIMES,NO,YES,SOMETIMES,SOMETIMES,48,HIGH,37,57,60,31,59,70,18,51,64,50,FRIENDS,NO,FRIENDS,NOT_SURE,NOT_SURE,NOT_SURE,NO,NOT_SURE,YES,NOT_SURE,NOT_SURE,NOT_SURE,NOT_SURE,SOMETIMES,NOT_SURE,SOMETIMES,YES,FRIENDS,SOMETIMES,NO,NO,NOT_SURE,NOT_SURE,SOMETIMES,NOT_SURE,NOT_SURE,NOT_SURE,YES,NOT_SURE,YES,NO,YES,SOMETIMES,SOMETIMES,NOT_SURE,YES,SOMETIMES,SOMETIMES,SOMETIMES,NOT_SURE,SOMETIMES,YES,SOMETIMES,SOMETIMES,NOT_SURE,NOT_SURE,SOMETIMES,SOMETIMES,SOMETIMES,SOMETIMES,SOMETIMES
SYN-0963,NOT_SURE,NOT_SURE,NOT_SURE,NOT_SURE,NOT_SURE,NOT_SURE,NOT_SURE,YES,PRIVATE,SOMETIMES,NOT_SURE,NOT_SURE,NOT_SURE,NOT_SURE,YES,NOT_SURE,NOT_SURE,SOMETIMES,SOMETIMES,NOT_SURE,52,HIGH,63,63,58,40,59,73,31,63,46,41,NOT_SURE,NOT_SURE,FRIENDS,NOT_SURE,NOT_SURE,NOT_SURE,NOT_SURE,NOT_SURE,NOT_SURE,NOT_SURE,YES,NOT_SURE,SOMETIMES,NOT_SURE,NOT_SURE,NOT_SURE,NOT_SURE,PRIVATE,NOT_SURE,YES,NO,NOT_SURE,NOT_SURE,SOMETIMES,NOT_SURE,YES,NOT_SURE,SOMETIMES,SOMETIMES,YES,NOT_SURE,SOMETIMES,NOT_SURE,YES,SOMETIMES,YES,NOT_SURE,SOMETIMES,NOT_SURE,SOMETIMES,SOMETIMES,SOMETIMES,NOT_SURE,SOMETIMES,NOT_SURE,YES,SOMETIMES,NO,SOMETIMES,NOT_SURE,YES
SYN-0964,PUBLIC,NOT_SURE,NOT_SURE,YES,YES,NOT_SURE,NOT_SURE,NOT_SURE,FRIENDS,NOT_SURE,SOMETIMES,YES,NOT_SURE,NOT_SURE,SOMETIMES,SOMETIMES,NOT_SURE,YES,NO,NO,70,HIGH,76,66,65,53,93,64,57,74,79,89,PUBLIC,SOMETIMES,NOT_SURE,NOT_SURE,NOT_SURE,NOT_SURE,YES,NOT_SURE,NOT_SURE,NOT_SURE,NOT_SURE,NOT_SURE,NOT_SURE,SOMETIMES,YES,SOMETIMES,SOMETIMES,FRIENDS,SOMETIMES,NOT_SURE,SOMETIMES,YES,YES,SOMETIMES,YES,NOT_SURE,NOT_SURE,NOT_SURE,NOT_SURE,SOMETIMES,NOT_SURE,NOT_SURE,SOMETIMES,SOMETIMES,NOT_SURE,NOT_SURE,NOT_SURE,NOT_SURE,NOT_SURE,YES,NOT_SURE,YES,NOT_SURE,YES,SOMETIMES,NO,NO,SOMETIMES,NOT_SURE,NO,NO
SYN-0965,PRIVATE,NOT_SURE,NOT_SURE,NO,NO,NO,NO,NOT_SURE,FRIENDS,NO,NO,NO,YES,YES,YES,SOMETIMES,NO,NO,YES,YES,13,LOW,0,39,0,19,0,16,24,0,14,0,PRIVATE,NO,PRIVATE,NO,NOT_SURE,NOT_SURE,NO,NOT_SURE,NO,NO,NOT_SURE,NO,NO,NO,NO,NO,NO,FRIENDS,NO,NO,NO,NO,NO,YES,NO,NO,YES,NOT_SURE,SOMETIMES,YES,NO,SOMETIMES,SOMETIMES,YES,NOT_SURE,NO,YES,YES,YES,NO,NO,NO,NO,NO,NO,NO,YES,NO,YES,YES,YES
SYN-0966,PRIVATE,NO,NO,NO,NOT_SURE,NO,NO,NOT_SURE,NOT_SURE,SOMETIMES,NOT_SURE,NOT_SURE,NOT_SURE,SOMETIMES,SOMETIMES,YES,SOMETIMES,NOT_SURE,SOMETIMES,YES,39,MODERATE,14,4,58,51,50,70,43,31,59,23,PRIVATE,NO,FRIENDS,SOMETIMES,NO,NO,NO,NO,NO,NO,NOT_SURE,SOMETIMES,SOMETIMES,YES,NOT_SURE,NOT_SURE,NO,NOT_SURE,SOMETIMES,SOMETIMES,NO,NOT_SURE,NOT_SURE,SOMETIMES,NO,NOT_SURE,NOT_SURE,YES,NOT_SURE,SOMETIMES,SOMETIMES,SOMETIMES,YES,SOMETIMES,SOMETIMES,SOMETIMES,SOMETIMES,YES,SOMETIMES,NO,SOMETIMES,NOT_SURE,NOT_SURE,SOMETIMES,NOT_SURE,NOT_SURE,SOMETIMES,NOT_SURE,YES,YES,YES
SYN-0967,NOT_SURE,NOT_SURE,NOT_SURE,NOT_SURE,NOT_SURE,NOT_SURE,YES,NOT_SURE,NOT_SURE,NO,SOMETIMES,NO,SOMETIMES,NOT_SURE,SOMETIMES,NOT_SURE,NOT_SURE,SOMETIMES,NO,SOMETIMES,55,HIGH,73,63,46,63,17,53,54,71,57,70,NOT_SURE,SOMETIMES,PUBLIC,YES,NOT_SURE,NOT_SURE,NOT_SURE,NOT_SURE,NOT_SURE,YES,NOT_SURE,SOMETIMES,NO,NOT_SURE,NOT_SURE,SOMETIMES,SOMETIMES,NOT_SURE,NOT_SURE,NOT_SURE,SOMETIMES,NO,NOT_SURE,YES,NO,NOT_SURE,SOMETIMES,SOMETIMES,SOMETIMES,SOMETIMES,NOT_SURE,NOT_SURE,NOT_SURE,SOMETIMES,NOT_SURE,YES,NOT_SURE,NO,SOMETIMES,NOT_SURE,NO,SOMETIMES,SOMETIMES,YES,SOMETIMES,NO,NO,SOMETIMES,NOT_SURE,SOMETIMES,NOT_SURE
SYN-0968,NOT_SURE,NOT_SURE,NOT_SURE,NOT_SURE,NOT_SURE,NOT_SURE,NOT_SURE,NOT_SURE,FRIENDS,NOT_SURE,SOMETIMES,NOT_SURE,SOMETIMES,SOMETIMES,YES,SOMETIMES,NOT_SURE,SOMETIMES,NOT_SURE,NOT_SURE,58,HIGH,71,60,56,56,71,66,35,50,61,79,NOT_SURE,NOT_SURE,NOT_SURE,YES,NOT_SURE,NOT_SURE,NOT_SURE,NOT_SURE,NOT_SURE,NOT_SURE,NOT_SURE,NOT_SURE,NOT_SURE,SOMETIMES,NOT_SURE,SOMETIMES,SOMETIMES,FRIENDS,NOT_SURE,NOT_SURE,NOT_SURE,NOT_SURE,YES,NOT_SURE,SOMETIMES,YES,SOMETIMES,NOT_SURE,SOMETIMES,YES,NOT_SURE,NOT_SURE,SOMETIMES,YES,SOMETIMES,NOT_SURE,SOMETIMES,SOMETIMES,SOMETIMES,SOMETIMES,SOMETIMES,SOMETIMES,NOT_SURE,YES,NOT_SURE,SOMETIMES,NOT_SURE,YES,NO,NOT_SURE,NOT_SURE
SYN-0969,PUBLIC,YES,NOT_SURE,NOT_SURE,NOT_SURE,NOT_SURE,YES,NOT_SURE,PUBLIC,SOMETIMES,YES,NOT_SURE,SOMETIMES,NOT_SURE,SOMETIMES,YES,NOT_SURE,NOT_SURE,NO,NO,62,HIGH,76,71,58,75,53,29,51,76,50,91,PUBLIC,SOMETIMES,NOT_SURE,NOT_SURE,YES,NOT_SURE,NOT_SURE,NOT_SURE,NOT_SURE,YES,NOT_SURE,NOT_SURE,SOMETIMES,NO,NOT_SURE,YES,YES,PUBLIC,NOT_SURE,NOT_SURE,NOT_SURE,NOT_SURE,NOT_SURE,NOT_SURE,NO,NO,SOMETIMES,SOMETIMES,NO,SOMETIMES,NOT_SURE,NOT_SURE,YES,SOMETIMES,NOT_SURE,NO,NOT_SURE,NO,NOT_SURE,NOT_SURE,NO,NOT_SURE,SOMETIMES,NOT_SURE,NOT_SURE,NOT_SURE,NO,YES,NOT_SURE,NO,NOT_SURE
SYN-0970,PUBLIC,NOT_SURE,YES,YES,YES,YES,YES,YES,PUBLIC,NOT_SURE,YES,YES,SOMETIMES,SOMETIMES,NO,NO,YES,NOT_SURE,NO,NOT_SURE,88,CRITICAL,94,91,90,84,100,66,97,61,76,84,PUBLIC,YES,PUBLIC,NOT_SURE,NOT_SURE,YES,YES,YES,YES,YES,YES,YES,NOT_SURE,YES,YES,YES,SOMETIMES,PUBLIC,YES,NOT_SURE,SOMETIMES,YES,YES,NO,YES,YES,SOMETIMES,NOT_SURE,SOMETIMES,NO,YES,NO,NO,NOT_SURE,NO,NO,SOMETIMES,NOT_SURE,NOT_SURE,NOT_SURE,YES,NOT_SURE,YES,NOT_SURE,NOT_SURE,SOMETIMES,NO,YES,SOMETIMES,NOT_SURE,NO
SYN-0971,PUBLIC,YES,YES,YES,NOT_SURE,YES,YES,YES,NOT_SURE,SOMETIMES,YES,YES,NO,NOT_SURE,NOT_SURE,SOMETIMES,YES,YES,NO,NO,83,CRITICAL,89,100,71,83,96,94,71,70,68,94,PUBLIC,NOT_SURE,PUBLIC,YES,YES,YES,YES,YES,YES,YES,YES,NOT_SURE,SOMETIMES,YES,NOT_SURE,YES,NOT_SURE,NOT_SURE,YES,YES,SOMETIMES,YES,YES,NOT_SURE,YES,YES,NO,NOT_SURE,YES,NOT_SURE,YES,NO,SOMETIMES,SOMETIMES,SOMETIMES,SOMETIMES,NOT_SURE,SOMETIMES,NO,SOMETIMES,NOT_SURE,YES,NOT_SURE,SOMETIMES,SOMETIMES,NOT_SURE,NO,NOT_SURE,NO,NO,NO
SYN-0972,NOT_SURE,NOT_SURE,NOT_SURE,NOT_SURE,NOT_SURE,NOT_SURE,NOT_SURE,YES,NOT_SURE,SOMETIMES,SOMETIMES,NOT_SURE,NOT_SURE,SOMETIMES,NOT_SURE,SOMETIMES,NOT_SURE,SOMETIMES,SOMETIMES,NOT_SURE,62,HIGH,66,63,55,74,57,70,62,55,56,61,NOT_SURE,SOMETIMES,FRIENDS,YES,NOT_SURE,NOT_SURE,NOT_SURE,NOT_SURE,NOT_SURE,NOT_SURE,YES,NOT_SURE,SOMETIMES,SOMETIMES,NOT_SURE,SOMETIMES,SOMETIMES,NOT_SURE,YES,NOT_SURE,NOT_SURE,NOT_SURE,NOT_SURE,SOMETIMES,SOMETIMES,NOT_SURE,NOT_SURE,NOT_SURE,YES,NOT_SURE,NOT_SURE,SOMETIMES,SOMETIMES,NOT_SURE,SOMETIMES,NOT_SURE,SOMETIMES,SOMETIMES,NOT_SURE,SOMETIMES,SOMETIMES,SOMETIMES,NOT_SURE,SOMETIMES,NO,NO,SOMETIMES,SOMETIMES,NOT_SURE,NOT_SURE,NOT_SURE
SYN-0973,FRIENDS,YES,YES,NOT_SURE,NOT_SURE,YES,YES,YES,NOT_SURE,NOT_SURE,YES,YES,NOT_SURE,NOT_SURE,NO,NO,YES,YES,NO,SOMETIMES,86,CRITICAL,73,94,82,69,100,76,100,89,89,74,FRIENDS,YES,PUBLIC,NOT_SURE,YES,YES,NOT_SURE,YES,YES,YES,YES,YES,NOT_SURE,YES,NOT_SURE,YES,NOT_SURE,NOT_SURE,NOT_SURE,NOT_SURE,YES,YES,YES,NO,YES,NOT_SURE,NOT_SURE,YES,YES,NO,YES,NO,NO,NO,NO,NO,NOT_SURE,NO,NO,YES,YES,YES,NOT_SURE,YES,YES,NO,NO,SOMETIMES,NOT_SURE,SOMETIMES,NO
SYN-0974,FRIENDS,NO,NO,NO,NO,NO,NO,NO,FRIENDS,NO,NO,NO,YES,YES,YES,YES,NO,SOMETIMES,YES,NOT_SURE,19,LOW,47,0,0,49,26,9,0,0,51,34,FRIENDS,NOT_SURE,PRIVATE,NOT_SURE,NO,NO,NO,NO,NO,NO,NO,NO,NO,NO,NO,NO,NO,FRIENDS,NOT_SURE,NOT_SURE,NO,NO,NOT_SURE,YES,NOT_SURE,NO,YES,NOT_SURE,NO,YES,NO,YES,YES,YES,YES,YES,YES,YES,YES,NO,SOMETIMES,SOMETIMES,NOT_SURE,NOT_SURE,NO,SOMETIMES,YES,SOMETIMES,YES,NOT_SURE,SOMETIMES
SYN-0975,FRIENDS,YES,NOT_SURE,NOT_SURE,NOT_SURE,NOT_SURE,YES,YES,FRIENDS,SOMETIMES,YES,NOT_SURE,NOT_SURE,NO,NOT_SURE,NO,YES,SOMETIMES,NOT_SURE,SOMETIMES,63,HIGH,37,74,68,41,61,59,88,81,54,44,FRIENDS,NO,FRIENDS,NOT_SURE,YES,NOT_SURE,NOT_SURE,NOT_SURE,NOT_SURE,YES,YES,SOMETIMES,SOMETIMES,YES,NOT_SURE,YES,NOT_SURE,FRIENDS,NOT_SURE,NO,NOT_SURE,NOT_SURE,NOT_SURE,NOT_SURE,NOT_SURE,SOMETIMES,NOT_SURE,SOMETIMES,SOMETIMES,NOT_SURE,YES,NO,NO,NOT_SURE,NO,NO,NO,NO,SOMETIMES,SOMETIMES,SOMETIMES,SOMETIMES,SOMETIMES,SOMETIMES,YES,SOMETIMES,NOT_SURE,NO,NOT_SURE,SOMETIMES,YES
SYN-0976,FRIENDS,NOT_SURE,NOT_SURE,YES,NOT_SURE,NOT_SURE,NOT_SURE,NOT_SURE,PUBLIC,SOMETIMES,YES,NOT_SURE,NO,NO,NO,NO,YES,NOT_SURE,NO,SOMETIMES,77,CRITICAL,67,74,80,71,66,100,96,75,66,69,FRIENDS,NOT_SURE,PUBLIC,YES,NOT_SURE,NOT_SURE,YES,YES,NOT_SURE,NOT_SURE,NOT_SURE,YES,SOMETIMES,YES,NOT_SURE,YES,NOT_SURE,PUBLIC,SOMETIMES,NOT_SURE,SOMETIMES,NOT_SURE,NOT_SURE,NO,NOT_SURE,YES,NO,YES,YES,NO,YES,NO,NO,NO,NO,SOMETIMES,NO,SOMETIMES,NO,NO,SOMETIMES,NOT_SURE,NOT_SURE,YES,YES,SOMETIMES,NO,NOT_SURE,NOT_SURE,SOMETIMES,SOMETIMES
SYN-0977,FRIENDS,YES,YES,YES,NOT_SURE,YES,NOT_SURE,YES,PUBLIC,YES,YES,YES,NO,YES,NO,NO,NOT_SURE,YES,NO,NO,81,CRITICAL,53,97,83,100,94,89,79,6,73,100,FRIENDS,NOT_SURE,FRIENDS,SOMETIMES,YES,YES,YES,YES,YES,NOT_SURE,YES,YES,YES,SOMETIMES,NOT_SURE,YES,YES,PUBLIC,YES,YES,YES,YES,YES,NO,NOT_SURE,NOT_SURE,NO,YES,YES,NO,NOT_SURE,NOT_SURE,NO,SOMETIMES,NOT_SURE,NOT_SURE,YES,YES,YES,SOMETIMES,YES,YES,SOMETIMES,NOT_SURE,YES,SOMETIMES,NO,YES,NO,NO,NO
SYN-0978,NOT_SURE,NOT_SURE,YES,NOT_SURE,YES,NOT_SURE,YES,YES,NOT_SURE,YES,SOMETIMES,NOT_SURE,YES,NOT_SURE,SOMETIMES,NO,NOT_SURE,NOT_SURE,NOT_SURE,NOT_SURE,63,HIGH,63,71,72,69,61,23,59,64,53,83,NOT_SURE,SOMETIMES,NOT_SURE,NOT_SURE,NOT_SURE,YES,NOT_SURE,NOT_SURE,NOT_SURE,YES,YES,NOT_SURE,YES,SOMETIMES,YES,SOMETIMES,NOT_SURE,NOT_SURE,NOT_SURE,NOT_SURE,YES,NOT_SURE,NOT_SURE,NOT_SURE,NOT_SURE,SOMETIMES,YES,NO,NOT_SURE,SOMETIMES,NOT_SURE,NOT_SURE,NO,SOMETIMES,NOT_SURE,YES,NOT_SURE,NOT_SURE,SOMETIMES,NOT_SURE,NOT_SURE,NOT_SURE,NOT_SURE,NO,YES,SOMETIMES,NOT_SURE,YES,NO,NOT_SURE,NO
SYN-0979,PUBLIC,NOT_SURE,NOT_SURE,NOT_SURE,NOT_SURE,YES,NOT_SURE,YES,FRIENDS,NOT_SURE,NOT_SURE,SOMETIMES,NO,NO,NOT_SURE,SOMETIMES,SOMETIMES,SOMETIMES,NOT_SURE,SOMETIMES,61,HIGH,77,69,57,54,37,76,56,100,55,50,PUBLIC,NOT_SURE,NOT_SURE,SOMETIMES,NOT_SURE,NOT_SURE,NOT_SURE,NOT_SURE,YES,NOT_SURE,YES,SOMETIMES,NOT_SURE,NOT_SURE,NOT_SURE,NOT_SURE,SOMETIMES,FRIENDS,SOMETIMES,NOT_SURE,NOT_SURE,SOMETIMES,NO,SOMETIMES,NOT_SURE,NOT_SURE,NO,SOMETIMES,NOT_SURE,NOT_SURE,SOMETIMES,YES,SOMETIMES,SOMETIMES,NO,SOMETIMES,NO,NO,NO,YES,NOT_SURE,SOMETIMES,SOMETIMES,SOMETIMES,NOT_SURE,NOT_SURE,NOT_SURE,NOT_SURE,SOMETIMES,SOMETIMES,YES
SYN-0980,PUBLIC,NOT_SURE,NOT_SURE,YES,YES,NOT_SURE,NOT_SURE,NOT_SURE,NOT_SURE,YES,NOT_SURE,YES,SOMETIMES,NO,NOT_SURE,NO,NOT_SURE,NOT_SURE,SOMETIMES,NOT_SURE,72,CRITICAL,74,66,85,74,86,53,66,88,63,60,PUBLIC,NOT_SURE,FRIENDS,SOMETIMES,NOT_SURE,NOT_SURE,YES,NOT_SURE,NOT_SURE,NOT_SURE,NOT_SURE,NOT_SURE,YES,YES,YES,NOT_SURE,YES,NOT_SURE,NOT_SURE,YES,NOT_SURE,YES,YES,SOMETIMES,SOMETIMES,SOMETIMES,SOMETIMES,NOT_SURE,NOT_SURE,NOT_SURE,NOT_SURE,NO,NO,SOMETIMES,SOMETIMES,YES,NO,NOT_SURE,NO,NOT_SURE,NOT_SURE,NOT_SURE,YES,NOT_SURE,NOT_SURE,YES,SOMETIMES,NOT_SURE,NOT_SURE,NOT_SURE,SOMETIMES
SYN-0981,FRIENDS,NO,YES,NOT_SURE,NOT_SURE,YES,NOT_SURE,YES,PUBLIC,YES,NO,YES,NO,SOMETIMES,NO,NOT_SURE,YES,SOMETIMES,NOT_SURE,NOT_SURE,72,CRITICAL,54,61,57,90,87,89,88,69,67,61,FRIENDS,SOMETIMES,NOT_SURE,NOT_SURE,NO,YES,NOT_SURE,NOT_SURE,YES,NOT_SURE,YES,NOT_SURE,YES,NOT_SURE,NOT_SURE,NO,NOT_SURE,PUBLIC,YES,NOT_SURE,YES,YES,YES,SOMETIMES,NOT_SURE,NOT_SURE,NO,YES,YES,NO,YES,NO,NOT_SURE,NOT_SURE,NOT_SURE,NOT_SURE,SOMETIMES,SOMETIMES,NO,YES,YES,SOMETIMES,NOT_SURE,YES,SOMETIMES,SOMETIMES,NOT_SURE,SOMETIMES,SOMETIMES,NOT_SURE,SOMETIMES
SYN-0982,PRIVATE,NO,NO,NO,NO,NO,NO,NO,NOT_SURE,NO,NOT_SURE,SOMETIMES,SOMETIMES,YES,SOMETIMES,YES,NO,SOMETIMES,YES,SOMETIMES,19,LOW,17,0,9,34,21,21,26,0,37,29,PRIVATE,NOT_SURE,PRIVATE,NO,NO,NO,NO,NO,NO,NO,NO,NO,NO,NO,NO,NOT_SURE,NO,NOT_SURE,NO,NO,NOT_SURE,SOMETIMES,NO,YES,NO,NO,SOMETIMES,NO,NO,SOMETIMES,NO,YES,YES,SOMETIMES,NOT_SURE,YES,YES,YES,YES,NO,NOT_SURE,SOMETIMES,SOMETIMES,NO,SOMETIMES,YES,YES,SOMETIMES,YES,SOMETIMES,SOMETIMES
SYN-0983,PRIVATE,NO,NO,NOT_SURE,YES,NOT_SURE,NO,NOT_SURE,FRIENDS,SOMETIMES,SOMETIMES,NO,YES,SOMETIMES,YES,SOMETIMES,NO,NO,NOT_SURE,SOMETIMES,36,MODERATE,7,43,56,51,31,9,13,51,44,63,PRIVATE,NO,FRIENDS,NO,NO,NO,NOT_SURE,YES,NOT_SURE,NO,NOT_SURE,NOT_SURE,SOMETIMES,NO,YES,SOMETIMES,SOMETIMES,FRIENDS,SOMETIMES,SOMETIMES,NOT_SURE,NO,NOT_SURE,SOMETIMES,SOMETIMES,NO,YES,NOT_SURE,NO,YES,NO,YES,SOMETIMES,SOMETIMES,YES,YES,SOMETIMES,SOMETIMES,SOMETIMES,NOT_SURE,NOT_SURE,NO,NOT_SURE,SOMETIMES,SOMETIMES,SOMETIMES,NOT_SURE,NOT_SURE,NOT_SURE,SOMETIMES,NOT_SURE
SYN-0984,PRIVATE,NO,NO,NO,NOT_SURE,NO,NO,NO,PRIVATE,NOT_SURE,NOT_SURE,SOMETIMES,SOMETIMES,YES,YES,YES,NOT_SURE,NO,YES,YES,19,LOW,7,0,55,13,31,29,17,13,7,7,PRIVATE,NO,FRIENDS,NO,NO,NO,NO,NO,NO,NO,NO,SOMETIMES,NOT_SURE,SOMETIMES,NOT_SURE,NOT_SURE,SOMETIMES,PRIVATE,NO,SOMETIMES,NO,SOMETIMES,NO,NOT_SURE,NO,NO,SOMETIMES,SOMETIMES,NO,YES,NOT_SURE,SOMETIMES,YES,YES,YES,YES,YES,YES,SOMETIMES,NO,NO,NO,NO,SOMETIMES,NO,YES,YES,NO,YES,YES,SOMETIMES
SYN-0985,PUBLIC,YES,NOT_SURE,YES,YES,YES,NOT_SURE,YES,PUBLIC,SOMETIMES,YES,YES,SOMETIMES,NO,NOT_SURE,SOMETIMES,YES,YES,NO,NO,85,CRITICAL,100,91,88,78,89,51,80,93,80,90,PUBLIC,YES,PUBLIC,YES,YES,NOT_SURE,YES,YES,YES,NOT_SURE,YES,YES,SOMETIMES,YES,YES,YES,SOMETIMES,PUBLIC,NOT_SURE,SOMETIMES,YES,YES,NOT_SURE,NO,YES,SOMETIMES,SOMETIMES,SOMETIMES,NOT_SURE,NOT_SURE,YES,NO,SOMETIMES,NOT_SURE,NO,NO,NO,NO,NOT_SURE,YES,NOT_SURE,YES,NOT_SURE,YES,NOT_SURE,NO,NO,NOT_SURE,NO,NO,NOT_SURE
SYN-0986,PRIVATE,NOT_SURE,NOT_SURE,NO,NO,NO,NO,NO,PRIVATE,NO,SOMETIMES,NOT_SURE,SOMETIMES,YES,SOMETIMES,YES,SOMETIMES,NO,NOT_SURE,NOT_SURE,35,MODERATE,39,34,34,8,59,37,46,13,23,63,PRIVATE,SOMETIMES,NOT_SURE,YES,NOT_SURE,NOT_SURE,NO,NOT_SURE,NO,NO,NO,NOT_SURE,NO,SOMETIMES,NO,SOMETIMES,NOT_SURE,PRIVATE,NO,NO,NOT_SURE,NOT_SURE,NOT_SURE,SOMETIMES,NOT_SURE,NO,SOMETIMES,SOMETIMES,NOT_SURE,SOMETIMES,SOMETIMES,SOMETIMES,YES,SOMETIMES,NOT_SURE,NOT_SURE,YES,SOMETIMES,YES,NO,NO,NO,SOMETIMES,NOT_SURE,NO,YES,NOT_SURE,NOT_SURE,SOMETIMES,NOT_SURE,SOMETIMES
SYN-0987,PRIVATE,NO,NOT_SURE,NOT_SURE,NOT_SURE,YES,NOT_SURE,NOT_SURE,PRIVATE,SOMETIMES,YES,NO,YES,YES,SOMETIMES,NOT_SURE,SOMETIMES,NOT_SURE,YES,YES,34,MODERATE,7,40,62,20,24,16,55,19,30,7,PRIVATE,NO,FRIENDS,NO,NO,NOT_SURE,NOT_SURE,NO,YES,NOT_SURE,NOT_SURE,SOMETIMES,SOMETIMES,NOT_SURE,NOT_SURE,YES,NOT_SURE,PRIVATE,SOMETIMES,NO,NOT_SURE,NO,NOT_SURE,YES,SOMETIMES,NO,YES,SOMETIMES,NOT_SURE,SOMETIMES,SOMETIMES,SOMETIMES,NOT_SURE,NO,YES,SOMETIMES,YES,SOMETIMES,YES,SOMETIMES,NO,NOT_SURE,NOT_SURE,NO,NO,YES,YES,NO,YES,YES,SOMETIMES
SYN-0988,PUBLIC,NO,NOT_SURE,YES,NOT_SURE,NO,NOT_SURE,YES,FRIENDS,SOMETIMES,YES,NO,NO,NOT_SURE,SOMETIMES,NOT_SURE,NOT_SURE,NOT_SURE,YES,SOMETIMES,64,HIGH,76,56,62,63,43,100,62,63,88,37,PUBLIC,NOT_SURE,FRIENDS,NOT_SURE,NO,NOT_SURE,YES,YES,NO,NOT_SURE,YES,NOT_SURE,SOMETIMES,SOMETIMES,NOT_SURE,YES,SOMETIMES,FRIENDS,SOMETIMES,YES,SOMETIMES,NO,YES,SOMETIMES,SOMETIMES,YES,NO,YES,YES,SOMETIMES,NOT_SURE,NOT_SURE,NOT_SURE,SOMETIMES,NO,NOT_SURE,NOT_SURE,NOT_SURE,SOMETIMES,SOMETIMES,YES,NOT_SURE,YES,YES,SOMETIMES,NO,YES,NOT_SURE,SOMETIMES,SOMETIMES,SOMETIMES
SYN-0989,NOT_SURE,NOT_SURE,NOT_SURE,YES,NO,NOT_SURE,NOT_SURE,NOT_SURE,FRIENDS,NOT_SURE,NOT_SURE,NOT_SURE,YES,SOMETIMES,SOMETIMES,SOMETIMES,NOT_SURE,SOMETIMES,SOMETIMES,NOT_SURE,51,HIGH,54,66,47,49,59,16,57,26,49,49,NOT_SURE,NOT_SURE,PRIVATE,SOMETIMES,NOT_SURE,NOT_SURE,YES,NOT_SURE,NOT_SURE,NOT_SURE,NOT_SURE,SOMETIMES,NOT_SURE,NOT_SURE,NO,NOT_SURE,YES,FRIENDS,NOT_SURE,NOT_SURE,NO,NOT_SURE,NOT_SURE,SOMETIMES,NOT_SURE,NO,YES,SOMETIMES,NOT_SURE,SOMETIMES,NOT_SURE,NOT_SURE,SOMETIMES,NO,NOT_SURE,YES,SOMETIMES,YES,YES,NOT_SURE,NOT_SURE,SOMETIMES,SOMETIMES,NOT_SURE,NO,SOMETIMES,SOMETIMES,SOMETIMES,YES,NOT_SURE,SOMETIMES
SYN-0990,FRIENDS,NOT_SURE,NO,NO,NOT_SURE,NOT_SURE,NO,NOT_SURE,PRIVATE,SOMETIMES,SOMETIMES,SOMETIMES,SOMETIMES,NO,NOT_SURE,SOMETIMES,NO,NOT_SURE,SOMETIMES,NO,46,HIGH,67,26,45,6,53,50,49,80,55,74,FRIENDS,YES,NOT_SURE,SOMETIMES,NOT_SURE,NO,NO,NO,NOT_SURE,NO,NOT_SURE,SOMETIMES,SOMETIMES,NO,NOT_SURE,SOMETIMES,SOMETIMES,PRIVATE,NO,NO,SOMETIMES,SOMETIMES,NOT_SURE,SOMETIMES,SOMETIMES,SOMETIMES,SOMETIMES,SOMETIMES,SOMETIMES,NOT_SURE,NO,NOT_SURE,SOMETIMES,NOT_SURE,SOMETIMES,SOMETIMES,NO,NOT_SURE,NOT_SURE,NOT_SURE,SOMETIMES,NOT_SURE,NOT_SURE,SOMETIMES,SOMETIMES,SOMETIMES,SOMETIMES,YES,SOMETIMES,NO,NOT_SURE
SYN-0991,FRIENDS,NOT_SURE,NOT_SURE,YES,NOT_SURE,NO,NOT_SURE,NOT_SURE,NOT_SURE,SOMETIMES,NOT_SURE,NOT_SURE,NOT_SURE,SOMETIMES,YES,NO,SOMETIMES,NOT_SURE,SOMETIMES,SOMETIMES,55,HIGH,53,57,54,63,57,53,50,26,67,51,FRIENDS,SOMETIMES,NOT_SURE,SOMETIMES,NOT_SURE,NOT_SURE,YES,NOT_SURE,NO,NOT_SURE,NOT_SURE,SOMETIMES,SOMETIMES,SOMETIMES,NOT_SURE,NOT_SURE,SOMETIMES,NOT_SURE,NOT_SURE,NOT_SURE,SOMETIMES,NOT_SURE,NOT_SURE,SOMETIMES,SOMETIMES,SOMETIMES,NOT_SURE,NO,NOT_SURE,YES,SOMETIMES,SOMETIMES,NO,NOT_SURE,NO,NOT_SURE,SOMETIMES,YES,YES,NOT_SURE,YES,NOT_SURE,NOT_SURE,NOT_SURE,NOT_SURE,NOT_SURE,SOMETIMES,NOT_SURE,SOMETIMES,SOMETIMES,SOMETIMES
SYN-0992,NOT_SURE,YES,NOT_SURE,NOT_SURE,YES,NOT_SURE,YES,YES,FRIENDS,YES,YES,YES,SOMETIMES,NOT_SURE,NOT_SURE,SOMETIMES,NOT_SURE,YES,SOMETIMES,NO,80,CRITICAL,67,83,100,59,96,54,69,81,96,73,NOT_SURE,SOMETIMES,PUBLIC,NOT_SURE,YES,NOT_SURE,NOT_SURE,YES,NOT_SURE,YES,YES,YES,YES,YES,YES,YES,YES,FRIENDS,SOMETIMES,NOT_SURE,YES,YES,YES,NOT_SURE,YES,NOT_SURE,SOMETIMES,SOMETIMES,NOT_SURE,NOT_SURE,NOT_SURE,NO,SOMETIMES,NOT_SURE,NOT_SURE,NO,NOT_SURE,NO,NOT_SURE,YES,YES,YES,YES,YES,YES,NOT_SURE,SOMETIMES,NOT_SURE,NO,NO,SOMETIMES
SYN-0993,PRIVATE,NOT_SURE,NOT_SURE,NO,NOT_SURE,NO,NO,NO,PRIVATE,NO,NO,NO,SOMETIMES,YES,YES,SOMETIMES,NOT_SURE,NOT_SURE,SOMETIMES,SOMETIMES,28,MODERATE,29,21,29,28,7,47,28,0,59,43,PRIVATE,SOMETIMES,FRIENDS,SOMETIMES,NOT_SURE,NOT_SURE,NO,NO,NO,NO,NO,SOMETIMES,NO,NO,NOT_SURE,NO,SOMETIMES,PRIVATE,NOT_SURE,SOMETIMES,NO,NO,NO,YES,SOMETIMES,NOT_SURE,SOMETIMES,NOT_SURE,NO,YES,NOT_SURE,SOMETIMES,SOMETIMES,YES,YES,SOMETIMES,YES,YES,YES,NO,YES,NOT_SURE,SOMETIMES,SOMETIMES,NO,NOT_SURE,SOMETIMES,SOMETIMES,SOMETIMES,SOMETIMES,YES
SYN-0994,FRIENDS,NO,NO,NO,NOT_SURE,NOT_SURE,NO,NO,PRIVATE,YES,NOT_SURE,SOMETIMES,SOMETIMES,NO,YES,YES,NO,NO,SOMETIMES,YES,37,MODERATE,60,21,65,31,53,39,5,50,25,36,FRIENDS,SOMETIMES,NOT_SURE,YES,NO,NO,NO,NOT_SURE,NOT_SURE,NO,NO,NOT_SURE,YES,NOT_SURE,NOT_SURE,NOT_SURE,SOMETIMES,PRIVATE,SOMETIMES,SOMETIMES,SOMETIMES,SOMETIMES,NOT_SURE,SOMETIMES,SOMETIMES,NOT_SURE,SOMETIMES,NO,NO,YES,NO,NOT_SURE,YES,YES,YES,YES,NO,SOMETIMES,YES,NO,SOMETIMES,NO,NO,SOMETIMES,SOMETIMES,SOMETIMES,SOMETIMES,SOMETIMES,SOMETIMES,YES,SOMETIMES
SYN-0995,PRIVATE,NOT_SURE,NOT_SURE,NOT_SURE,NO,NO,NOT_SURE,NO,PRIVATE,SOMETIMES,NOT_SURE,SOMETIMES,NOT_SURE,SOMETIMES,SOMETIMES,YES,SOMETIMES,NO,NOT_SURE,NOT_SURE,34,MODERATE,16,47,42,6,30,54,31,55,33,47,PRIVATE,NO,FRIENDS,NOT_SURE,NOT_SURE,NOT_SURE,NOT_SURE,NOT_SURE,NO,NOT_SURE,NO,SOMETIMES,SOMETIMES,NOT_SURE,NO,NOT_SURE,NOT_SURE,PRIVATE,NO,NO,SOMETIMES,SOMETIMES,NO,YES,NOT_SURE,NOT_SURE,NOT_SURE,SOMETIMES,NO,SOMETIMES,SOMETIMES,YES,YES,YES,YES,NOT_SURE,SOMETIMES,NOT_SURE,SOMETIMES,SOMETIMES,NO,NO,NOT_SURE,NOT_SURE,NO,SOMETIMES,NOT_SURE,NO,YES,NOT_SURE,SOMETIMES
SYN-0996,PRIVATE,NO,NOT_SURE,NO,NO,NOT_SURE,NOT_SURE,NOT_SURE,PRIVATE,SOMETIMES,NO,NO,YES,YES,SOMETIMES,NO,NO,NOT_SURE,SOMETIMES,YES,20,LOW,16,39,17,13,7,0,30,0,24,29,PRIVATE,NO,FRIENDS,NOT_SURE,NO,NOT_SURE,NO,NOT_SURE,NOT_SURE,NOT_SURE,NOT_SURE,NO,SOMETIMES,NOT_SURE,NO,NO,NO,PRIVATE,SOMETIMES,NO,NO,NO,NO,YES,SOMETIMES,NO,YES,NO,NO,SOMETIMES,NO,YES,NO,YES,YES,YES,YES,YES,YES,NO,NO,NOT_SURE,NO,SOMETIMES,SOMETIMES,YES,SOMETIMES,SOMETIMES,YES,YES,SOMETIMES
SYN-0997,NOT_SURE,YES,NO,NOT_SURE,NOT_SURE,NOT_SURE,NO,NOT_SURE,PUBLIC,NOT_SURE,SOMETIMES,NOT_SURE,NOT_SURE,SOMETIMES,SOMETIMES,NOT_SURE,NOT_SURE,NOT_SURE,NOT_SURE,SOMETIMES,58,HIGH,61,43,62,75,60,64,59,49,54,56,NOT_SURE,SOMETIMES,NOT_SURE,SOMETIMES,YES,NO,NOT_SURE,NO,NOT_SURE,NO,NOT_SURE,YES,NOT_SURE,NO,NOT_SURE,SOMETIMES,YES,PUBLIC,NOT_SURE,NOT_SURE,NOT_SURE,NOT_SURE,NOT_SURE,NOT_SURE,SOMETIMES,NOT_SURE,NOT_SURE,NOT_SURE,NOT_SURE,SOMETIMES,NOT_SURE,SOMETIMES,NOT_SURE,NOT_SURE,SOMETIMES,NOT_SURE,SOMETIMES,NOT_SURE,SOMETIMES,NO,SOMETIMES,NOT_SURE,SOMETIMES,NOT_SURE,NOT_SURE,SOMETIMES,NOT_SURE,SOMETIMES,NO,SOMETIMES,YES
SYN-0998,PRIVATE,YES,NO,NOT_SURE,NO,NOT_SURE,NO,NOT_SURE,FRIENDS,SOMETIMES,NO,NO,SOMETIMES,SOMETIMES,NOT_SURE,NOT_SURE,NO,SOMETIMES,SOMETIMES,SOMETIMES,32,MODERATE,30,56,15,34,7,54,35,38,15,50,PRIVATE,SOMETIMES,FRIENDS,NOT_SURE,YES,NO,NOT_SURE,NOT_SURE,NOT_SURE,NO,NOT_SURE,NO,SOMETIMES,SOMETIMES,NO,NO,NO,FRIENDS,NOT_SURE,NO,NO,NO,NO,SOMETIMES,NO,NOT_SURE,SOMETIMES,NOT_SURE,SOMETIMES,NOT_SURE,NO,YES,NOT_SURE,YES,SOMETIMES,YES,SOMETIMES,YES,SOMETIMES,SOMETIMES,NO,SOMETIMES,NO,NO,NOT_SURE,YES,SOMETIMES,YES,SOMETIMES,SOMETIMES,YES
SYN-0999,NOT_SURE,NOT_SURE,YES,NOT_SURE,NOT_SURE,NOT_SURE,YES,NO,PUBLIC,YES,YES,YES,SOMETIMES,SOMETIMES,NO,NOT_SURE,YES,NOT_SURE,NO,NO,82,CRITICAL,83,64,88,90,96,51,90,75,81,89,NOT_SURE,YES,NOT_SURE,YES,NOT_SURE,YES,NOT_SURE,NOT_SURE,NOT_SURE,YES,NO,YES,YES,YES,NOT_SURE,YES,NOT_SURE,PUBLIC,YES,NOT_SURE,YES,YES,YES,NOT_SURE,YES,SOMETIMES,SOMETIMES,SOMETIMES,NOT_SURE,NO,YES,NO,NOT_SURE,NOT_SURE,NO,NOT_SURE,SOMETIMES,NO,NO,SOMETIMES,SOMETIMES,NOT_SURE,YES,YES,SOMETIMES,NO,NO,SOMETIMES,NOT_SURE,NO,NO
SYN-1000,NOT_SURE,NOT_SURE,YES,NOT_SURE,NOT_SURE,YES,NOT_SURE,YES,PUBLIC,YES,NOT_SURE,SOMETIMES,NO,SOMETIMES,NO,NO,YES,SOMETIMES,NO,NOT_SURE,86,CRITICAL,87,83,85,100,71,100,93,74,84,77,NOT_SURE,YES,PUBLIC,YES,NOT_SURE,YES,NOT_SURE,YES,YES,NOT_SURE,YES,YES,YES,YES,NOT_SURE,NOT_SURE,YES,PUBLIC,YES,YES,YES,SOMETIMES,YES,NO,SOMETIMES,YES,NO,YES,YES,NO,YES,NOT_SURE,NO,NO,NOT_SURE,NOT_SURE,SOMETIMES,NOT_SURE,NO,YES,YES,SOMETIMES,YES,NOT_SURE,YES,NO,NO,NOT_SURE,NOT_SURE,NOT_SURE,NOT_SURE
